ISO-10303-21;
HEADER;
/* Generated by software containing ST-Developer
 * from STEP Tools, Inc. (www.steptools.com) 
 */

FILE_DESCRIPTION(
/* description */ (''),
/* implementation_level */ '2;1');

FILE_NAME(
/* name */ 'frame.step',
/* time_stamp */ '2026-07-29T19:02:14-06:00',
/* author */ (''),
/* organization */ (''),
/* preprocessor_version */ 'ST-DEVELOPER v20.1',
/* originating_system */ 'Autodesk Translation Framework v15.8.0.0',
/* authorisation */ '');

FILE_SCHEMA (('AUTOMOTIVE_DESIGN { 1 0 10303 214 3 1 1 }'));
ENDSEC;

DATA;
#10=MECHANICAL_DESIGN_GEOMETRIC_PRESENTATION_REPRESENTATION('',(#13),#6105);
#11=SHAPE_REPRESENTATION_RELATIONSHIP('SRR','None',#6111,#12);
#12=ADVANCED_BREP_SHAPE_REPRESENTATION('',(#14),#6104);
#13=STYLED_ITEM('',(#6120),#14);
#14=MANIFOLD_SOLID_BREP('Body6',#3813);
#15=CYLINDRICAL_SURFACE('',#3904,0.750000000000002);
#16=CYLINDRICAL_SURFACE('',#3906,1.49999999999999);
#17=CYLINDRICAL_SURFACE('',#3908,0.750000000000002);
#18=CYLINDRICAL_SURFACE('',#3910,1.5);
#19=CYLINDRICAL_SURFACE('',#3915,0.900000000000001);
#20=CYLINDRICAL_SURFACE('',#3917,0.750000000000002);
#21=CYLINDRICAL_SURFACE('',#3919,0.750000000000002);
#22=CYLINDRICAL_SURFACE('',#3921,0.75);
#23=CYLINDRICAL_SURFACE('',#3926,0.750000000000002);
#24=CYLINDRICAL_SURFACE('',#3928,0.899999999999999);
#25=CYLINDRICAL_SURFACE('',#3933,0.749999999999997);
#26=CYLINDRICAL_SURFACE('',#3939,1.5);
#27=CYLINDRICAL_SURFACE('',#3948,0.750000000000002);
#28=CYLINDRICAL_SURFACE('',#3950,0.750000000000002);
#29=CYLINDRICAL_SURFACE('',#3952,0.750000000000002);
#30=CYLINDRICAL_SURFACE('',#3954,0.900000000000001);
#31=CYLINDRICAL_SURFACE('',#3956,0.899999999999999);
#32=CYLINDRICAL_SURFACE('',#3958,0.75);
#33=CYLINDRICAL_SURFACE('',#3964,1.5);
#34=CYLINDRICAL_SURFACE('',#3966,0.750000000000002);
#35=CYLINDRICAL_SURFACE('',#3987,0.900000000000001);
#36=CYLINDRICAL_SURFACE('',#3988,0.900000000000001);
#37=CYLINDRICAL_SURFACE('',#3989,0.899999999999999);
#38=CYLINDRICAL_SURFACE('',#3990,0.899999999999999);
#39=CYLINDRICAL_SURFACE('',#4023,15.);
#40=CYLINDRICAL_SURFACE('',#4025,17.);
#41=CYLINDRICAL_SURFACE('',#4026,1.1);
#42=CYLINDRICAL_SURFACE('',#4027,17.);
#43=CYLINDRICAL_SURFACE('',#4029,1.);
#44=CYLINDRICAL_SURFACE('',#4030,15.);
#45=CYLINDRICAL_SURFACE('',#4031,1.1);
#46=CYLINDRICAL_SURFACE('',#4032,1.1);
#47=CYLINDRICAL_SURFACE('',#4037,2.25);
#48=CYLINDRICAL_SURFACE('',#4049,15.);
#49=CYLINDRICAL_SURFACE('',#4051,17.);
#50=CYLINDRICAL_SURFACE('',#4052,1.1);
#51=CYLINDRICAL_SURFACE('',#4053,17.);
#52=CYLINDRICAL_SURFACE('',#4055,1.);
#53=CYLINDRICAL_SURFACE('',#4056,15.);
#54=CYLINDRICAL_SURFACE('',#4057,1.1);
#55=CYLINDRICAL_SURFACE('',#4058,1.1);
#56=CYLINDRICAL_SURFACE('',#4063,2.25);
#57=CIRCLE('',#3834,0.750000000000002);
#58=CIRCLE('',#3835,0.750000000000002);
#59=CIRCLE('',#3836,1.5);
#60=CIRCLE('',#3837,0.900000000000001);
#61=CIRCLE('',#3838,0.750000000000002);
#62=CIRCLE('',#3839,0.750000000000002);
#63=CIRCLE('',#3840,0.750000000000002);
#64=CIRCLE('',#3841,0.899999999999999);
#65=CIRCLE('',#3842,1.5);
#66=CIRCLE('',#3843,0.750000000000002);
#67=CIRCLE('',#3844,0.750000000000002);
#68=CIRCLE('',#3845,0.750000000000002);
#69=CIRCLE('',#3846,0.900000000000001);
#70=CIRCLE('',#3847,0.899999999999999);
#71=CIRCLE('',#3848,0.75);
#72=CIRCLE('',#3849,1.5);
#73=CIRCLE('',#3853,0.900000000000001);
#74=CIRCLE('',#3854,0.900000000000001);
#75=CIRCLE('',#3855,0.899999999999999);
#76=CIRCLE('',#3856,0.899999999999999);
#77=CIRCLE('',#3876,0.899999999999999);
#78=CIRCLE('',#3877,0.899999999999999);
#79=CIRCLE('',#3878,0.900000000000001);
#80=CIRCLE('',#3879,0.900000000000001);
#81=CIRCLE('',#3886,0.750000000000002);
#82=CIRCLE('',#3887,0.749999999999997);
#83=CIRCLE('',#3888,0.75);
#84=CIRCLE('',#3889,1.49999999999999);
#85=CIRCLE('',#3905,0.750000000000002);
#86=CIRCLE('',#3907,1.49999999999999);
#87=CIRCLE('',#3909,0.750000000000002);
#88=CIRCLE('',#3911,1.5);
#89=CIRCLE('',#3916,0.900000000000001);
#90=CIRCLE('',#3918,0.750000000000002);
#91=CIRCLE('',#3920,0.750000000000002);
#92=CIRCLE('',#3922,0.75);
#93=CIRCLE('',#3927,0.750000000000002);
#94=CIRCLE('',#3929,0.899999999999999);
#95=CIRCLE('',#3934,0.749999999999997);
#96=CIRCLE('',#3940,1.5);
#97=CIRCLE('',#3949,0.750000000000002);
#98=CIRCLE('',#3951,0.750000000000002);
#99=CIRCLE('',#3953,0.750000000000002);
#100=CIRCLE('',#3955,0.900000000000001);
#101=CIRCLE('',#3957,0.899999999999999);
#102=CIRCLE('',#3959,0.75);
#103=CIRCLE('',#3965,1.5);
#104=CIRCLE('',#3967,0.750000000000002);
#105=CIRCLE('',#3992,2.25);
#106=CIRCLE('',#3993,1.1);
#107=CIRCLE('',#3994,15.);
#108=CIRCLE('',#3995,17.);
#109=CIRCLE('',#3996,1.1);
#110=CIRCLE('',#3997,17.);
#111=CIRCLE('',#3998,1.);
#112=CIRCLE('',#3999,15.);
#113=CIRCLE('',#4000,1.1);
#114=CIRCLE('',#4002,2.25);
#115=CIRCLE('',#4003,1.1);
#116=CIRCLE('',#4004,15.);
#117=CIRCLE('',#4005,1.);
#118=CIRCLE('',#4006,17.);
#119=CIRCLE('',#4007,1.1);
#120=CIRCLE('',#4008,17.);
#121=CIRCLE('',#4009,15.);
#122=CIRCLE('',#4010,1.1);
#123=CIRCLE('',#4014,2.25);
#124=CIRCLE('',#4015,1.1);
#125=CIRCLE('',#4016,1.1);
#126=CIRCLE('',#4017,15.);
#127=CIRCLE('',#4018,1.);
#128=CIRCLE('',#4019,17.);
#129=CIRCLE('',#4020,1.1);
#130=CIRCLE('',#4021,17.);
#131=CIRCLE('',#4022,15.);
#132=CIRCLE('',#4040,2.25);
#133=CIRCLE('',#4041,1.1);
#134=CIRCLE('',#4042,1.1);
#135=CIRCLE('',#4043,15.);
#136=CIRCLE('',#4044,17.);
#137=CIRCLE('',#4045,1.1);
#138=CIRCLE('',#4046,17.);
#139=CIRCLE('',#4047,1.);
#140=CIRCLE('',#4048,15.);
#141=FACE_BOUND('',#398,.T.);
#142=FACE_BOUND('',#399,.T.);
#143=FACE_BOUND('',#400,.T.);
#144=FACE_BOUND('',#401,.T.);
#145=FACE_BOUND('',#402,.T.);
#146=FACE_BOUND('',#403,.T.);
#147=FACE_BOUND('',#404,.T.);
#148=FACE_BOUND('',#405,.T.);
#149=FACE_BOUND('',#406,.T.);
#150=FACE_BOUND('',#407,.T.);
#151=FACE_BOUND('',#408,.T.);
#152=FACE_BOUND('',#409,.T.);
#153=FACE_BOUND('',#410,.T.);
#154=FACE_BOUND('',#411,.T.);
#155=FACE_BOUND('',#412,.T.);
#156=FACE_BOUND('',#413,.T.);
#157=FACE_BOUND('',#414,.T.);
#158=FACE_BOUND('',#415,.T.);
#159=FACE_BOUND('',#419,.T.);
#160=FACE_BOUND('',#420,.T.);
#161=FACE_BOUND('',#421,.T.);
#162=FACE_BOUND('',#422,.T.);
#163=FACE_BOUND('',#423,.T.);
#164=FACE_BOUND('',#443,.T.);
#165=FACE_BOUND('',#444,.T.);
#166=FACE_BOUND('',#445,.T.);
#167=FACE_BOUND('',#446,.T.);
#168=FACE_BOUND('',#447,.T.);
#169=FACE_BOUND('',#448,.T.);
#170=FACE_BOUND('',#455,.T.);
#171=FACE_BOUND('',#456,.T.);
#172=FACE_BOUND('',#457,.T.);
#173=FACE_BOUND('',#458,.T.);
#174=FACE_BOUND('',#536,.T.);
#175=FACE_BOUND('',#537,.T.);
#176=FACE_BOUND('',#538,.T.);
#177=FACE_BOUND('',#539,.T.);
#178=FACE_BOUND('',#540,.T.);
#179=FACE_BOUND('',#541,.T.);
#180=FACE_BOUND('',#542,.T.);
#181=FACE_BOUND('',#543,.T.);
#182=FACE_BOUND('',#544,.T.);
#183=FACE_BOUND('',#545,.T.);
#184=FACE_BOUND('',#546,.T.);
#185=FACE_BOUND('',#547,.T.);
#186=FACE_BOUND('',#548,.T.);
#187=FACE_BOUND('',#549,.T.);
#188=FACE_BOUND('',#550,.T.);
#189=FACE_BOUND('',#551,.T.);
#190=FACE_BOUND('',#552,.T.);
#191=FACE_BOUND('',#553,.T.);
#192=FACE_BOUND('',#554,.T.);
#193=FACE_BOUND('',#555,.T.);
#194=FACE_BOUND('',#556,.T.);
#195=FACE_BOUND('',#557,.T.);
#196=FACE_BOUND('',#558,.T.);
#197=FACE_BOUND('',#559,.T.);
#198=FACE_BOUND('',#560,.T.);
#199=FACE_BOUND('',#561,.T.);
#200=FACE_BOUND('',#562,.T.);
#201=FACE_BOUND('',#563,.T.);
#202=FACE_BOUND('',#564,.T.);
#203=FACE_BOUND('',#570,.T.);
#204=FACE_BOUND('',#571,.T.);
#205=FACE_BOUND('',#573,.T.);
#206=FACE_BOUND('',#574,.T.);
#207=FACE_BOUND('',#578,.T.);
#208=FACE_BOUND('',#579,.T.);
#209=FACE_BOUND('',#597,.T.);
#210=FACE_BOUND('',#598,.T.);
#211=FACE_OUTER_BOUND('',#379,.T.);
#212=FACE_OUTER_BOUND('',#380,.T.);
#213=FACE_OUTER_BOUND('',#381,.T.);
#214=FACE_OUTER_BOUND('',#382,.T.);
#215=FACE_OUTER_BOUND('',#383,.T.);
#216=FACE_OUTER_BOUND('',#384,.T.);
#217=FACE_OUTER_BOUND('',#385,.T.);
#218=FACE_OUTER_BOUND('',#386,.T.);
#219=FACE_OUTER_BOUND('',#387,.T.);
#220=FACE_OUTER_BOUND('',#388,.T.);
#221=FACE_OUTER_BOUND('',#389,.T.);
#222=FACE_OUTER_BOUND('',#390,.T.);
#223=FACE_OUTER_BOUND('',#391,.T.);
#224=FACE_OUTER_BOUND('',#392,.T.);
#225=FACE_OUTER_BOUND('',#393,.T.);
#226=FACE_OUTER_BOUND('',#394,.T.);
#227=FACE_OUTER_BOUND('',#395,.T.);
#228=FACE_OUTER_BOUND('',#396,.T.);
#229=FACE_OUTER_BOUND('',#397,.T.);
#230=FACE_OUTER_BOUND('',#416,.T.);
#231=FACE_OUTER_BOUND('',#417,.T.);
#232=FACE_OUTER_BOUND('',#418,.T.);
#233=FACE_OUTER_BOUND('',#424,.T.);
#234=FACE_OUTER_BOUND('',#425,.T.);
#235=FACE_OUTER_BOUND('',#426,.T.);
#236=FACE_OUTER_BOUND('',#427,.T.);
#237=FACE_OUTER_BOUND('',#428,.T.);
#238=FACE_OUTER_BOUND('',#429,.T.);
#239=FACE_OUTER_BOUND('',#430,.T.);
#240=FACE_OUTER_BOUND('',#431,.T.);
#241=FACE_OUTER_BOUND('',#432,.T.);
#242=FACE_OUTER_BOUND('',#433,.T.);
#243=FACE_OUTER_BOUND('',#434,.T.);
#244=FACE_OUTER_BOUND('',#435,.T.);
#245=FACE_OUTER_BOUND('',#436,.T.);
#246=FACE_OUTER_BOUND('',#437,.T.);
#247=FACE_OUTER_BOUND('',#438,.T.);
#248=FACE_OUTER_BOUND('',#439,.T.);
#249=FACE_OUTER_BOUND('',#440,.T.);
#250=FACE_OUTER_BOUND('',#441,.T.);
#251=FACE_OUTER_BOUND('',#442,.T.);
#252=FACE_OUTER_BOUND('',#449,.T.);
#253=FACE_OUTER_BOUND('',#450,.T.);
#254=FACE_OUTER_BOUND('',#451,.T.);
#255=FACE_OUTER_BOUND('',#452,.T.);
#256=FACE_OUTER_BOUND('',#453,.T.);
#257=FACE_OUTER_BOUND('',#454,.T.);
#258=FACE_OUTER_BOUND('',#459,.T.);
#259=FACE_OUTER_BOUND('',#460,.T.);
#260=FACE_OUTER_BOUND('',#461,.T.);
#261=FACE_OUTER_BOUND('',#462,.T.);
#262=FACE_OUTER_BOUND('',#463,.T.);
#263=FACE_OUTER_BOUND('',#464,.T.);
#264=FACE_OUTER_BOUND('',#465,.T.);
#265=FACE_OUTER_BOUND('',#466,.T.);
#266=FACE_OUTER_BOUND('',#467,.T.);
#267=FACE_OUTER_BOUND('',#468,.T.);
#268=FACE_OUTER_BOUND('',#469,.T.);
#269=FACE_OUTER_BOUND('',#470,.T.);
#270=FACE_OUTER_BOUND('',#471,.T.);
#271=FACE_OUTER_BOUND('',#472,.T.);
#272=FACE_OUTER_BOUND('',#473,.T.);
#273=FACE_OUTER_BOUND('',#474,.T.);
#274=FACE_OUTER_BOUND('',#475,.T.);
#275=FACE_OUTER_BOUND('',#476,.T.);
#276=FACE_OUTER_BOUND('',#477,.T.);
#277=FACE_OUTER_BOUND('',#478,.T.);
#278=FACE_OUTER_BOUND('',#479,.T.);
#279=FACE_OUTER_BOUND('',#480,.T.);
#280=FACE_OUTER_BOUND('',#481,.T.);
#281=FACE_OUTER_BOUND('',#482,.T.);
#282=FACE_OUTER_BOUND('',#483,.T.);
#283=FACE_OUTER_BOUND('',#484,.T.);
#284=FACE_OUTER_BOUND('',#485,.T.);
#285=FACE_OUTER_BOUND('',#486,.T.);
#286=FACE_OUTER_BOUND('',#487,.T.);
#287=FACE_OUTER_BOUND('',#488,.T.);
#288=FACE_OUTER_BOUND('',#489,.T.);
#289=FACE_OUTER_BOUND('',#490,.T.);
#290=FACE_OUTER_BOUND('',#491,.T.);
#291=FACE_OUTER_BOUND('',#492,.T.);
#292=FACE_OUTER_BOUND('',#493,.T.);
#293=FACE_OUTER_BOUND('',#494,.T.);
#294=FACE_OUTER_BOUND('',#495,.T.);
#295=FACE_OUTER_BOUND('',#496,.T.);
#296=FACE_OUTER_BOUND('',#497,.T.);
#297=FACE_OUTER_BOUND('',#498,.T.);
#298=FACE_OUTER_BOUND('',#499,.T.);
#299=FACE_OUTER_BOUND('',#500,.T.);
#300=FACE_OUTER_BOUND('',#501,.T.);
#301=FACE_OUTER_BOUND('',#502,.T.);
#302=FACE_OUTER_BOUND('',#503,.T.);
#303=FACE_OUTER_BOUND('',#504,.T.);
#304=FACE_OUTER_BOUND('',#505,.T.);
#305=FACE_OUTER_BOUND('',#506,.T.);
#306=FACE_OUTER_BOUND('',#507,.T.);
#307=FACE_OUTER_BOUND('',#508,.T.);
#308=FACE_OUTER_BOUND('',#509,.T.);
#309=FACE_OUTER_BOUND('',#510,.T.);
#310=FACE_OUTER_BOUND('',#511,.T.);
#311=FACE_OUTER_BOUND('',#512,.T.);
#312=FACE_OUTER_BOUND('',#513,.T.);
#313=FACE_OUTER_BOUND('',#514,.T.);
#314=FACE_OUTER_BOUND('',#515,.T.);
#315=FACE_OUTER_BOUND('',#516,.T.);
#316=FACE_OUTER_BOUND('',#517,.T.);
#317=FACE_OUTER_BOUND('',#518,.T.);
#318=FACE_OUTER_BOUND('',#519,.T.);
#319=FACE_OUTER_BOUND('',#520,.T.);
#320=FACE_OUTER_BOUND('',#521,.T.);
#321=FACE_OUTER_BOUND('',#522,.T.);
#322=FACE_OUTER_BOUND('',#523,.T.);
#323=FACE_OUTER_BOUND('',#524,.T.);
#324=FACE_OUTER_BOUND('',#525,.T.);
#325=FACE_OUTER_BOUND('',#526,.T.);
#326=FACE_OUTER_BOUND('',#527,.T.);
#327=FACE_OUTER_BOUND('',#528,.T.);
#328=FACE_OUTER_BOUND('',#529,.T.);
#329=FACE_OUTER_BOUND('',#530,.T.);
#330=FACE_OUTER_BOUND('',#531,.T.);
#331=FACE_OUTER_BOUND('',#532,.T.);
#332=FACE_OUTER_BOUND('',#533,.T.);
#333=FACE_OUTER_BOUND('',#534,.T.);
#334=FACE_OUTER_BOUND('',#535,.T.);
#335=FACE_OUTER_BOUND('',#565,.T.);
#336=FACE_OUTER_BOUND('',#566,.T.);
#337=FACE_OUTER_BOUND('',#567,.T.);
#338=FACE_OUTER_BOUND('',#568,.T.);
#339=FACE_OUTER_BOUND('',#569,.T.);
#340=FACE_OUTER_BOUND('',#572,.T.);
#341=FACE_OUTER_BOUND('',#575,.T.);
#342=FACE_OUTER_BOUND('',#576,.T.);
#343=FACE_OUTER_BOUND('',#577,.T.);
#344=FACE_OUTER_BOUND('',#580,.T.);
#345=FACE_OUTER_BOUND('',#581,.T.);
#346=FACE_OUTER_BOUND('',#582,.T.);
#347=FACE_OUTER_BOUND('',#583,.T.);
#348=FACE_OUTER_BOUND('',#584,.T.);
#349=FACE_OUTER_BOUND('',#585,.T.);
#350=FACE_OUTER_BOUND('',#586,.T.);
#351=FACE_OUTER_BOUND('',#587,.T.);
#352=FACE_OUTER_BOUND('',#588,.T.);
#353=FACE_OUTER_BOUND('',#589,.T.);
#354=FACE_OUTER_BOUND('',#590,.T.);
#355=FACE_OUTER_BOUND('',#591,.T.);
#356=FACE_OUTER_BOUND('',#592,.T.);
#357=FACE_OUTER_BOUND('',#593,.T.);
#358=FACE_OUTER_BOUND('',#594,.T.);
#359=FACE_OUTER_BOUND('',#595,.T.);
#360=FACE_OUTER_BOUND('',#596,.T.);
#361=FACE_OUTER_BOUND('',#599,.T.);
#362=FACE_OUTER_BOUND('',#600,.T.);
#363=FACE_OUTER_BOUND('',#601,.T.);
#364=FACE_OUTER_BOUND('',#602,.T.);
#365=FACE_OUTER_BOUND('',#603,.T.);
#366=FACE_OUTER_BOUND('',#604,.T.);
#367=FACE_OUTER_BOUND('',#605,.T.);
#368=FACE_OUTER_BOUND('',#606,.T.);
#369=FACE_OUTER_BOUND('',#607,.T.);
#370=FACE_OUTER_BOUND('',#608,.T.);
#371=FACE_OUTER_BOUND('',#609,.T.);
#372=FACE_OUTER_BOUND('',#610,.T.);
#373=FACE_OUTER_BOUND('',#611,.T.);
#374=FACE_OUTER_BOUND('',#612,.T.);
#375=FACE_OUTER_BOUND('',#613,.T.);
#376=FACE_OUTER_BOUND('',#614,.T.);
#377=FACE_OUTER_BOUND('',#615,.T.);
#378=FACE_OUTER_BOUND('',#616,.T.);
#379=EDGE_LOOP('',(#2435,#2436,#2437,#2438));
#380=EDGE_LOOP('',(#2439,#2440,#2441,#2442,#2443,#2444,#2445,#2446,#2447,
#2448));
#381=EDGE_LOOP('',(#2449,#2450,#2451,#2452,#2453));
#382=EDGE_LOOP('',(#2454,#2455,#2456,#2457,#2458));
#383=EDGE_LOOP('',(#2459,#2460,#2461));
#384=EDGE_LOOP('',(#2462,#2463,#2464));
#385=EDGE_LOOP('',(#2465,#2466,#2467,#2468));
#386=EDGE_LOOP('',(#2469,#2470,#2471,#2472));
#387=EDGE_LOOP('',(#2473,#2474,#2475,#2476));
#388=EDGE_LOOP('',(#2477,#2478,#2479,#2480));
#389=EDGE_LOOP('',(#2481,#2482,#2483,#2484,#2485));
#390=EDGE_LOOP('',(#2486,#2487,#2488,#2489,#2490));
#391=EDGE_LOOP('',(#2491,#2492,#2493,#2494));
#392=EDGE_LOOP('',(#2495,#2496,#2497,#2498));
#393=EDGE_LOOP('',(#2499,#2500,#2501,#2502));
#394=EDGE_LOOP('',(#2503,#2504,#2505,#2506));
#395=EDGE_LOOP('',(#2507,#2508,#2509,#2510));
#396=EDGE_LOOP('',(#2511,#2512,#2513,#2514,#2515,#2516,#2517,#2518));
#397=EDGE_LOOP('',(#2519,#2520,#2521,#2522,#2523,#2524,#2525,#2526,#2527,
#2528,#2529,#2530,#2531,#2532,#2533,#2534,#2535,#2536,#2537,#2538,#2539,
#2540,#2541,#2542,#2543,#2544,#2545,#2546,#2547,#2548,#2549,#2550,#2551,
#2552,#2553,#2554,#2555,#2556,#2557,#2558,#2559,#2560,#2561,#2562,#2563,
#2564,#2565));
#398=EDGE_LOOP('',(#2566,#2567,#2568,#2569,#2570,#2571,#2572,#2573,#2574,
#2575,#2576,#2577));
#399=EDGE_LOOP('',(#2578));
#400=EDGE_LOOP('',(#2579));
#401=EDGE_LOOP('',(#2580));
#402=EDGE_LOOP('',(#2581));
#403=EDGE_LOOP('',(#2582));
#404=EDGE_LOOP('',(#2583));
#405=EDGE_LOOP('',(#2584));
#406=EDGE_LOOP('',(#2585));
#407=EDGE_LOOP('',(#2586));
#408=EDGE_LOOP('',(#2587));
#409=EDGE_LOOP('',(#2588));
#410=EDGE_LOOP('',(#2589));
#411=EDGE_LOOP('',(#2590));
#412=EDGE_LOOP('',(#2591));
#413=EDGE_LOOP('',(#2592));
#414=EDGE_LOOP('',(#2593));
#415=EDGE_LOOP('',(#2594,#2595,#2596,#2597,#2598,#2599,#2600,#2601,#2602,
#2603,#2604,#2605));
#416=EDGE_LOOP('',(#2606,#2607,#2608));
#417=EDGE_LOOP('',(#2609,#2610,#2611));
#418=EDGE_LOOP('',(#2612,#2613,#2614,#2615,#2616,#2617,#2618,#2619,#2620,
#2621,#2622,#2623,#2624,#2625,#2626,#2627,#2628,#2629,#2630,#2631,#2632,
#2633,#2634,#2635,#2636,#2637,#2638,#2639,#2640,#2641,#2642,#2643));
#419=EDGE_LOOP('',(#2644,#2645,#2646,#2647));
#420=EDGE_LOOP('',(#2648));
#421=EDGE_LOOP('',(#2649));
#422=EDGE_LOOP('',(#2650));
#423=EDGE_LOOP('',(#2651));
#424=EDGE_LOOP('',(#2652,#2653,#2654,#2655));
#425=EDGE_LOOP('',(#2656,#2657,#2658,#2659));
#426=EDGE_LOOP('',(#2660,#2661,#2662,#2663));
#427=EDGE_LOOP('',(#2664,#2665,#2666,#2667));
#428=EDGE_LOOP('',(#2668,#2669,#2670,#2671));
#429=EDGE_LOOP('',(#2672,#2673,#2674,#2675));
#430=EDGE_LOOP('',(#2676,#2677,#2678,#2679));
#431=EDGE_LOOP('',(#2680,#2681,#2682,#2683));
#432=EDGE_LOOP('',(#2684,#2685,#2686,#2687));
#433=EDGE_LOOP('',(#2688,#2689,#2690));
#434=EDGE_LOOP('',(#2691,#2692,#2693));
#435=EDGE_LOOP('',(#2694,#2695,#2696,#2697,#2698,#2699,#2700,#2701,#2702,
#2703,#2704));
#436=EDGE_LOOP('',(#2705,#2706,#2707,#2708,#2709,#2710,#2711,#2712));
#437=EDGE_LOOP('',(#2713,#2714,#2715,#2716,#2717,#2718,#2719,#2720,#2721,
#2722));
#438=EDGE_LOOP('',(#2723,#2724,#2725,#2726,#2727,#2728,#2729,#2730));
#439=EDGE_LOOP('',(#2731,#2732,#2733,#2734));
#440=EDGE_LOOP('',(#2735,#2736,#2737,#2738));
#441=EDGE_LOOP('',(#2739,#2740,#2741,#2742));
#442=EDGE_LOOP('',(#2743,#2744,#2745,#2746,#2747,#2748,#2749,#2750,#2751,
#2752,#2753,#2754,#2755,#2756,#2757,#2758,#2759,#2760,#2761,#2762,#2763,
#2764,#2765,#2766,#2767,#2768,#2769,#2770,#2771,#2772,#2773,#2774));
#443=EDGE_LOOP('',(#2775,#2776,#2777,#2778));
#444=EDGE_LOOP('',(#2779,#2780,#2781,#2782));
#445=EDGE_LOOP('',(#2783));
#446=EDGE_LOOP('',(#2784));
#447=EDGE_LOOP('',(#2785));
#448=EDGE_LOOP('',(#2786));
#449=EDGE_LOOP('',(#2787,#2788,#2789,#2790,#2791,#2792,#2793,#2794,#2795,
#2796));
#450=EDGE_LOOP('',(#2797,#2798,#2799,#2800,#2801,#2802,#2803,#2804,#2805,
#2806,#2807));
#451=EDGE_LOOP('',(#2808,#2809,#2810,#2811));
#452=EDGE_LOOP('',(#2812,#2813,#2814,#2815));
#453=EDGE_LOOP('',(#2816,#2817,#2818,#2819));
#454=EDGE_LOOP('',(#2820,#2821,#2822,#2823,#2824,#2825,#2826,#2827,#2828,
#2829,#2830,#2831,#2832,#2833,#2834,#2835,#2836,#2837,#2838));
#455=EDGE_LOOP('',(#2839));
#456=EDGE_LOOP('',(#2840));
#457=EDGE_LOOP('',(#2841));
#458=EDGE_LOOP('',(#2842));
#459=EDGE_LOOP('',(#2843,#2844,#2845,#2846));
#460=EDGE_LOOP('',(#2847,#2848,#2849,#2850));
#461=EDGE_LOOP('',(#2851,#2852,#2853,#2854));
#462=EDGE_LOOP('',(#2855,#2856,#2857,#2858));
#463=EDGE_LOOP('',(#2859,#2860,#2861,#2862,#2863,#2864,#2865,#2866,#2867,
#2868,#2869));
#464=EDGE_LOOP('',(#2870,#2871,#2872,#2873,#2874,#2875,#2876,#2877));
#465=EDGE_LOOP('',(#2878,#2879,#2880,#2881));
#466=EDGE_LOOP('',(#2882,#2883,#2884,#2885));
#467=EDGE_LOOP('',(#2886,#2887,#2888,#2889));
#468=EDGE_LOOP('',(#2890,#2891,#2892,#2893));
#469=EDGE_LOOP('',(#2894,#2895,#2896,#2897));
#470=EDGE_LOOP('',(#2898,#2899,#2900,#2901));
#471=EDGE_LOOP('',(#2902,#2903,#2904,#2905));
#472=EDGE_LOOP('',(#2906,#2907,#2908,#2909));
#473=EDGE_LOOP('',(#2910,#2911,#2912,#2913));
#474=EDGE_LOOP('',(#2914,#2915,#2916,#2917));
#475=EDGE_LOOP('',(#2918,#2919,#2920,#2921));
#476=EDGE_LOOP('',(#2922,#2923,#2924,#2925));
#477=EDGE_LOOP('',(#2926,#2927,#2928,#2929));
#478=EDGE_LOOP('',(#2930,#2931,#2932,#2933));
#479=EDGE_LOOP('',(#2934,#2935,#2936,#2937));
#480=EDGE_LOOP('',(#2938,#2939,#2940,#2941));
#481=EDGE_LOOP('',(#2942,#2943,#2944,#2945));
#482=EDGE_LOOP('',(#2946,#2947,#2948,#2949));
#483=EDGE_LOOP('',(#2950,#2951,#2952,#2953));
#484=EDGE_LOOP('',(#2954,#2955,#2956,#2957));
#485=EDGE_LOOP('',(#2958,#2959,#2960,#2961));
#486=EDGE_LOOP('',(#2962,#2963,#2964,#2965));
#487=EDGE_LOOP('',(#2966,#2967,#2968,#2969));
#488=EDGE_LOOP('',(#2970,#2971,#2972,#2973));
#489=EDGE_LOOP('',(#2974,#2975,#2976,#2977));
#490=EDGE_LOOP('',(#2978,#2979,#2980,#2981));
#491=EDGE_LOOP('',(#2982,#2983,#2984,#2985));
#492=EDGE_LOOP('',(#2986,#2987,#2988,#2989));
#493=EDGE_LOOP('',(#2990,#2991,#2992,#2993));
#494=EDGE_LOOP('',(#2994,#2995,#2996,#2997,#2998,#2999,#3000,#3001,#3002,
#3003,#3004));
#495=EDGE_LOOP('',(#3005,#3006,#3007,#3008));
#496=EDGE_LOOP('',(#3009,#3010,#3011,#3012));
#497=EDGE_LOOP('',(#3013,#3014,#3015,#3016));
#498=EDGE_LOOP('',(#3017,#3018,#3019,#3020));
#499=EDGE_LOOP('',(#3021,#3022,#3023,#3024));
#500=EDGE_LOOP('',(#3025,#3026,#3027,#3028));
#501=EDGE_LOOP('',(#3029,#3030,#3031,#3032));
#502=EDGE_LOOP('',(#3033,#3034,#3035,#3036,#3037,#3038,#3039,#3040));
#503=EDGE_LOOP('',(#3041,#3042,#3043,#3044));
#504=EDGE_LOOP('',(#3045,#3046,#3047,#3048));
#505=EDGE_LOOP('',(#3049,#3050,#3051,#3052));
#506=EDGE_LOOP('',(#3053,#3054,#3055,#3056));
#507=EDGE_LOOP('',(#3057,#3058,#3059,#3060));
#508=EDGE_LOOP('',(#3061,#3062,#3063,#3064));
#509=EDGE_LOOP('',(#3065,#3066,#3067,#3068));
#510=EDGE_LOOP('',(#3069,#3070,#3071,#3072));
#511=EDGE_LOOP('',(#3073,#3074,#3075,#3076));
#512=EDGE_LOOP('',(#3077,#3078,#3079,#3080));
#513=EDGE_LOOP('',(#3081,#3082,#3083,#3084,#3085,#3086,#3087,#3088));
#514=EDGE_LOOP('',(#3089,#3090,#3091,#3092));
#515=EDGE_LOOP('',(#3093,#3094,#3095,#3096));
#516=EDGE_LOOP('',(#3097,#3098,#3099,#3100));
#517=EDGE_LOOP('',(#3101,#3102,#3103,#3104));
#518=EDGE_LOOP('',(#3105,#3106,#3107,#3108));
#519=EDGE_LOOP('',(#3109,#3110,#3111,#3112,#3113,#3114,#3115,#3116,#3117,
#3118));
#520=EDGE_LOOP('',(#3119,#3120,#3121,#3122));
#521=EDGE_LOOP('',(#3123,#3124,#3125,#3126));
#522=EDGE_LOOP('',(#3127,#3128,#3129,#3130));
#523=EDGE_LOOP('',(#3131,#3132,#3133,#3134));
#524=EDGE_LOOP('',(#3135,#3136,#3137,#3138));
#525=EDGE_LOOP('',(#3139,#3140,#3141,#3142));
#526=EDGE_LOOP('',(#3143,#3144,#3145,#3146));
#527=EDGE_LOOP('',(#3147,#3148,#3149,#3150));
#528=EDGE_LOOP('',(#3151,#3152,#3153,#3154));
#529=EDGE_LOOP('',(#3155,#3156,#3157,#3158));
#530=EDGE_LOOP('',(#3159,#3160,#3161,#3162));
#531=EDGE_LOOP('',(#3163,#3164,#3165,#3166));
#532=EDGE_LOOP('',(#3167,#3168,#3169,#3170,#3171,#3172,#3173,#3174,#3175,
#3176));
#533=EDGE_LOOP('',(#3177,#3178,#3179,#3180,#3181,#3182,#3183,#3184,#3185,
#3186));
#534=EDGE_LOOP('',(#3187,#3188,#3189,#3190));
#535=EDGE_LOOP('',(#3191,#3192,#3193,#3194,#3195,#3196,#3197,#3198,#3199,
#3200,#3201,#3202,#3203,#3204,#3205,#3206));
#536=EDGE_LOOP('',(#3207,#3208,#3209,#3210));
#537=EDGE_LOOP('',(#3211,#3212,#3213,#3214,#3215,#3216,#3217,#3218,#3219,
#3220,#3221,#3222));
#538=EDGE_LOOP('',(#3223));
#539=EDGE_LOOP('',(#3224));
#540=EDGE_LOOP('',(#3225));
#541=EDGE_LOOP('',(#3226));
#542=EDGE_LOOP('',(#3227));
#543=EDGE_LOOP('',(#3228));
#544=EDGE_LOOP('',(#3229));
#545=EDGE_LOOP('',(#3230));
#546=EDGE_LOOP('',(#3231,#3232,#3233,#3234));
#547=EDGE_LOOP('',(#3235));
#548=EDGE_LOOP('',(#3236));
#549=EDGE_LOOP('',(#3237,#3238,#3239,#3240));
#550=EDGE_LOOP('',(#3241));
#551=EDGE_LOOP('',(#3242,#3243,#3244,#3245));
#552=EDGE_LOOP('',(#3246));
#553=EDGE_LOOP('',(#3247,#3248,#3249,#3250));
#554=EDGE_LOOP('',(#3251));
#555=EDGE_LOOP('',(#3252));
#556=EDGE_LOOP('',(#3253));
#557=EDGE_LOOP('',(#3254));
#558=EDGE_LOOP('',(#3255));
#559=EDGE_LOOP('',(#3256));
#560=EDGE_LOOP('',(#3257,#3258,#3259,#3260));
#561=EDGE_LOOP('',(#3261));
#562=EDGE_LOOP('',(#3262));
#563=EDGE_LOOP('',(#3263,#3264,#3265,#3266));
#564=EDGE_LOOP('',(#3267,#3268,#3269,#3270));
#565=EDGE_LOOP('',(#3271,#3272,#3273,#3274));
#566=EDGE_LOOP('',(#3275,#3276,#3277,#3278));
#567=EDGE_LOOP('',(#3279,#3280,#3281,#3282));
#568=EDGE_LOOP('',(#3283,#3284,#3285,#3286));
#569=EDGE_LOOP('',(#3287,#3288,#3289,#3290,#3291,#3292,#3293,#3294,#3295,
#3296));
#570=EDGE_LOOP('',(#3297,#3298,#3299,#3300,#3301,#3302,#3303,#3304,#3305));
#571=EDGE_LOOP('',(#3306));
#572=EDGE_LOOP('',(#3307,#3308,#3309,#3310,#3311,#3312,#3313,#3314,#3315,
#3316));
#573=EDGE_LOOP('',(#3317,#3318,#3319,#3320,#3321,#3322,#3323,#3324,#3325));
#574=EDGE_LOOP('',(#3326));
#575=EDGE_LOOP('',(#3327,#3328,#3329,#3330,#3331,#3332,#3333,#3334));
#576=EDGE_LOOP('',(#3335,#3336,#3337,#3338));
#577=EDGE_LOOP('',(#3339,#3340,#3341,#3342,#3343,#3344,#3345,#3346,#3347,
#3348));
#578=EDGE_LOOP('',(#3349));
#579=EDGE_LOOP('',(#3350,#3351,#3352,#3353,#3354,#3355,#3356,#3357,#3358));
#580=EDGE_LOOP('',(#3359,#3360,#3361,#3362));
#581=EDGE_LOOP('',(#3363,#3364,#3365,#3366));
#582=EDGE_LOOP('',(#3367,#3368,#3369,#3370));
#583=EDGE_LOOP('',(#3371,#3372,#3373,#3374));
#584=EDGE_LOOP('',(#3375,#3376,#3377,#3378));
#585=EDGE_LOOP('',(#3379,#3380,#3381,#3382));
#586=EDGE_LOOP('',(#3383,#3384,#3385,#3386));
#587=EDGE_LOOP('',(#3387,#3388,#3389,#3390));
#588=EDGE_LOOP('',(#3391,#3392,#3393,#3394));
#589=EDGE_LOOP('',(#3395,#3396,#3397,#3398));
#590=EDGE_LOOP('',(#3399,#3400,#3401,#3402));
#591=EDGE_LOOP('',(#3403,#3404,#3405,#3406));
#592=EDGE_LOOP('',(#3407,#3408,#3409,#3410));
#593=EDGE_LOOP('',(#3411,#3412,#3413,#3414));
#594=EDGE_LOOP('',(#3415,#3416,#3417,#3418));
#595=EDGE_LOOP('',(#3419,#3420,#3421,#3422));
#596=EDGE_LOOP('',(#3423,#3424,#3425,#3426,#3427,#3428,#3429,#3430,#3431,
#3432));
#597=EDGE_LOOP('',(#3433));
#598=EDGE_LOOP('',(#3434,#3435,#3436,#3437,#3438,#3439,#3440,#3441,#3442));
#599=EDGE_LOOP('',(#3443,#3444,#3445,#3446));
#600=EDGE_LOOP('',(#3447,#3448,#3449,#3450));
#601=EDGE_LOOP('',(#3451,#3452,#3453,#3454));
#602=EDGE_LOOP('',(#3455,#3456,#3457,#3458));
#603=EDGE_LOOP('',(#3459,#3460,#3461,#3462));
#604=EDGE_LOOP('',(#3463,#3464,#3465,#3466));
#605=EDGE_LOOP('',(#3467,#3468,#3469,#3470));
#606=EDGE_LOOP('',(#3471,#3472,#3473,#3474));
#607=EDGE_LOOP('',(#3475,#3476,#3477,#3478));
#608=EDGE_LOOP('',(#3479,#3480,#3481,#3482));
#609=EDGE_LOOP('',(#3483,#3484,#3485,#3486));
#610=EDGE_LOOP('',(#3487,#3488,#3489,#3490));
#611=EDGE_LOOP('',(#3491,#3492,#3493,#3494));
#612=EDGE_LOOP('',(#3495,#3496,#3497,#3498));
#613=EDGE_LOOP('',(#3499,#3500,#3501,#3502));
#614=EDGE_LOOP('',(#3503,#3504,#3505,#3506));
#615=EDGE_LOOP('',(#3507,#3508,#3509,#3510));
#616=EDGE_LOOP('',(#3511,#3512,#3513,#3514,#3515,#3516,#3517,#3518));
#617=LINE('',#5035,#1075);
#618=LINE('',#5037,#1076);
#619=LINE('',#5039,#1077);
#620=LINE('',#5040,#1078);
#621=LINE('',#5043,#1079);
#622=LINE('',#5045,#1080);
#623=LINE('',#5047,#1081);
#624=LINE('',#5049,#1082);
#625=LINE('',#5051,#1083);
#626=LINE('',#5053,#1084);
#627=LINE('',#5055,#1085);
#628=LINE('',#5057,#1086);
#629=LINE('',#5058,#1087);
#630=LINE('',#5062,#1088);
#631=LINE('',#5064,#1089);
#632=LINE('',#5066,#1090);
#633=LINE('',#5068,#1091);
#634=LINE('',#5069,#1092);
#635=LINE('',#5073,#1093);
#636=LINE('',#5075,#1094);
#637=LINE('',#5077,#1095);
#638=LINE('',#5079,#1096);
#639=LINE('',#5080,#1097);
#640=LINE('',#5083,#1098);
#641=LINE('',#5084,#1099);
#642=LINE('',#5087,#1100);
#643=LINE('',#5088,#1101);
#644=LINE('',#5091,#1102);
#645=LINE('',#5092,#1103);
#646=LINE('',#5095,#1104);
#647=LINE('',#5097,#1105);
#648=LINE('',#5098,#1106);
#649=LINE('',#5101,#1107);
#650=LINE('',#5103,#1108);
#651=LINE('',#5104,#1109);
#652=LINE('',#5107,#1110);
#653=LINE('',#5108,#1111);
#654=LINE('',#5112,#1112);
#655=LINE('',#5114,#1113);
#656=LINE('',#5116,#1114);
#657=LINE('',#5118,#1115);
#658=LINE('',#5119,#1116);
#659=LINE('',#5123,#1117);
#660=LINE('',#5125,#1118);
#661=LINE('',#5127,#1119);
#662=LINE('',#5129,#1120);
#663=LINE('',#5130,#1121);
#664=LINE('',#5133,#1122);
#665=LINE('',#5135,#1123);
#666=LINE('',#5136,#1124);
#667=LINE('',#5139,#1125);
#668=LINE('',#5141,#1126);
#669=LINE('',#5142,#1127);
#670=LINE('',#5145,#1128);
#671=LINE('',#5147,#1129);
#672=LINE('',#5148,#1130);
#673=LINE('',#5151,#1131);
#674=LINE('',#5153,#1132);
#675=LINE('',#5154,#1133);
#676=LINE('',#5158,#1134);
#677=LINE('',#5160,#1135);
#678=LINE('',#5162,#1136);
#679=LINE('',#5163,#1137);
#680=LINE('',#5166,#1138);
#681=LINE('',#5168,#1139);
#682=LINE('',#5170,#1140);
#683=LINE('',#5172,#1141);
#684=LINE('',#5174,#1142);
#685=LINE('',#5176,#1143);
#686=LINE('',#5177,#1144);
#687=LINE('',#5180,#1145);
#688=LINE('',#5182,#1146);
#689=LINE('',#5184,#1147);
#690=LINE('',#5186,#1148);
#691=LINE('',#5188,#1149);
#692=LINE('',#5190,#1150);
#693=LINE('',#5192,#1151);
#694=LINE('',#5194,#1152);
#695=LINE('',#5196,#1153);
#696=LINE('',#5198,#1154);
#697=LINE('',#5200,#1155);
#698=LINE('',#5202,#1156);
#699=LINE('',#5204,#1157);
#700=LINE('',#5206,#1158);
#701=LINE('',#5208,#1159);
#702=LINE('',#5209,#1160);
#703=LINE('',#5211,#1161);
#704=LINE('',#5212,#1162);
#705=LINE('',#5214,#1163);
#706=LINE('',#5216,#1164);
#707=LINE('',#5218,#1165);
#708=LINE('',#5220,#1166);
#709=LINE('',#5222,#1167);
#710=LINE('',#5224,#1168);
#711=LINE('',#5226,#1169);
#712=LINE('',#5228,#1170);
#713=LINE('',#5230,#1171);
#714=LINE('',#5232,#1172);
#715=LINE('',#5233,#1173);
#716=LINE('',#5235,#1174);
#717=LINE('',#5237,#1175);
#718=LINE('',#5239,#1176);
#719=LINE('',#5241,#1177);
#720=LINE('',#5243,#1178);
#721=LINE('',#5245,#1179);
#722=LINE('',#5247,#1180);
#723=LINE('',#5249,#1181);
#724=LINE('',#5251,#1182);
#725=LINE('',#5252,#1183);
#726=LINE('',#5254,#1184);
#727=LINE('',#5256,#1185);
#728=LINE('',#5258,#1186);
#729=LINE('',#5260,#1187);
#730=LINE('',#5262,#1188);
#731=LINE('',#5263,#1189);
#732=LINE('',#5265,#1190);
#733=LINE('',#5267,#1191);
#734=LINE('',#5268,#1192);
#735=LINE('',#5302,#1193);
#736=LINE('',#5304,#1194);
#737=LINE('',#5306,#1195);
#738=LINE('',#5308,#1196);
#739=LINE('',#5310,#1197);
#740=LINE('',#5311,#1198);
#741=LINE('',#5313,#1199);
#742=LINE('',#5315,#1200);
#743=LINE('',#5316,#1201);
#744=LINE('',#5318,#1202);
#745=LINE('',#5320,#1203);
#746=LINE('',#5323,#1204);
#747=LINE('',#5325,#1205);
#748=LINE('',#5327,#1206);
#749=LINE('',#5328,#1207);
#750=LINE('',#5330,#1208);
#751=LINE('',#5332,#1209);
#752=LINE('',#5334,#1210);
#753=LINE('',#5335,#1211);
#754=LINE('',#5337,#1212);
#755=LINE('',#5339,#1213);
#756=LINE('',#5340,#1214);
#757=LINE('',#5342,#1215);
#758=LINE('',#5344,#1216);
#759=LINE('',#5346,#1217);
#760=LINE('',#5347,#1218);
#761=LINE('',#5349,#1219);
#762=LINE('',#5351,#1220);
#763=LINE('',#5352,#1221);
#764=LINE('',#5354,#1222);
#765=LINE('',#5355,#1223);
#766=LINE('',#5366,#1224);
#767=LINE('',#5367,#1225);
#768=LINE('',#5370,#1226);
#769=LINE('',#5372,#1227);
#770=LINE('',#5373,#1228);
#771=LINE('',#5376,#1229);
#772=LINE('',#5377,#1230);
#773=LINE('',#5379,#1231);
#774=LINE('',#5383,#1232);
#775=LINE('',#5385,#1233);
#776=LINE('',#5387,#1234);
#777=LINE('',#5388,#1235);
#778=LINE('',#5391,#1236);
#779=LINE('',#5392,#1237);
#780=LINE('',#5395,#1238);
#781=LINE('',#5397,#1239);
#782=LINE('',#5398,#1240);
#783=LINE('',#5402,#1241);
#784=LINE('',#5404,#1242);
#785=LINE('',#5406,#1243);
#786=LINE('',#5407,#1244);
#787=LINE('',#5410,#1245);
#788=LINE('',#5412,#1246);
#789=LINE('',#5413,#1247);
#790=LINE('',#5416,#1248);
#791=LINE('',#5417,#1249);
#792=LINE('',#5420,#1250);
#793=LINE('',#5421,#1251);
#794=LINE('',#5424,#1252);
#795=LINE('',#5426,#1253);
#796=LINE('',#5428,#1254);
#797=LINE('',#5430,#1255);
#798=LINE('',#5432,#1256);
#799=LINE('',#5433,#1257);
#800=LINE('',#5436,#1258);
#801=LINE('',#5438,#1259);
#802=LINE('',#5440,#1260);
#803=LINE('',#5442,#1261);
#804=LINE('',#5444,#1262);
#805=LINE('',#5445,#1263);
#806=LINE('',#5448,#1264);
#807=LINE('',#5450,#1265);
#808=LINE('',#5452,#1266);
#809=LINE('',#5454,#1267);
#810=LINE('',#5456,#1268);
#811=LINE('',#5457,#1269);
#812=LINE('',#5460,#1270);
#813=LINE('',#5462,#1271);
#814=LINE('',#5464,#1272);
#815=LINE('',#5466,#1273);
#816=LINE('',#5468,#1274);
#817=LINE('',#5469,#1275);
#818=LINE('',#5472,#1276);
#819=LINE('',#5473,#1277);
#820=LINE('',#5476,#1278);
#821=LINE('',#5477,#1279);
#822=LINE('',#5480,#1280);
#823=LINE('',#5482,#1281);
#824=LINE('',#5483,#1282);
#825=LINE('',#5486,#1283);
#826=LINE('',#5488,#1284);
#827=LINE('',#5489,#1285);
#828=LINE('',#5491,#1286);
#829=LINE('',#5493,#1287);
#830=LINE('',#5494,#1288);
#831=LINE('',#5495,#1289);
#832=LINE('',#5497,#1290);
#833=LINE('',#5499,#1291);
#834=LINE('',#5500,#1292);
#835=LINE('',#5501,#1293);
#836=LINE('',#5503,#1294);
#837=LINE('',#5504,#1295);
#838=LINE('',#5506,#1296);
#839=LINE('',#5508,#1297);
#840=LINE('',#5509,#1298);
#841=LINE('',#5512,#1299);
#842=LINE('',#5514,#1300);
#843=LINE('',#5516,#1301);
#844=LINE('',#5517,#1302);
#845=LINE('',#5520,#1303);
#846=LINE('',#5522,#1304);
#847=LINE('',#5524,#1305);
#848=LINE('',#5525,#1306);
#849=LINE('',#5536,#1307);
#850=LINE('',#5538,#1308);
#851=LINE('',#5539,#1309);
#852=LINE('',#5540,#1310);
#853=LINE('',#5543,#1311);
#854=LINE('',#5545,#1312);
#855=LINE('',#5546,#1313);
#856=LINE('',#5547,#1314);
#857=LINE('',#5549,#1315);
#858=LINE('',#5551,#1316);
#859=LINE('',#5555,#1317);
#860=LINE('',#5556,#1318);
#861=LINE('',#5557,#1319);
#862=LINE('',#5560,#1320);
#863=LINE('',#5562,#1321);
#864=LINE('',#5563,#1322);
#865=LINE('',#5565,#1323);
#866=LINE('',#5566,#1324);
#867=LINE('',#5567,#1325);
#868=LINE('',#5569,#1326);
#869=LINE('',#5571,#1327);
#870=LINE('',#5573,#1328);
#871=LINE('',#5575,#1329);
#872=LINE('',#5577,#1330);
#873=LINE('',#5579,#1331);
#874=LINE('',#5580,#1332);
#875=LINE('',#5590,#1333);
#876=LINE('',#5593,#1334);
#877=LINE('',#5594,#1335);
#878=LINE('',#5596,#1336);
#879=LINE('',#5599,#1337);
#880=LINE('',#5601,#1338);
#881=LINE('',#5602,#1339);
#882=LINE('',#5605,#1340);
#883=LINE('',#5606,#1341);
#884=LINE('',#5609,#1342);
#885=LINE('',#5611,#1343);
#886=LINE('',#5612,#1344);
#887=LINE('',#5614,#1345);
#888=LINE('',#5617,#1346);
#889=LINE('',#5619,#1347);
#890=LINE('',#5620,#1348);
#891=LINE('',#5623,#1349);
#892=LINE('',#5624,#1350);
#893=LINE('',#5627,#1351);
#894=LINE('',#5628,#1352);
#895=LINE('',#5631,#1353);
#896=LINE('',#5632,#1354);
#897=LINE('',#5634,#1355);
#898=LINE('',#5636,#1356);
#899=LINE('',#5639,#1357);
#900=LINE('',#5643,#1358);
#901=LINE('',#5647,#1359);
#902=LINE('',#5651,#1360);
#903=LINE('',#5656,#1361);
#904=LINE('',#5657,#1362);
#905=LINE('',#5658,#1363);
#906=LINE('',#5660,#1364);
#907=LINE('',#5662,#1365);
#908=LINE('',#5665,#1366);
#909=LINE('',#5669,#1367);
#910=LINE('',#5673,#1368);
#911=LINE('',#5677,#1369);
#912=LINE('',#5681,#1370);
#913=LINE('',#5682,#1371);
#914=LINE('',#5685,#1372);
#915=LINE('',#5686,#1373);
#916=LINE('',#5688,#1374);
#917=LINE('',#5691,#1375);
#918=LINE('',#5695,#1376);
#919=LINE('',#5699,#1377);
#920=LINE('',#5700,#1378);
#921=LINE('',#5703,#1379);
#922=LINE('',#5704,#1380);
#923=LINE('',#5706,#1381);
#924=LINE('',#5709,#1382);
#925=LINE('',#5714,#1383);
#926=LINE('',#5715,#1384);
#927=LINE('',#5716,#1385);
#928=LINE('',#5719,#1386);
#929=LINE('',#5720,#1387);
#930=LINE('',#5723,#1388);
#931=LINE('',#5724,#1389);
#932=LINE('',#5726,#1390);
#933=LINE('',#5729,#1391);
#934=LINE('',#5733,#1392);
#935=LINE('',#5734,#1393);
#936=LINE('',#5737,#1394);
#937=LINE('',#5738,#1395);
#938=LINE('',#5740,#1396);
#939=LINE('',#5742,#1397);
#940=LINE('',#5745,#1398);
#941=LINE('',#5746,#1399);
#942=LINE('',#5749,#1400);
#943=LINE('',#5750,#1401);
#944=LINE('',#5752,#1402);
#945=LINE('',#5755,#1403);
#946=LINE('',#5759,#1404);
#947=LINE('',#5763,#1405);
#948=LINE('',#5767,#1406);
#949=LINE('',#5771,#1407);
#950=LINE('',#5775,#1408);
#951=LINE('',#5780,#1409);
#952=LINE('',#5781,#1410);
#953=LINE('',#5782,#1411);
#954=LINE('',#5785,#1412);
#955=LINE('',#5786,#1413);
#956=LINE('',#5789,#1414);
#957=LINE('',#5790,#1415);
#958=LINE('',#5792,#1416);
#959=LINE('',#5795,#1417);
#960=LINE('',#5799,#1418);
#961=LINE('',#5804,#1419);
#962=LINE('',#5805,#1420);
#963=LINE('',#5806,#1421);
#964=LINE('',#5809,#1422);
#965=LINE('',#5810,#1423);
#966=LINE('',#5813,#1424);
#967=LINE('',#5814,#1425);
#968=LINE('',#5816,#1426);
#969=LINE('',#5819,#1427);
#970=LINE('',#5820,#1428);
#971=LINE('',#5823,#1429);
#972=LINE('',#5824,#1430);
#973=LINE('',#5827,#1431);
#974=LINE('',#5828,#1432);
#975=LINE('',#5831,#1433);
#976=LINE('',#5832,#1434);
#977=LINE('',#5835,#1435);
#978=LINE('',#5836,#1436);
#979=LINE('',#5839,#1437);
#980=LINE('',#5840,#1438);
#981=LINE('',#5843,#1439);
#982=LINE('',#5844,#1440);
#983=LINE('',#5847,#1441);
#984=LINE('',#5848,#1442);
#985=LINE('',#5850,#1443);
#986=LINE('',#5853,#1444);
#987=LINE('',#5854,#1445);
#988=LINE('',#5857,#1446);
#989=LINE('',#5858,#1447);
#990=LINE('',#5861,#1448);
#991=LINE('',#5862,#1449);
#992=LINE('',#5865,#1450);
#993=LINE('',#5866,#1451);
#994=LINE('',#5868,#1452);
#995=LINE('',#5871,#1453);
#996=LINE('',#5873,#1454);
#997=LINE('',#5875,#1455);
#998=LINE('',#5877,#1456);
#999=LINE('',#5880,#1457);
#1000=LINE('',#5882,#1458);
#1001=LINE('',#5884,#1459);
#1002=LINE('',#5886,#1460);
#1003=LINE('',#5888,#1461);
#1004=LINE('',#5890,#1462);
#1005=LINE('',#5892,#1463);
#1006=LINE('',#5895,#1464);
#1007=LINE('',#5902,#1465);
#1008=LINE('',#5910,#1466);
#1009=LINE('',#5918,#1467);
#1010=LINE('',#5922,#1468);
#1011=LINE('',#5924,#1469);
#1012=LINE('',#5926,#1470);
#1013=LINE('',#5928,#1471);
#1014=LINE('',#5930,#1472);
#1015=LINE('',#5932,#1473);
#1016=LINE('',#5933,#1474);
#1017=LINE('',#5942,#1475);
#1018=LINE('',#5950,#1476);
#1019=LINE('',#5956,#1477);
#1020=LINE('',#5958,#1478);
#1021=LINE('',#5959,#1479);
#1022=LINE('',#5960,#1480);
#1023=LINE('',#5963,#1481);
#1024=LINE('',#5964,#1482);
#1025=LINE('',#5967,#1483);
#1026=LINE('',#5969,#1484);
#1027=LINE('',#5973,#1485);
#1028=LINE('',#5975,#1486);
#1029=LINE('',#5977,#1487);
#1030=LINE('',#5979,#1488);
#1031=LINE('',#5980,#1489);
#1032=LINE('',#5991,#1490);
#1033=LINE('',#5999,#1491);
#1034=LINE('',#6002,#1492);
#1035=LINE('',#6003,#1493);
#1036=LINE('',#6005,#1494);
#1037=LINE('',#6007,#1495);
#1038=LINE('',#6009,#1496);
#1039=LINE('',#6011,#1497);
#1040=LINE('',#6013,#1498);
#1041=LINE('',#6015,#1499);
#1042=LINE('',#6017,#1500);
#1043=LINE('',#6020,#1501);
#1044=LINE('',#6022,#1502);
#1045=LINE('',#6023,#1503);
#1046=LINE('',#6025,#1504);
#1047=LINE('',#6027,#1505);
#1048=LINE('',#6029,#1506);
#1049=LINE('',#6031,#1507);
#1050=LINE('',#6034,#1508);
#1051=LINE('',#6035,#1509);
#1052=LINE('',#6038,#1510);
#1053=LINE('',#6040,#1511);
#1054=LINE('',#6042,#1512);
#1055=LINE('',#6044,#1513);
#1056=LINE('',#6046,#1514);
#1057=LINE('',#6056,#1515);
#1058=LINE('',#6064,#1516);
#1059=LINE('',#6069,#1517);
#1060=LINE('',#6070,#1518);
#1061=LINE('',#6072,#1519);
#1062=LINE('',#6074,#1520);
#1063=LINE('',#6076,#1521);
#1064=LINE('',#6078,#1522);
#1065=LINE('',#6080,#1523);
#1066=LINE('',#6082,#1524);
#1067=LINE('',#6084,#1525);
#1068=LINE('',#6087,#1526);
#1069=LINE('',#6089,#1527);
#1070=LINE('',#6090,#1528);
#1071=LINE('',#6092,#1529);
#1072=LINE('',#6094,#1530);
#1073=LINE('',#6096,#1531);
#1074=LINE('',#6100,#1532);
#1075=VECTOR('',#4071,10.);
#1076=VECTOR('',#4072,10.);
#1077=VECTOR('',#4073,10.);
#1078=VECTOR('',#4074,10.);
#1079=VECTOR('',#4077,10.);
#1080=VECTOR('',#4078,10.);
#1081=VECTOR('',#4079,10.);
#1082=VECTOR('',#4080,10.);
#1083=VECTOR('',#4081,10.);
#1084=VECTOR('',#4082,10.);
#1085=VECTOR('',#4083,10.);
#1086=VECTOR('',#4084,10.);
#1087=VECTOR('',#4085,10.);
#1088=VECTOR('',#4088,10.);
#1089=VECTOR('',#4089,10.);
#1090=VECTOR('',#4090,10.);
#1091=VECTOR('',#4091,10.);
#1092=VECTOR('',#4092,10.);
#1093=VECTOR('',#4095,10.);
#1094=VECTOR('',#4096,10.);
#1095=VECTOR('',#4097,10.);
#1096=VECTOR('',#4098,10.);
#1097=VECTOR('',#4099,10.);
#1098=VECTOR('',#4102,10.);
#1099=VECTOR('',#4103,10.);
#1100=VECTOR('',#4106,10.);
#1101=VECTOR('',#4107,10.);
#1102=VECTOR('',#4110,10.);
#1103=VECTOR('',#4111,10.);
#1104=VECTOR('',#4114,10.);
#1105=VECTOR('',#4115,10.);
#1106=VECTOR('',#4116,10.);
#1107=VECTOR('',#4119,10.);
#1108=VECTOR('',#4120,10.);
#1109=VECTOR('',#4121,10.);
#1110=VECTOR('',#4124,10.);
#1111=VECTOR('',#4125,10.);
#1112=VECTOR('',#4128,10.);
#1113=VECTOR('',#4129,10.);
#1114=VECTOR('',#4130,10.);
#1115=VECTOR('',#4131,10.);
#1116=VECTOR('',#4132,10.);
#1117=VECTOR('',#4135,10.);
#1118=VECTOR('',#4136,10.);
#1119=VECTOR('',#4137,10.);
#1120=VECTOR('',#4138,10.);
#1121=VECTOR('',#4139,10.);
#1122=VECTOR('',#4142,10.);
#1123=VECTOR('',#4143,10.);
#1124=VECTOR('',#4144,10.);
#1125=VECTOR('',#4147,10.);
#1126=VECTOR('',#4148,10.);
#1127=VECTOR('',#4149,10.);
#1128=VECTOR('',#4152,10.);
#1129=VECTOR('',#4153,10.);
#1130=VECTOR('',#4154,10.);
#1131=VECTOR('',#4157,10.);
#1132=VECTOR('',#4158,10.);
#1133=VECTOR('',#4159,10.);
#1134=VECTOR('',#4162,10.);
#1135=VECTOR('',#4163,10.);
#1136=VECTOR('',#4164,10.);
#1137=VECTOR('',#4165,10.);
#1138=VECTOR('',#4168,10.);
#1139=VECTOR('',#4169,10.);
#1140=VECTOR('',#4170,10.);
#1141=VECTOR('',#4171,10.);
#1142=VECTOR('',#4172,10.);
#1143=VECTOR('',#4173,10.);
#1144=VECTOR('',#4174,10.);
#1145=VECTOR('',#4177,10.);
#1146=VECTOR('',#4178,10.);
#1147=VECTOR('',#4179,10.);
#1148=VECTOR('',#4180,10.);
#1149=VECTOR('',#4181,10.);
#1150=VECTOR('',#4182,10.);
#1151=VECTOR('',#4183,10.);
#1152=VECTOR('',#4184,10.);
#1153=VECTOR('',#4185,10.);
#1154=VECTOR('',#4186,10.);
#1155=VECTOR('',#4187,10.);
#1156=VECTOR('',#4188,10.);
#1157=VECTOR('',#4189,10.);
#1158=VECTOR('',#4190,10.);
#1159=VECTOR('',#4191,10.);
#1160=VECTOR('',#4192,10.);
#1161=VECTOR('',#4193,10.);
#1162=VECTOR('',#4194,10.);
#1163=VECTOR('',#4195,10.);
#1164=VECTOR('',#4196,10.);
#1165=VECTOR('',#4197,10.);
#1166=VECTOR('',#4198,10.);
#1167=VECTOR('',#4199,10.);
#1168=VECTOR('',#4200,10.);
#1169=VECTOR('',#4201,10.);
#1170=VECTOR('',#4202,10.);
#1171=VECTOR('',#4203,10.);
#1172=VECTOR('',#4204,10.);
#1173=VECTOR('',#4205,10.);
#1174=VECTOR('',#4206,10.);
#1175=VECTOR('',#4207,10.);
#1176=VECTOR('',#4208,10.);
#1177=VECTOR('',#4209,10.);
#1178=VECTOR('',#4210,10.);
#1179=VECTOR('',#4211,10.);
#1180=VECTOR('',#4212,10.);
#1181=VECTOR('',#4213,10.);
#1182=VECTOR('',#4214,10.);
#1183=VECTOR('',#4215,10.);
#1184=VECTOR('',#4216,10.);
#1185=VECTOR('',#4217,10.);
#1186=VECTOR('',#4218,10.);
#1187=VECTOR('',#4219,10.);
#1188=VECTOR('',#4220,10.);
#1189=VECTOR('',#4221,10.);
#1190=VECTOR('',#4222,10.);
#1191=VECTOR('',#4223,10.);
#1192=VECTOR('',#4224,10.);
#1193=VECTOR('',#4257,10.);
#1194=VECTOR('',#4258,10.);
#1195=VECTOR('',#4259,10.);
#1196=VECTOR('',#4260,10.);
#1197=VECTOR('',#4261,10.);
#1198=VECTOR('',#4262,10.);
#1199=VECTOR('',#4263,10.);
#1200=VECTOR('',#4264,10.);
#1201=VECTOR('',#4265,10.);
#1202=VECTOR('',#4268,10.);
#1203=VECTOR('',#4271,10.);
#1204=VECTOR('',#4274,10.);
#1205=VECTOR('',#4275,10.);
#1206=VECTOR('',#4276,10.);
#1207=VECTOR('',#4277,10.);
#1208=VECTOR('',#4278,10.);
#1209=VECTOR('',#4279,10.);
#1210=VECTOR('',#4280,10.);
#1211=VECTOR('',#4281,10.);
#1212=VECTOR('',#4282,10.);
#1213=VECTOR('',#4283,10.);
#1214=VECTOR('',#4284,10.);
#1215=VECTOR('',#4285,10.);
#1216=VECTOR('',#4286,10.);
#1217=VECTOR('',#4287,10.);
#1218=VECTOR('',#4288,10.);
#1219=VECTOR('',#4289,10.);
#1220=VECTOR('',#4290,10.);
#1221=VECTOR('',#4291,10.);
#1222=VECTOR('',#4292,10.);
#1223=VECTOR('',#4293,10.);
#1224=VECTOR('',#4304,10.);
#1225=VECTOR('',#4305,10.);
#1226=VECTOR('',#4308,10.);
#1227=VECTOR('',#4309,10.);
#1228=VECTOR('',#4310,10.);
#1229=VECTOR('',#4313,10.);
#1230=VECTOR('',#4314,10.);
#1231=VECTOR('',#4317,10.);
#1232=VECTOR('',#4320,10.);
#1233=VECTOR('',#4321,10.);
#1234=VECTOR('',#4322,10.);
#1235=VECTOR('',#4323,10.);
#1236=VECTOR('',#4326,10.);
#1237=VECTOR('',#4327,10.);
#1238=VECTOR('',#4330,10.);
#1239=VECTOR('',#4331,10.);
#1240=VECTOR('',#4332,10.);
#1241=VECTOR('',#4335,10.);
#1242=VECTOR('',#4336,10.);
#1243=VECTOR('',#4337,10.);
#1244=VECTOR('',#4338,10.);
#1245=VECTOR('',#4341,10.);
#1246=VECTOR('',#4342,10.);
#1247=VECTOR('',#4343,10.);
#1248=VECTOR('',#4346,10.);
#1249=VECTOR('',#4347,10.);
#1250=VECTOR('',#4350,10.);
#1251=VECTOR('',#4351,10.);
#1252=VECTOR('',#4354,10.);
#1253=VECTOR('',#4355,10.);
#1254=VECTOR('',#4356,10.);
#1255=VECTOR('',#4357,10.);
#1256=VECTOR('',#4358,10.);
#1257=VECTOR('',#4359,10.);
#1258=VECTOR('',#4362,10.);
#1259=VECTOR('',#4363,10.);
#1260=VECTOR('',#4364,10.);
#1261=VECTOR('',#4365,10.);
#1262=VECTOR('',#4366,10.);
#1263=VECTOR('',#4367,10.);
#1264=VECTOR('',#4370,10.);
#1265=VECTOR('',#4371,10.);
#1266=VECTOR('',#4372,10.);
#1267=VECTOR('',#4373,10.);
#1268=VECTOR('',#4374,10.);
#1269=VECTOR('',#4375,10.);
#1270=VECTOR('',#4378,10.);
#1271=VECTOR('',#4379,10.);
#1272=VECTOR('',#4380,10.);
#1273=VECTOR('',#4381,10.);
#1274=VECTOR('',#4382,10.);
#1275=VECTOR('',#4383,10.);
#1276=VECTOR('',#4386,10.);
#1277=VECTOR('',#4387,10.);
#1278=VECTOR('',#4390,10.);
#1279=VECTOR('',#4391,10.);
#1280=VECTOR('',#4394,10.);
#1281=VECTOR('',#4395,10.);
#1282=VECTOR('',#4396,10.);
#1283=VECTOR('',#4399,10.);
#1284=VECTOR('',#4400,10.);
#1285=VECTOR('',#4401,10.);
#1286=VECTOR('',#4402,10.);
#1287=VECTOR('',#4403,10.);
#1288=VECTOR('',#4404,10.);
#1289=VECTOR('',#4405,10.);
#1290=VECTOR('',#4406,10.);
#1291=VECTOR('',#4407,10.);
#1292=VECTOR('',#4408,10.);
#1293=VECTOR('',#4409,10.);
#1294=VECTOR('',#4410,10.);
#1295=VECTOR('',#4411,10.);
#1296=VECTOR('',#4412,10.);
#1297=VECTOR('',#4413,10.);
#1298=VECTOR('',#4414,10.);
#1299=VECTOR('',#4415,10.);
#1300=VECTOR('',#4416,10.);
#1301=VECTOR('',#4417,10.);
#1302=VECTOR('',#4418,10.);
#1303=VECTOR('',#4419,10.);
#1304=VECTOR('',#4420,10.);
#1305=VECTOR('',#4421,10.);
#1306=VECTOR('',#4422,10.);
#1307=VECTOR('',#4433,10.);
#1308=VECTOR('',#4434,10.);
#1309=VECTOR('',#4435,10.);
#1310=VECTOR('',#4436,10.);
#1311=VECTOR('',#4439,10.);
#1312=VECTOR('',#4440,10.);
#1313=VECTOR('',#4441,10.);
#1314=VECTOR('',#4442,10.);
#1315=VECTOR('',#4445,10.);
#1316=VECTOR('',#4448,10.);
#1317=VECTOR('',#4451,10.);
#1318=VECTOR('',#4452,10.);
#1319=VECTOR('',#4453,10.);
#1320=VECTOR('',#4456,10.);
#1321=VECTOR('',#4457,10.);
#1322=VECTOR('',#4458,10.);
#1323=VECTOR('',#4459,10.);
#1324=VECTOR('',#4460,10.);
#1325=VECTOR('',#4461,10.);
#1326=VECTOR('',#4462,10.);
#1327=VECTOR('',#4463,10.);
#1328=VECTOR('',#4464,10.);
#1329=VECTOR('',#4465,10.);
#1330=VECTOR('',#4466,10.);
#1331=VECTOR('',#4467,10.);
#1332=VECTOR('',#4468,10.);
#1333=VECTOR('',#4479,10.);
#1334=VECTOR('',#4484,10.);
#1335=VECTOR('',#4485,10.);
#1336=VECTOR('',#4488,10.);
#1337=VECTOR('',#4491,10.);
#1338=VECTOR('',#4492,10.);
#1339=VECTOR('',#4493,10.);
#1340=VECTOR('',#4496,10.);
#1341=VECTOR('',#4497,10.);
#1342=VECTOR('',#4500,10.);
#1343=VECTOR('',#4501,10.);
#1344=VECTOR('',#4502,10.);
#1345=VECTOR('',#4505,10.);
#1346=VECTOR('',#4508,10.);
#1347=VECTOR('',#4509,10.);
#1348=VECTOR('',#4510,10.);
#1349=VECTOR('',#4513,10.);
#1350=VECTOR('',#4514,10.);
#1351=VECTOR('',#4517,10.);
#1352=VECTOR('',#4518,10.);
#1353=VECTOR('',#4521,10.);
#1354=VECTOR('',#4522,10.);
#1355=VECTOR('',#4525,10.);
#1356=VECTOR('',#4528,10.);
#1357=VECTOR('',#4531,0.750000000000002);
#1358=VECTOR('',#4536,1.49999999999999);
#1359=VECTOR('',#4541,0.750000000000002);
#1360=VECTOR('',#4546,1.5);
#1361=VECTOR('',#4551,10.);
#1362=VECTOR('',#4552,10.);
#1363=VECTOR('',#4553,10.);
#1364=VECTOR('',#4556,10.);
#1365=VECTOR('',#4559,10.);
#1366=VECTOR('',#4562,0.900000000000001);
#1367=VECTOR('',#4567,0.750000000000002);
#1368=VECTOR('',#4572,0.750000000000002);
#1369=VECTOR('',#4577,0.75);
#1370=VECTOR('',#4582,10.);
#1371=VECTOR('',#4583,10.);
#1372=VECTOR('',#4586,10.);
#1373=VECTOR('',#4587,10.);
#1374=VECTOR('',#4590,10.);
#1375=VECTOR('',#4593,0.750000000000002);
#1376=VECTOR('',#4598,0.899999999999998);
#1377=VECTOR('',#4603,10.);
#1378=VECTOR('',#4604,10.);
#1379=VECTOR('',#4607,10.);
#1380=VECTOR('',#4608,10.);
#1381=VECTOR('',#4611,10.);
#1382=VECTOR('',#4614,0.749999999999997);
#1383=VECTOR('',#4619,10.);
#1384=VECTOR('',#4620,10.);
#1385=VECTOR('',#4621,10.);
#1386=VECTOR('',#4624,10.);
#1387=VECTOR('',#4625,10.);
#1388=VECTOR('',#4628,10.);
#1389=VECTOR('',#4629,10.);
#1390=VECTOR('',#4632,10.);
#1391=VECTOR('',#4635,1.5);
#1392=VECTOR('',#4640,10.);
#1393=VECTOR('',#4641,10.);
#1394=VECTOR('',#4644,10.);
#1395=VECTOR('',#4645,10.);
#1396=VECTOR('',#4648,10.);
#1397=VECTOR('',#4651,10.);
#1398=VECTOR('',#4654,10.);
#1399=VECTOR('',#4655,10.);
#1400=VECTOR('',#4658,10.);
#1401=VECTOR('',#4659,10.);
#1402=VECTOR('',#4662,10.);
#1403=VECTOR('',#4665,0.750000000000002);
#1404=VECTOR('',#4670,0.750000000000002);
#1405=VECTOR('',#4675,0.750000000000002);
#1406=VECTOR('',#4680,0.900000000000001);
#1407=VECTOR('',#4685,0.899999999999998);
#1408=VECTOR('',#4690,0.75);
#1409=VECTOR('',#4695,10.);
#1410=VECTOR('',#4696,10.);
#1411=VECTOR('',#4697,10.);
#1412=VECTOR('',#4700,10.);
#1413=VECTOR('',#4701,10.);
#1414=VECTOR('',#4704,10.);
#1415=VECTOR('',#4705,10.);
#1416=VECTOR('',#4708,10.);
#1417=VECTOR('',#4711,1.5);
#1418=VECTOR('',#4716,0.750000000000002);
#1419=VECTOR('',#4721,10.);
#1420=VECTOR('',#4722,10.);
#1421=VECTOR('',#4723,10.);
#1422=VECTOR('',#4726,10.);
#1423=VECTOR('',#4727,10.);
#1424=VECTOR('',#4730,10.);
#1425=VECTOR('',#4731,10.);
#1426=VECTOR('',#4734,10.);
#1427=VECTOR('',#4737,10.);
#1428=VECTOR('',#4738,10.);
#1429=VECTOR('',#4741,10.);
#1430=VECTOR('',#4742,10.);
#1431=VECTOR('',#4745,10.);
#1432=VECTOR('',#4746,10.);
#1433=VECTOR('',#4749,10.);
#1434=VECTOR('',#4750,10.);
#1435=VECTOR('',#4753,10.);
#1436=VECTOR('',#4754,10.);
#1437=VECTOR('',#4757,10.);
#1438=VECTOR('',#4758,10.);
#1439=VECTOR('',#4761,10.);
#1440=VECTOR('',#4762,10.);
#1441=VECTOR('',#4765,10.);
#1442=VECTOR('',#4766,10.);
#1443=VECTOR('',#4769,10.);
#1444=VECTOR('',#4772,10.);
#1445=VECTOR('',#4773,10.);
#1446=VECTOR('',#4776,10.);
#1447=VECTOR('',#4777,10.);
#1448=VECTOR('',#4780,10.);
#1449=VECTOR('',#4781,10.);
#1450=VECTOR('',#4784,10.);
#1451=VECTOR('',#4785,10.);
#1452=VECTOR('',#4788,10.);
#1453=VECTOR('',#4793,0.900000000000001);
#1454=VECTOR('',#4796,0.900000000000001);
#1455=VECTOR('',#4799,0.899999999999999);
#1456=VECTOR('',#4802,0.899999999999999);
#1457=VECTOR('',#4805,10.);
#1458=VECTOR('',#4806,10.);
#1459=VECTOR('',#4807,10.);
#1460=VECTOR('',#4808,10.);
#1461=VECTOR('',#4809,10.);
#1462=VECTOR('',#4810,10.);
#1463=VECTOR('',#4811,10.);
#1464=VECTOR('',#4814,10.);
#1465=VECTOR('',#4819,10.);
#1466=VECTOR('',#4826,10.);
#1467=VECTOR('',#4835,10.);
#1468=VECTOR('',#4838,10.);
#1469=VECTOR('',#4839,10.);
#1470=VECTOR('',#4840,10.);
#1471=VECTOR('',#4841,10.);
#1472=VECTOR('',#4842,10.);
#1473=VECTOR('',#4843,10.);
#1474=VECTOR('',#4844,10.);
#1475=VECTOR('',#4851,10.);
#1476=VECTOR('',#4858,10.);
#1477=VECTOR('',#4865,10.);
#1478=VECTOR('',#4866,10.);
#1479=VECTOR('',#4867,10.);
#1480=VECTOR('',#4868,10.);
#1481=VECTOR('',#4871,10.);
#1482=VECTOR('',#4872,10.);
#1483=VECTOR('',#4875,10.);
#1484=VECTOR('',#4876,10.);
#1485=VECTOR('',#4879,10.);
#1486=VECTOR('',#4880,10.);
#1487=VECTOR('',#4881,10.);
#1488=VECTOR('',#4882,10.);
#1489=VECTOR('',#4883,10.);
#1490=VECTOR('',#4892,10.);
#1491=VECTOR('',#4899,10.);
#1492=VECTOR('',#4904,10.);
#1493=VECTOR('',#4905,10.);
#1494=VECTOR('',#4908,10.);
#1495=VECTOR('',#4911,10.);
#1496=VECTOR('',#4914,10.);
#1497=VECTOR('',#4917,10.);
#1498=VECTOR('',#4920,10.);
#1499=VECTOR('',#4923,10.);
#1500=VECTOR('',#4926,10.);
#1501=VECTOR('',#4931,1.1);
#1502=VECTOR('',#4934,10.);
#1503=VECTOR('',#4935,10.);
#1504=VECTOR('',#4938,10.);
#1505=VECTOR('',#4941,10.);
#1506=VECTOR('',#4944,10.);
#1507=VECTOR('',#4947,10.);
#1508=VECTOR('',#4950,10.);
#1509=VECTOR('',#4951,10.);
#1510=VECTOR('',#4954,10.);
#1511=VECTOR('',#4955,10.);
#1512=VECTOR('',#4956,10.);
#1513=VECTOR('',#4957,10.);
#1514=VECTOR('',#4958,10.);
#1515=VECTOR('',#4967,10.);
#1516=VECTOR('',#4974,10.);
#1517=VECTOR('',#4981,10.);
#1518=VECTOR('',#4982,10.);
#1519=VECTOR('',#4985,10.);
#1520=VECTOR('',#4988,10.);
#1521=VECTOR('',#4991,10.);
#1522=VECTOR('',#4994,10.);
#1523=VECTOR('',#4997,10.);
#1524=VECTOR('',#5000,10.);
#1525=VECTOR('',#5003,10.);
#1526=VECTOR('',#5008,1.1);
#1527=VECTOR('',#5011,10.);
#1528=VECTOR('',#5012,10.);
#1529=VECTOR('',#5015,10.);
#1530=VECTOR('',#5018,10.);
#1531=VECTOR('',#5021,10.);
#1532=VECTOR('',#5028,10.);
#1533=VERTEX_POINT('',#5033);
#1534=VERTEX_POINT('',#5034);
#1535=VERTEX_POINT('',#5036);
#1536=VERTEX_POINT('',#5038);
#1537=VERTEX_POINT('',#5042);
#1538=VERTEX_POINT('',#5044);
#1539=VERTEX_POINT('',#5046);
#1540=VERTEX_POINT('',#5048);
#1541=VERTEX_POINT('',#5050);
#1542=VERTEX_POINT('',#5052);
#1543=VERTEX_POINT('',#5054);
#1544=VERTEX_POINT('',#5056);
#1545=VERTEX_POINT('',#5060);
#1546=VERTEX_POINT('',#5061);
#1547=VERTEX_POINT('',#5063);
#1548=VERTEX_POINT('',#5065);
#1549=VERTEX_POINT('',#5067);
#1550=VERTEX_POINT('',#5071);
#1551=VERTEX_POINT('',#5072);
#1552=VERTEX_POINT('',#5074);
#1553=VERTEX_POINT('',#5076);
#1554=VERTEX_POINT('',#5078);
#1555=VERTEX_POINT('',#5082);
#1556=VERTEX_POINT('',#5086);
#1557=VERTEX_POINT('',#5090);
#1558=VERTEX_POINT('',#5094);
#1559=VERTEX_POINT('',#5096);
#1560=VERTEX_POINT('',#5100);
#1561=VERTEX_POINT('',#5102);
#1562=VERTEX_POINT('',#5106);
#1563=VERTEX_POINT('',#5110);
#1564=VERTEX_POINT('',#5111);
#1565=VERTEX_POINT('',#5113);
#1566=VERTEX_POINT('',#5115);
#1567=VERTEX_POINT('',#5117);
#1568=VERTEX_POINT('',#5121);
#1569=VERTEX_POINT('',#5122);
#1570=VERTEX_POINT('',#5124);
#1571=VERTEX_POINT('',#5126);
#1572=VERTEX_POINT('',#5128);
#1573=VERTEX_POINT('',#5132);
#1574=VERTEX_POINT('',#5134);
#1575=VERTEX_POINT('',#5138);
#1576=VERTEX_POINT('',#5140);
#1577=VERTEX_POINT('',#5144);
#1578=VERTEX_POINT('',#5146);
#1579=VERTEX_POINT('',#5150);
#1580=VERTEX_POINT('',#5152);
#1581=VERTEX_POINT('',#5156);
#1582=VERTEX_POINT('',#5157);
#1583=VERTEX_POINT('',#5159);
#1584=VERTEX_POINT('',#5161);
#1585=VERTEX_POINT('',#5165);
#1586=VERTEX_POINT('',#5167);
#1587=VERTEX_POINT('',#5169);
#1588=VERTEX_POINT('',#5171);
#1589=VERTEX_POINT('',#5173);
#1590=VERTEX_POINT('',#5175);
#1591=VERTEX_POINT('',#5179);
#1592=VERTEX_POINT('',#5181);
#1593=VERTEX_POINT('',#5183);
#1594=VERTEX_POINT('',#5185);
#1595=VERTEX_POINT('',#5187);
#1596=VERTEX_POINT('',#5189);
#1597=VERTEX_POINT('',#5191);
#1598=VERTEX_POINT('',#5193);
#1599=VERTEX_POINT('',#5195);
#1600=VERTEX_POINT('',#5197);
#1601=VERTEX_POINT('',#5199);
#1602=VERTEX_POINT('',#5201);
#1603=VERTEX_POINT('',#5203);
#1604=VERTEX_POINT('',#5205);
#1605=VERTEX_POINT('',#5207);
#1606=VERTEX_POINT('',#5210);
#1607=VERTEX_POINT('',#5213);
#1608=VERTEX_POINT('',#5215);
#1609=VERTEX_POINT('',#5217);
#1610=VERTEX_POINT('',#5219);
#1611=VERTEX_POINT('',#5221);
#1612=VERTEX_POINT('',#5223);
#1613=VERTEX_POINT('',#5225);
#1614=VERTEX_POINT('',#5227);
#1615=VERTEX_POINT('',#5229);
#1616=VERTEX_POINT('',#5231);
#1617=VERTEX_POINT('',#5234);
#1618=VERTEX_POINT('',#5236);
#1619=VERTEX_POINT('',#5238);
#1620=VERTEX_POINT('',#5240);
#1621=VERTEX_POINT('',#5242);
#1622=VERTEX_POINT('',#5244);
#1623=VERTEX_POINT('',#5246);
#1624=VERTEX_POINT('',#5248);
#1625=VERTEX_POINT('',#5250);
#1626=VERTEX_POINT('',#5253);
#1627=VERTEX_POINT('',#5255);
#1628=VERTEX_POINT('',#5257);
#1629=VERTEX_POINT('',#5259);
#1630=VERTEX_POINT('',#5261);
#1631=VERTEX_POINT('',#5264);
#1632=VERTEX_POINT('',#5266);
#1633=VERTEX_POINT('',#5269);
#1634=VERTEX_POINT('',#5271);
#1635=VERTEX_POINT('',#5273);
#1636=VERTEX_POINT('',#5275);
#1637=VERTEX_POINT('',#5277);
#1638=VERTEX_POINT('',#5279);
#1639=VERTEX_POINT('',#5281);
#1640=VERTEX_POINT('',#5283);
#1641=VERTEX_POINT('',#5285);
#1642=VERTEX_POINT('',#5287);
#1643=VERTEX_POINT('',#5289);
#1644=VERTEX_POINT('',#5291);
#1645=VERTEX_POINT('',#5293);
#1646=VERTEX_POINT('',#5295);
#1647=VERTEX_POINT('',#5297);
#1648=VERTEX_POINT('',#5299);
#1649=VERTEX_POINT('',#5301);
#1650=VERTEX_POINT('',#5303);
#1651=VERTEX_POINT('',#5305);
#1652=VERTEX_POINT('',#5307);
#1653=VERTEX_POINT('',#5309);
#1654=VERTEX_POINT('',#5312);
#1655=VERTEX_POINT('',#5314);
#1656=VERTEX_POINT('',#5322);
#1657=VERTEX_POINT('',#5324);
#1658=VERTEX_POINT('',#5326);
#1659=VERTEX_POINT('',#5329);
#1660=VERTEX_POINT('',#5331);
#1661=VERTEX_POINT('',#5333);
#1662=VERTEX_POINT('',#5336);
#1663=VERTEX_POINT('',#5338);
#1664=VERTEX_POINT('',#5341);
#1665=VERTEX_POINT('',#5343);
#1666=VERTEX_POINT('',#5345);
#1667=VERTEX_POINT('',#5348);
#1668=VERTEX_POINT('',#5350);
#1669=VERTEX_POINT('',#5353);
#1670=VERTEX_POINT('',#5356);
#1671=VERTEX_POINT('',#5358);
#1672=VERTEX_POINT('',#5360);
#1673=VERTEX_POINT('',#5362);
#1674=VERTEX_POINT('',#5365);
#1675=VERTEX_POINT('',#5369);
#1676=VERTEX_POINT('',#5371);
#1677=VERTEX_POINT('',#5375);
#1678=VERTEX_POINT('',#5381);
#1679=VERTEX_POINT('',#5382);
#1680=VERTEX_POINT('',#5384);
#1681=VERTEX_POINT('',#5386);
#1682=VERTEX_POINT('',#5390);
#1683=VERTEX_POINT('',#5394);
#1684=VERTEX_POINT('',#5396);
#1685=VERTEX_POINT('',#5400);
#1686=VERTEX_POINT('',#5401);
#1687=VERTEX_POINT('',#5403);
#1688=VERTEX_POINT('',#5405);
#1689=VERTEX_POINT('',#5409);
#1690=VERTEX_POINT('',#5411);
#1691=VERTEX_POINT('',#5415);
#1692=VERTEX_POINT('',#5419);
#1693=VERTEX_POINT('',#5423);
#1694=VERTEX_POINT('',#5425);
#1695=VERTEX_POINT('',#5427);
#1696=VERTEX_POINT('',#5429);
#1697=VERTEX_POINT('',#5431);
#1698=VERTEX_POINT('',#5435);
#1699=VERTEX_POINT('',#5437);
#1700=VERTEX_POINT('',#5439);
#1701=VERTEX_POINT('',#5441);
#1702=VERTEX_POINT('',#5443);
#1703=VERTEX_POINT('',#5447);
#1704=VERTEX_POINT('',#5449);
#1705=VERTEX_POINT('',#5451);
#1706=VERTEX_POINT('',#5453);
#1707=VERTEX_POINT('',#5455);
#1708=VERTEX_POINT('',#5459);
#1709=VERTEX_POINT('',#5461);
#1710=VERTEX_POINT('',#5463);
#1711=VERTEX_POINT('',#5465);
#1712=VERTEX_POINT('',#5467);
#1713=VERTEX_POINT('',#5471);
#1714=VERTEX_POINT('',#5475);
#1715=VERTEX_POINT('',#5479);
#1716=VERTEX_POINT('',#5481);
#1717=VERTEX_POINT('',#5485);
#1718=VERTEX_POINT('',#5487);
#1719=VERTEX_POINT('',#5490);
#1720=VERTEX_POINT('',#5492);
#1721=VERTEX_POINT('',#5496);
#1722=VERTEX_POINT('',#5498);
#1723=VERTEX_POINT('',#5502);
#1724=VERTEX_POINT('',#5505);
#1725=VERTEX_POINT('',#5507);
#1726=VERTEX_POINT('',#5510);
#1727=VERTEX_POINT('',#5511);
#1728=VERTEX_POINT('',#5513);
#1729=VERTEX_POINT('',#5515);
#1730=VERTEX_POINT('',#5518);
#1731=VERTEX_POINT('',#5519);
#1732=VERTEX_POINT('',#5521);
#1733=VERTEX_POINT('',#5523);
#1734=VERTEX_POINT('',#5526);
#1735=VERTEX_POINT('',#5528);
#1736=VERTEX_POINT('',#5530);
#1737=VERTEX_POINT('',#5532);
#1738=VERTEX_POINT('',#5535);
#1739=VERTEX_POINT('',#5537);
#1740=VERTEX_POINT('',#5542);
#1741=VERTEX_POINT('',#5544);
#1742=VERTEX_POINT('',#5553);
#1743=VERTEX_POINT('',#5554);
#1744=VERTEX_POINT('',#5559);
#1745=VERTEX_POINT('',#5561);
#1746=VERTEX_POINT('',#5564);
#1747=VERTEX_POINT('',#5568);
#1748=VERTEX_POINT('',#5570);
#1749=VERTEX_POINT('',#5572);
#1750=VERTEX_POINT('',#5574);
#1751=VERTEX_POINT('',#5576);
#1752=VERTEX_POINT('',#5578);
#1753=VERTEX_POINT('',#5581);
#1754=VERTEX_POINT('',#5583);
#1755=VERTEX_POINT('',#5585);
#1756=VERTEX_POINT('',#5587);
#1757=VERTEX_POINT('',#5598);
#1758=VERTEX_POINT('',#5600);
#1759=VERTEX_POINT('',#5604);
#1760=VERTEX_POINT('',#5608);
#1761=VERTEX_POINT('',#5610);
#1762=VERTEX_POINT('',#5616);
#1763=VERTEX_POINT('',#5618);
#1764=VERTEX_POINT('',#5622);
#1765=VERTEX_POINT('',#5626);
#1766=VERTEX_POINT('',#5630);
#1767=VERTEX_POINT('',#5638);
#1768=VERTEX_POINT('',#5642);
#1769=VERTEX_POINT('',#5646);
#1770=VERTEX_POINT('',#5650);
#1771=VERTEX_POINT('',#5654);
#1772=VERTEX_POINT('',#5655);
#1773=VERTEX_POINT('',#5664);
#1774=VERTEX_POINT('',#5668);
#1775=VERTEX_POINT('',#5672);
#1776=VERTEX_POINT('',#5676);
#1777=VERTEX_POINT('',#5680);
#1778=VERTEX_POINT('',#5684);
#1779=VERTEX_POINT('',#5690);
#1780=VERTEX_POINT('',#5694);
#1781=VERTEX_POINT('',#5698);
#1782=VERTEX_POINT('',#5702);
#1783=VERTEX_POINT('',#5708);
#1784=VERTEX_POINT('',#5712);
#1785=VERTEX_POINT('',#5713);
#1786=VERTEX_POINT('',#5718);
#1787=VERTEX_POINT('',#5722);
#1788=VERTEX_POINT('',#5728);
#1789=VERTEX_POINT('',#5732);
#1790=VERTEX_POINT('',#5736);
#1791=VERTEX_POINT('',#5744);
#1792=VERTEX_POINT('',#5748);
#1793=VERTEX_POINT('',#5754);
#1794=VERTEX_POINT('',#5758);
#1795=VERTEX_POINT('',#5762);
#1796=VERTEX_POINT('',#5766);
#1797=VERTEX_POINT('',#5770);
#1798=VERTEX_POINT('',#5774);
#1799=VERTEX_POINT('',#5778);
#1800=VERTEX_POINT('',#5779);
#1801=VERTEX_POINT('',#5784);
#1802=VERTEX_POINT('',#5788);
#1803=VERTEX_POINT('',#5794);
#1804=VERTEX_POINT('',#5798);
#1805=VERTEX_POINT('',#5802);
#1806=VERTEX_POINT('',#5803);
#1807=VERTEX_POINT('',#5808);
#1808=VERTEX_POINT('',#5812);
#1809=VERTEX_POINT('',#5818);
#1810=VERTEX_POINT('',#5822);
#1811=VERTEX_POINT('',#5826);
#1812=VERTEX_POINT('',#5830);
#1813=VERTEX_POINT('',#5834);
#1814=VERTEX_POINT('',#5838);
#1815=VERTEX_POINT('',#5842);
#1816=VERTEX_POINT('',#5846);
#1817=VERTEX_POINT('',#5852);
#1818=VERTEX_POINT('',#5856);
#1819=VERTEX_POINT('',#5860);
#1820=VERTEX_POINT('',#5864);
#1821=VERTEX_POINT('',#5879);
#1822=VERTEX_POINT('',#5881);
#1823=VERTEX_POINT('',#5883);
#1824=VERTEX_POINT('',#5885);
#1825=VERTEX_POINT('',#5887);
#1826=VERTEX_POINT('',#5889);
#1827=VERTEX_POINT('',#5891);
#1828=VERTEX_POINT('',#5893);
#1829=VERTEX_POINT('',#5896);
#1830=VERTEX_POINT('',#5897);
#1831=VERTEX_POINT('',#5899);
#1832=VERTEX_POINT('',#5901);
#1833=VERTEX_POINT('',#5903);
#1834=VERTEX_POINT('',#5905);
#1835=VERTEX_POINT('',#5907);
#1836=VERTEX_POINT('',#5909);
#1837=VERTEX_POINT('',#5911);
#1838=VERTEX_POINT('',#5914);
#1839=VERTEX_POINT('',#5917);
#1840=VERTEX_POINT('',#5919);
#1841=VERTEX_POINT('',#5921);
#1842=VERTEX_POINT('',#5923);
#1843=VERTEX_POINT('',#5925);
#1844=VERTEX_POINT('',#5927);
#1845=VERTEX_POINT('',#5929);
#1846=VERTEX_POINT('',#5931);
#1847=VERTEX_POINT('',#5934);
#1848=VERTEX_POINT('',#5935);
#1849=VERTEX_POINT('',#5937);
#1850=VERTEX_POINT('',#5939);
#1851=VERTEX_POINT('',#5941);
#1852=VERTEX_POINT('',#5943);
#1853=VERTEX_POINT('',#5945);
#1854=VERTEX_POINT('',#5947);
#1855=VERTEX_POINT('',#5949);
#1856=VERTEX_POINT('',#5952);
#1857=VERTEX_POINT('',#5955);
#1858=VERTEX_POINT('',#5957);
#1859=VERTEX_POINT('',#5962);
#1860=VERTEX_POINT('',#5966);
#1861=VERTEX_POINT('',#5968);
#1862=VERTEX_POINT('',#5970);
#1863=VERTEX_POINT('',#5972);
#1864=VERTEX_POINT('',#5974);
#1865=VERTEX_POINT('',#5976);
#1866=VERTEX_POINT('',#5978);
#1867=VERTEX_POINT('',#5981);
#1868=VERTEX_POINT('',#5983);
#1869=VERTEX_POINT('',#5984);
#1870=VERTEX_POINT('',#5986);
#1871=VERTEX_POINT('',#5988);
#1872=VERTEX_POINT('',#5990);
#1873=VERTEX_POINT('',#5992);
#1874=VERTEX_POINT('',#5994);
#1875=VERTEX_POINT('',#5996);
#1876=VERTEX_POINT('',#5998);
#1877=VERTEX_POINT('',#6033);
#1878=VERTEX_POINT('',#6037);
#1879=VERTEX_POINT('',#6039);
#1880=VERTEX_POINT('',#6041);
#1881=VERTEX_POINT('',#6043);
#1882=VERTEX_POINT('',#6045);
#1883=VERTEX_POINT('',#6048);
#1884=VERTEX_POINT('',#6050);
#1885=VERTEX_POINT('',#6051);
#1886=VERTEX_POINT('',#6053);
#1887=VERTEX_POINT('',#6055);
#1888=VERTEX_POINT('',#6057);
#1889=VERTEX_POINT('',#6059);
#1890=VERTEX_POINT('',#6061);
#1891=VERTEX_POINT('',#6063);
#1892=VERTEX_POINT('',#6065);
#1893=EDGE_CURVE('',#1533,#1534,#617,.T.);
#1894=EDGE_CURVE('',#1535,#1533,#618,.T.);
#1895=EDGE_CURVE('',#1536,#1535,#619,.T.);
#1896=EDGE_CURVE('',#1534,#1536,#620,.T.);
#1897=EDGE_CURVE('',#1537,#1536,#621,.T.);
#1898=EDGE_CURVE('',#1538,#1537,#622,.T.);
#1899=EDGE_CURVE('',#1538,#1539,#623,.T.);
#1900=EDGE_CURVE('',#1539,#1540,#624,.T.);
#1901=EDGE_CURVE('',#1541,#1540,#625,.T.);
#1902=EDGE_CURVE('',#1541,#1542,#626,.T.);
#1903=EDGE_CURVE('',#1543,#1542,#627,.T.);
#1904=EDGE_CURVE('',#1543,#1544,#628,.T.);
#1905=EDGE_CURVE('',#1534,#1544,#629,.T.);
#1906=EDGE_CURVE('',#1545,#1546,#630,.T.);
#1907=EDGE_CURVE('',#1547,#1545,#631,.T.);
#1908=EDGE_CURVE('',#1548,#1547,#632,.T.);
#1909=EDGE_CURVE('',#1549,#1548,#633,.T.);
#1910=EDGE_CURVE('',#1546,#1549,#634,.T.);
#1911=EDGE_CURVE('',#1550,#1551,#635,.T.);
#1912=EDGE_CURVE('',#1552,#1550,#636,.T.);
#1913=EDGE_CURVE('',#1553,#1552,#637,.T.);
#1914=EDGE_CURVE('',#1554,#1553,#638,.T.);
#1915=EDGE_CURVE('',#1551,#1554,#639,.T.);
#1916=EDGE_CURVE('',#1548,#1555,#640,.T.);
#1917=EDGE_CURVE('',#1555,#1549,#641,.T.);
#1918=EDGE_CURVE('',#1556,#1552,#642,.T.);
#1919=EDGE_CURVE('',#1556,#1553,#643,.T.);
#1920=EDGE_CURVE('',#1557,#1550,#644,.T.);
#1921=EDGE_CURVE('',#1556,#1557,#645,.T.);
#1922=EDGE_CURVE('',#1558,#1554,#646,.T.);
#1923=EDGE_CURVE('',#1558,#1559,#647,.T.);
#1924=EDGE_CURVE('',#1551,#1559,#648,.T.);
#1925=EDGE_CURVE('',#1560,#1545,#649,.T.);
#1926=EDGE_CURVE('',#1561,#1560,#650,.T.);
#1927=EDGE_CURVE('',#1547,#1561,#651,.T.);
#1928=EDGE_CURVE('',#1555,#1562,#652,.T.);
#1929=EDGE_CURVE('',#1546,#1562,#653,.T.);
#1930=EDGE_CURVE('',#1563,#1564,#654,.T.);
#1931=EDGE_CURVE('',#1565,#1563,#655,.T.);
#1932=EDGE_CURVE('',#1566,#1565,#656,.T.);
#1933=EDGE_CURVE('',#1567,#1566,#657,.T.);
#1934=EDGE_CURVE('',#1564,#1567,#658,.T.);
#1935=EDGE_CURVE('',#1568,#1569,#659,.T.);
#1936=EDGE_CURVE('',#1570,#1568,#660,.T.);
#1937=EDGE_CURVE('',#1571,#1570,#661,.T.);
#1938=EDGE_CURVE('',#1572,#1571,#662,.T.);
#1939=EDGE_CURVE('',#1569,#1572,#663,.T.);
#1940=EDGE_CURVE('',#1573,#1563,#664,.T.);
#1941=EDGE_CURVE('',#1574,#1573,#665,.T.);
#1942=EDGE_CURVE('',#1565,#1574,#666,.T.);
#1943=EDGE_CURVE('',#1575,#1567,#667,.T.);
#1944=EDGE_CURVE('',#1575,#1576,#668,.T.);
#1945=EDGE_CURVE('',#1564,#1576,#669,.T.);
#1946=EDGE_CURVE('',#1577,#1568,#670,.T.);
#1947=EDGE_CURVE('',#1578,#1577,#671,.T.);
#1948=EDGE_CURVE('',#1578,#1570,#672,.T.);
#1949=EDGE_CURVE('',#1579,#1572,#673,.T.);
#1950=EDGE_CURVE('',#1579,#1580,#674,.T.);
#1951=EDGE_CURVE('',#1569,#1580,#675,.T.);
#1952=EDGE_CURVE('',#1581,#1582,#676,.T.);
#1953=EDGE_CURVE('',#1583,#1581,#677,.T.);
#1954=EDGE_CURVE('',#1584,#1583,#678,.T.);
#1955=EDGE_CURVE('',#1582,#1584,#679,.T.);
#1956=EDGE_CURVE('',#1585,#1584,#680,.T.);
#1957=EDGE_CURVE('',#1586,#1585,#681,.T.);
#1958=EDGE_CURVE('',#1586,#1587,#682,.T.);
#1959=EDGE_CURVE('',#1587,#1588,#683,.T.);
#1960=EDGE_CURVE('',#1589,#1588,#684,.T.);
#1961=EDGE_CURVE('',#1589,#1590,#685,.T.);
#1962=EDGE_CURVE('',#1582,#1590,#686,.T.);
#1963=EDGE_CURVE('',#1553,#1591,#687,.T.);
#1964=EDGE_CURVE('',#1591,#1592,#688,.T.);
#1965=EDGE_CURVE('',#1592,#1593,#689,.T.);
#1966=EDGE_CURVE('',#1593,#1594,#690,.T.);
#1967=EDGE_CURVE('',#1594,#1595,#691,.T.);
#1968=EDGE_CURVE('',#1595,#1596,#692,.T.);
#1969=EDGE_CURVE('',#1596,#1597,#693,.T.);
#1970=EDGE_CURVE('',#1597,#1598,#694,.T.);
#1971=EDGE_CURVE('',#1598,#1599,#695,.T.);
#1972=EDGE_CURVE('',#1599,#1600,#696,.T.);
#1973=EDGE_CURVE('',#1600,#1601,#697,.T.);
#1974=EDGE_CURVE('',#1601,#1602,#698,.T.);
#1975=EDGE_CURVE('',#1602,#1603,#699,.T.);
#1976=EDGE_CURVE('',#1603,#1604,#700,.T.);
#1977=EDGE_CURVE('',#1604,#1605,#701,.T.);
#1978=EDGE_CURVE('',#1605,#1548,#702,.T.);
#1979=EDGE_CURVE('',#1561,#1606,#703,.T.);
#1980=EDGE_CURVE('',#1606,#1579,#704,.T.);
#1981=EDGE_CURVE('',#1571,#1607,#705,.T.);
#1982=EDGE_CURVE('',#1607,#1608,#706,.T.);
#1983=EDGE_CURVE('',#1608,#1609,#707,.T.);
#1984=EDGE_CURVE('',#1609,#1610,#708,.T.);
#1985=EDGE_CURVE('',#1610,#1611,#709,.T.);
#1986=EDGE_CURVE('',#1611,#1612,#710,.T.);
#1987=EDGE_CURVE('',#1612,#1613,#711,.T.);
#1988=EDGE_CURVE('',#1613,#1614,#712,.T.);
#1989=EDGE_CURVE('',#1614,#1615,#713,.T.);
#1990=EDGE_CURVE('',#1615,#1616,#714,.T.);
#1991=EDGE_CURVE('',#1616,#1566,#715,.T.);
#1992=EDGE_CURVE('',#1574,#1617,#716,.T.);
#1993=EDGE_CURVE('',#1617,#1618,#717,.T.);
#1994=EDGE_CURVE('',#1618,#1619,#718,.T.);
#1995=EDGE_CURVE('',#1619,#1620,#719,.T.);
#1996=EDGE_CURVE('',#1620,#1621,#720,.T.);
#1997=EDGE_CURVE('',#1621,#1622,#721,.T.);
#1998=EDGE_CURVE('',#1622,#1623,#722,.T.);
#1999=EDGE_CURVE('',#1623,#1624,#723,.T.);
#2000=EDGE_CURVE('',#1624,#1625,#724,.T.);
#2001=EDGE_CURVE('',#1625,#1558,#725,.T.);
#2002=EDGE_CURVE('',#1535,#1626,#726,.T.);
#2003=EDGE_CURVE('',#1626,#1627,#727,.T.);
#2004=EDGE_CURVE('',#1627,#1628,#728,.T.);
#2005=EDGE_CURVE('',#1628,#1629,#729,.T.);
#2006=EDGE_CURVE('',#1629,#1630,#730,.T.);
#2007=EDGE_CURVE('',#1630,#1541,#731,.T.);
#2008=EDGE_CURVE('',#1540,#1631,#732,.T.);
#2009=EDGE_CURVE('',#1631,#1632,#733,.T.);
#2010=EDGE_CURVE('',#1632,#1537,#734,.T.);
#2011=EDGE_CURVE('',#1633,#1633,#57,.T.);
#2012=EDGE_CURVE('',#1634,#1634,#58,.T.);
#2013=EDGE_CURVE('',#1635,#1635,#59,.T.);
#2014=EDGE_CURVE('',#1636,#1636,#60,.T.);
#2015=EDGE_CURVE('',#1637,#1637,#61,.T.);
#2016=EDGE_CURVE('',#1638,#1638,#62,.T.);
#2017=EDGE_CURVE('',#1639,#1639,#63,.T.);
#2018=EDGE_CURVE('',#1640,#1640,#64,.T.);
#2019=EDGE_CURVE('',#1641,#1641,#65,.T.);
#2020=EDGE_CURVE('',#1642,#1642,#66,.T.);
#2021=EDGE_CURVE('',#1643,#1643,#67,.T.);
#2022=EDGE_CURVE('',#1644,#1644,#68,.T.);
#2023=EDGE_CURVE('',#1645,#1645,#69,.T.);
#2024=EDGE_CURVE('',#1646,#1646,#70,.T.);
#2025=EDGE_CURVE('',#1647,#1647,#71,.T.);
#2026=EDGE_CURVE('',#1648,#1648,#72,.T.);
#2027=EDGE_CURVE('',#1583,#1649,#735,.T.);
#2028=EDGE_CURVE('',#1649,#1650,#736,.T.);
#2029=EDGE_CURVE('',#1650,#1651,#737,.T.);
#2030=EDGE_CURVE('',#1651,#1652,#738,.T.);
#2031=EDGE_CURVE('',#1652,#1653,#739,.T.);
#2032=EDGE_CURVE('',#1653,#1589,#740,.T.);
#2033=EDGE_CURVE('',#1588,#1654,#741,.T.);
#2034=EDGE_CURVE('',#1654,#1655,#742,.T.);
#2035=EDGE_CURVE('',#1655,#1585,#743,.T.);
#2036=EDGE_CURVE('',#1566,#1575,#744,.T.);
#2037=EDGE_CURVE('',#1578,#1571,#745,.T.);
#2038=EDGE_CURVE('',#1656,#1559,#746,.T.);
#2039=EDGE_CURVE('',#1656,#1657,#747,.T.);
#2040=EDGE_CURVE('',#1658,#1657,#748,.T.);
#2041=EDGE_CURVE('',#1658,#1533,#749,.T.);
#2042=EDGE_CURVE('',#1659,#1544,#750,.T.);
#2043=EDGE_CURVE('',#1660,#1659,#751,.T.);
#2044=EDGE_CURVE('',#1661,#1660,#752,.T.);
#2045=EDGE_CURVE('',#1573,#1661,#753,.T.);
#2046=EDGE_CURVE('',#1662,#1576,#754,.T.);
#2047=EDGE_CURVE('',#1663,#1662,#755,.T.);
#2048=EDGE_CURVE('',#1577,#1663,#756,.T.);
#2049=EDGE_CURVE('',#1664,#1580,#757,.T.);
#2050=EDGE_CURVE('',#1665,#1664,#758,.T.);
#2051=EDGE_CURVE('',#1666,#1665,#759,.T.);
#2052=EDGE_CURVE('',#1560,#1666,#760,.T.);
#2053=EDGE_CURVE('',#1667,#1562,#761,.T.);
#2054=EDGE_CURVE('',#1668,#1667,#762,.T.);
#2055=EDGE_CURVE('',#1557,#1668,#763,.T.);
#2056=EDGE_CURVE('',#1669,#1590,#764,.T.);
#2057=EDGE_CURVE('',#1669,#1581,#765,.T.);
#2058=EDGE_CURVE('',#1670,#1670,#73,.T.);
#2059=EDGE_CURVE('',#1671,#1671,#74,.T.);
#2060=EDGE_CURVE('',#1672,#1672,#75,.T.);
#2061=EDGE_CURVE('',#1673,#1673,#76,.T.);
#2062=EDGE_CURVE('',#1543,#1674,#766,.T.);
#2063=EDGE_CURVE('',#1674,#1659,#767,.T.);
#2064=EDGE_CURVE('',#1658,#1675,#768,.T.);
#2065=EDGE_CURVE('',#1657,#1676,#769,.T.);
#2066=EDGE_CURVE('',#1676,#1675,#770,.T.);
#2067=EDGE_CURVE('',#1677,#1674,#771,.T.);
#2068=EDGE_CURVE('',#1677,#1660,#772,.T.);
#2069=EDGE_CURVE('',#1653,#1669,#773,.T.);
#2070=EDGE_CURVE('',#1678,#1679,#774,.T.);
#2071=EDGE_CURVE('',#1678,#1680,#775,.T.);
#2072=EDGE_CURVE('',#1681,#1680,#776,.T.);
#2073=EDGE_CURVE('',#1681,#1679,#777,.T.);
#2074=EDGE_CURVE('',#1661,#1682,#778,.T.);
#2075=EDGE_CURVE('',#1682,#1677,#779,.T.);
#2076=EDGE_CURVE('',#1663,#1683,#780,.T.);
#2077=EDGE_CURVE('',#1684,#1662,#781,.T.);
#2078=EDGE_CURVE('',#1684,#1683,#782,.T.);
#2079=EDGE_CURVE('',#1685,#1686,#783,.T.);
#2080=EDGE_CURVE('',#1685,#1687,#784,.T.);
#2081=EDGE_CURVE('',#1688,#1687,#785,.T.);
#2082=EDGE_CURVE('',#1688,#1686,#786,.T.);
#2083=EDGE_CURVE('',#1689,#1664,#787,.T.);
#2084=EDGE_CURVE('',#1689,#1690,#788,.T.);
#2085=EDGE_CURVE('',#1690,#1665,#789,.T.);
#2086=EDGE_CURVE('',#1691,#1685,#790,.T.);
#2087=EDGE_CURVE('',#1687,#1691,#791,.T.);
#2088=EDGE_CURVE('',#1679,#1692,#792,.T.);
#2089=EDGE_CURVE('',#1692,#1681,#793,.T.);
#2090=EDGE_CURVE('',#1693,#1683,#794,.T.);
#2091=EDGE_CURVE('',#1694,#1693,#795,.T.);
#2092=EDGE_CURVE('',#1695,#1694,#796,.T.);
#2093=EDGE_CURVE('',#1695,#1696,#797,.T.);
#2094=EDGE_CURVE('',#1696,#1697,#798,.T.);
#2095=EDGE_CURVE('',#1697,#1607,#799,.T.);
#2096=EDGE_CURVE('',#1698,#1691,#800,.T.);
#2097=EDGE_CURVE('',#1699,#1698,#801,.T.);
#2098=EDGE_CURVE('',#1700,#1699,#802,.T.);
#2099=EDGE_CURVE('',#1701,#1700,#803,.T.);
#2100=EDGE_CURVE('',#1701,#1702,#804,.T.);
#2101=EDGE_CURVE('',#1688,#1702,#805,.T.);
#2102=EDGE_CURVE('',#1703,#1682,#806,.T.);
#2103=EDGE_CURVE('',#1704,#1703,#807,.T.);
#2104=EDGE_CURVE('',#1705,#1704,#808,.T.);
#2105=EDGE_CURVE('',#1706,#1705,#809,.T.);
#2106=EDGE_CURVE('',#1707,#1706,#810,.T.);
#2107=EDGE_CURVE('',#1707,#1617,#811,.T.);
#2108=EDGE_CURVE('',#1692,#1708,#812,.T.);
#2109=EDGE_CURVE('',#1708,#1709,#813,.T.);
#2110=EDGE_CURVE('',#1709,#1710,#814,.T.);
#2111=EDGE_CURVE('',#1711,#1710,#815,.T.);
#2112=EDGE_CURVE('',#1711,#1712,#816,.T.);
#2113=EDGE_CURVE('',#1678,#1712,#817,.T.);
#2114=EDGE_CURVE('',#1666,#1713,#818,.T.);
#2115=EDGE_CURVE('',#1713,#1690,#819,.T.);
#2116=EDGE_CURVE('',#1714,#1656,#820,.T.);
#2117=EDGE_CURVE('',#1714,#1676,#821,.T.);
#2118=EDGE_CURVE('',#1668,#1715,#822,.T.);
#2119=EDGE_CURVE('',#1716,#1667,#823,.T.);
#2120=EDGE_CURVE('',#1716,#1715,#824,.T.);
#2121=EDGE_CURVE('',#1716,#1717,#825,.T.);
#2122=EDGE_CURVE('',#1717,#1718,#826,.T.);
#2123=EDGE_CURVE('',#1718,#1713,#827,.T.);
#2124=EDGE_CURVE('',#1689,#1719,#828,.T.);
#2125=EDGE_CURVE('',#1719,#1720,#829,.T.);
#2126=EDGE_CURVE('',#1720,#1686,#830,.T.);
#2127=EDGE_CURVE('',#1702,#1693,#831,.T.);
#2128=EDGE_CURVE('',#1684,#1721,#832,.T.);
#2129=EDGE_CURVE('',#1721,#1722,#833,.T.);
#2130=EDGE_CURVE('',#1722,#1680,#834,.T.);
#2131=EDGE_CURVE('',#1712,#1703,#835,.T.);
#2132=EDGE_CURVE('',#1542,#1723,#836,.T.);
#2133=EDGE_CURVE('',#1723,#1675,#837,.T.);
#2134=EDGE_CURVE('',#1714,#1724,#838,.T.);
#2135=EDGE_CURVE('',#1724,#1725,#839,.T.);
#2136=EDGE_CURVE('',#1725,#1715,#840,.T.);
#2137=EDGE_CURVE('',#1726,#1727,#841,.T.);
#2138=EDGE_CURVE('',#1728,#1726,#842,.T.);
#2139=EDGE_CURVE('',#1729,#1728,#843,.T.);
#2140=EDGE_CURVE('',#1729,#1727,#844,.T.);
#2141=EDGE_CURVE('',#1730,#1731,#845,.T.);
#2142=EDGE_CURVE('',#1732,#1730,#846,.T.);
#2143=EDGE_CURVE('',#1733,#1732,#847,.T.);
#2144=EDGE_CURVE('',#1731,#1733,#848,.T.);
#2145=EDGE_CURVE('',#1734,#1734,#77,.T.);
#2146=EDGE_CURVE('',#1735,#1735,#78,.T.);
#2147=EDGE_CURVE('',#1736,#1736,#79,.T.);
#2148=EDGE_CURVE('',#1737,#1737,#80,.T.);
#2149=EDGE_CURVE('',#1738,#1625,#849,.T.);
#2150=EDGE_CURVE('',#1739,#1738,#850,.T.);
#2151=EDGE_CURVE('',#1739,#1597,#851,.T.);
#2152=EDGE_CURVE('',#1596,#1724,#852,.T.);
#2153=EDGE_CURVE('',#1740,#1605,#853,.T.);
#2154=EDGE_CURVE('',#1740,#1741,#854,.T.);
#2155=EDGE_CURVE('',#1741,#1602,#855,.T.);
#2156=EDGE_CURVE('',#1601,#1717,#856,.T.);
#2157=EDGE_CURVE('',#1595,#1725,#857,.T.);
#2158=EDGE_CURVE('',#1704,#1711,#858,.T.);
#2159=EDGE_CURVE('',#1742,#1743,#859,.T.);
#2160=EDGE_CURVE('',#1742,#1722,#860,.T.);
#2161=EDGE_CURVE('',#1743,#1721,#861,.T.);
#2162=EDGE_CURVE('',#1710,#1744,#862,.T.);
#2163=EDGE_CURVE('',#1744,#1745,#863,.T.);
#2164=EDGE_CURVE('',#1745,#1742,#864,.T.);
#2165=EDGE_CURVE('',#1743,#1746,#865,.T.);
#2166=EDGE_CURVE('',#1746,#1695,#866,.T.);
#2167=EDGE_CURVE('',#1694,#1701,#867,.T.);
#2168=EDGE_CURVE('',#1700,#1747,#868,.T.);
#2169=EDGE_CURVE('',#1747,#1748,#869,.T.);
#2170=EDGE_CURVE('',#1748,#1749,#870,.T.);
#2171=EDGE_CURVE('',#1749,#1750,#871,.T.);
#2172=EDGE_CURVE('',#1750,#1751,#872,.T.);
#2173=EDGE_CURVE('',#1751,#1752,#873,.T.);
#2174=EDGE_CURVE('',#1752,#1705,#874,.T.);
#2175=EDGE_CURVE('',#1753,#1753,#81,.T.);
#2176=EDGE_CURVE('',#1754,#1754,#82,.T.);
#2177=EDGE_CURVE('',#1755,#1755,#83,.T.);
#2178=EDGE_CURVE('',#1756,#1756,#84,.T.);
#2179=EDGE_CURVE('',#1600,#1718,#875,.T.);
#2180=EDGE_CURVE('',#1749,#1720,#876,.T.);
#2181=EDGE_CURVE('',#1750,#1719,#877,.T.);
#2182=EDGE_CURVE('',#1630,#1723,#878,.T.);
#2183=EDGE_CURVE('',#1757,#1616,#879,.T.);
#2184=EDGE_CURVE('',#1757,#1758,#880,.T.);
#2185=EDGE_CURVE('',#1758,#1746,#881,.T.);
#2186=EDGE_CURVE('',#1759,#1745,#882,.T.);
#2187=EDGE_CURVE('',#1759,#1708,#883,.T.);
#2188=EDGE_CURVE('',#1760,#1614,#884,.T.);
#2189=EDGE_CURVE('',#1761,#1760,#885,.T.);
#2190=EDGE_CURVE('',#1615,#1761,#886,.T.);
#2191=EDGE_CURVE('',#1696,#1758,#887,.T.);
#2192=EDGE_CURVE('',#1762,#1608,#888,.T.);
#2193=EDGE_CURVE('',#1763,#1762,#889,.T.);
#2194=EDGE_CURVE('',#1609,#1763,#890,.T.);
#2195=EDGE_CURVE('',#1763,#1764,#891,.T.);
#2196=EDGE_CURVE('',#1764,#1610,#892,.T.);
#2197=EDGE_CURVE('',#1765,#1613,#893,.T.);
#2198=EDGE_CURVE('',#1765,#1760,#894,.T.);
#2199=EDGE_CURVE('',#1766,#1744,#895,.T.);
#2200=EDGE_CURVE('',#1766,#1759,#896,.T.);
#2201=EDGE_CURVE('',#1761,#1757,#897,.T.);
#2202=EDGE_CURVE('',#1709,#1766,#898,.T.);
#2203=EDGE_CURVE('',#1633,#1767,#899,.T.);
#2204=EDGE_CURVE('',#1767,#1767,#85,.T.);
#2205=EDGE_CURVE('',#1756,#1768,#900,.T.);
#2206=EDGE_CURVE('',#1768,#1768,#86,.T.);
#2207=EDGE_CURVE('',#1634,#1769,#901,.T.);
#2208=EDGE_CURVE('',#1769,#1769,#87,.T.);
#2209=EDGE_CURVE('',#1635,#1770,#902,.T.);
#2210=EDGE_CURVE('',#1770,#1770,#88,.T.);
#2211=EDGE_CURVE('',#1771,#1772,#903,.T.);
#2212=EDGE_CURVE('',#1772,#1612,#904,.T.);
#2213=EDGE_CURVE('',#1771,#1611,#905,.T.);
#2214=EDGE_CURVE('',#1764,#1771,#906,.T.);
#2215=EDGE_CURVE('',#1772,#1765,#907,.T.);
#2216=EDGE_CURVE('',#1636,#1773,#908,.T.);
#2217=EDGE_CURVE('',#1773,#1773,#89,.T.);
#2218=EDGE_CURVE('',#1637,#1774,#909,.T.);
#2219=EDGE_CURVE('',#1774,#1774,#90,.T.);
#2220=EDGE_CURVE('',#1638,#1775,#910,.T.);
#2221=EDGE_CURVE('',#1775,#1775,#91,.T.);
#2222=EDGE_CURVE('',#1755,#1776,#911,.T.);
#2223=EDGE_CURVE('',#1776,#1776,#92,.T.);
#2224=EDGE_CURVE('',#1777,#1538,#912,.T.);
#2225=EDGE_CURVE('',#1777,#1632,#913,.T.);
#2226=EDGE_CURVE('',#1778,#1777,#914,.T.);
#2227=EDGE_CURVE('',#1778,#1631,#915,.T.);
#2228=EDGE_CURVE('',#1539,#1778,#916,.T.);
#2229=EDGE_CURVE('',#1639,#1779,#917,.T.);
#2230=EDGE_CURVE('',#1779,#1779,#93,.T.);
#2231=EDGE_CURVE('',#1640,#1780,#918,.T.);
#2232=EDGE_CURVE('',#1780,#1780,#94,.T.);
#2233=EDGE_CURVE('',#1781,#1740,#919,.T.);
#2234=EDGE_CURVE('',#1781,#1604,#920,.T.);
#2235=EDGE_CURVE('',#1782,#1781,#921,.T.);
#2236=EDGE_CURVE('',#1782,#1603,#922,.T.);
#2237=EDGE_CURVE('',#1741,#1782,#923,.T.);
#2238=EDGE_CURVE('',#1754,#1783,#924,.T.);
#2239=EDGE_CURVE('',#1783,#1783,#95,.T.);
#2240=EDGE_CURVE('',#1784,#1785,#925,.T.);
#2241=EDGE_CURVE('',#1785,#1592,#926,.T.);
#2242=EDGE_CURVE('',#1784,#1591,#927,.T.);
#2243=EDGE_CURVE('',#1786,#1594,#928,.T.);
#2244=EDGE_CURVE('',#1786,#1784,#929,.T.);
#2245=EDGE_CURVE('',#1787,#1786,#930,.T.);
#2246=EDGE_CURVE('',#1787,#1593,#931,.T.);
#2247=EDGE_CURVE('',#1785,#1787,#932,.T.);
#2248=EDGE_CURVE('',#1641,#1788,#933,.T.);
#2249=EDGE_CURVE('',#1788,#1788,#96,.T.);
#2250=EDGE_CURVE('',#1789,#1586,#934,.T.);
#2251=EDGE_CURVE('',#1789,#1655,#935,.T.);
#2252=EDGE_CURVE('',#1790,#1789,#936,.T.);
#2253=EDGE_CURVE('',#1790,#1654,#937,.T.);
#2254=EDGE_CURVE('',#1587,#1790,#938,.T.);
#2255=EDGE_CURVE('',#1697,#1762,#939,.T.);
#2256=EDGE_CURVE('',#1791,#1748,#940,.T.);
#2257=EDGE_CURVE('',#1791,#1698,#941,.T.);
#2258=EDGE_CURVE('',#1792,#1791,#942,.T.);
#2259=EDGE_CURVE('',#1792,#1747,#943,.T.);
#2260=EDGE_CURVE('',#1699,#1792,#944,.T.);
#2261=EDGE_CURVE('',#1642,#1793,#945,.T.);
#2262=EDGE_CURVE('',#1793,#1793,#97,.T.);
#2263=EDGE_CURVE('',#1643,#1794,#946,.T.);
#2264=EDGE_CURVE('',#1794,#1794,#98,.T.);
#2265=EDGE_CURVE('',#1644,#1795,#947,.T.);
#2266=EDGE_CURVE('',#1795,#1795,#99,.T.);
#2267=EDGE_CURVE('',#1645,#1796,#948,.T.);
#2268=EDGE_CURVE('',#1796,#1796,#100,.T.);
#2269=EDGE_CURVE('',#1646,#1797,#949,.T.);
#2270=EDGE_CURVE('',#1797,#1797,#101,.T.);
#2271=EDGE_CURVE('',#1647,#1798,#950,.T.);
#2272=EDGE_CURVE('',#1798,#1798,#102,.T.);
#2273=EDGE_CURVE('',#1799,#1800,#951,.T.);
#2274=EDGE_CURVE('',#1800,#1651,#952,.T.);
#2275=EDGE_CURVE('',#1799,#1650,#953,.T.);
#2276=EDGE_CURVE('',#1801,#1799,#954,.T.);
#2277=EDGE_CURVE('',#1801,#1649,#955,.T.);
#2278=EDGE_CURVE('',#1802,#1652,#956,.T.);
#2279=EDGE_CURVE('',#1802,#1801,#957,.T.);
#2280=EDGE_CURVE('',#1800,#1802,#958,.T.);
#2281=EDGE_CURVE('',#1648,#1803,#959,.T.);
#2282=EDGE_CURVE('',#1803,#1803,#103,.T.);
#2283=EDGE_CURVE('',#1753,#1804,#960,.T.);
#2284=EDGE_CURVE('',#1804,#1804,#104,.T.);
#2285=EDGE_CURVE('',#1805,#1806,#961,.T.);
#2286=EDGE_CURVE('',#1806,#1628,#962,.T.);
#2287=EDGE_CURVE('',#1805,#1627,#963,.T.);
#2288=EDGE_CURVE('',#1807,#1805,#964,.T.);
#2289=EDGE_CURVE('',#1807,#1626,#965,.T.);
#2290=EDGE_CURVE('',#1808,#1629,#966,.T.);
#2291=EDGE_CURVE('',#1808,#1807,#967,.T.);
#2292=EDGE_CURVE('',#1806,#1808,#968,.T.);
#2293=EDGE_CURVE('',#1809,#1739,#969,.T.);
#2294=EDGE_CURVE('',#1809,#1598,#970,.T.);
#2295=EDGE_CURVE('',#1738,#1810,#971,.T.);
#2296=EDGE_CURVE('',#1810,#1624,#972,.T.);
#2297=EDGE_CURVE('',#1810,#1811,#973,.T.);
#2298=EDGE_CURVE('',#1811,#1623,#974,.T.);
#2299=EDGE_CURVE('',#1811,#1812,#975,.T.);
#2300=EDGE_CURVE('',#1812,#1622,#976,.T.);
#2301=EDGE_CURVE('',#1812,#1813,#977,.T.);
#2302=EDGE_CURVE('',#1813,#1621,#978,.T.);
#2303=EDGE_CURVE('',#1813,#1814,#979,.T.);
#2304=EDGE_CURVE('',#1814,#1620,#980,.T.);
#2305=EDGE_CURVE('',#1814,#1815,#981,.T.);
#2306=EDGE_CURVE('',#1815,#1619,#982,.T.);
#2307=EDGE_CURVE('',#1815,#1816,#983,.T.);
#2308=EDGE_CURVE('',#1816,#1618,#984,.T.);
#2309=EDGE_CURVE('',#1816,#1707,#985,.T.);
#2310=EDGE_CURVE('',#1706,#1817,#986,.T.);
#2311=EDGE_CURVE('',#1817,#1752,#987,.T.);
#2312=EDGE_CURVE('',#1817,#1818,#988,.T.);
#2313=EDGE_CURVE('',#1818,#1751,#989,.T.);
#2314=EDGE_CURVE('',#1819,#1606,#990,.T.);
#2315=EDGE_CURVE('',#1819,#1818,#991,.T.);
#2316=EDGE_CURVE('',#1820,#1599,#992,.T.);
#2317=EDGE_CURVE('',#1820,#1819,#993,.T.);
#2318=EDGE_CURVE('',#1809,#1820,#994,.T.);
#2319=EDGE_CURVE('',#1670,#1737,#995,.T.);
#2320=EDGE_CURVE('',#1671,#1736,#996,.T.);
#2321=EDGE_CURVE('',#1672,#1735,#997,.T.);
#2322=EDGE_CURVE('',#1673,#1734,#998,.T.);
#2323=EDGE_CURVE('',#1821,#1726,#999,.T.);
#2324=EDGE_CURVE('',#1822,#1821,#1000,.T.);
#2325=EDGE_CURVE('',#1823,#1822,#1001,.T.);
#2326=EDGE_CURVE('',#1824,#1823,#1002,.T.);
#2327=EDGE_CURVE('',#1825,#1824,#1003,.T.);
#2328=EDGE_CURVE('',#1826,#1825,#1004,.T.);
#2329=EDGE_CURVE('',#1827,#1826,#1005,.T.);
#2330=EDGE_CURVE('',#1828,#1827,#105,.T.);
#2331=EDGE_CURVE('',#1728,#1828,#1006,.T.);
#2332=EDGE_CURVE('',#1829,#1830,#106,.T.);
#2333=EDGE_CURVE('',#1831,#1829,#107,.T.);
#2334=EDGE_CURVE('',#1832,#1831,#1007,.T.);
#2335=EDGE_CURVE('',#1833,#1832,#108,.T.);
#2336=EDGE_CURVE('',#1834,#1833,#109,.T.);
#2337=EDGE_CURVE('',#1835,#1834,#110,.T.);
#2338=EDGE_CURVE('',#1836,#1835,#1008,.T.);
#2339=EDGE_CURVE('',#1837,#1836,#111,.T.);
#2340=EDGE_CURVE('',#1830,#1837,#112,.T.);
#2341=EDGE_CURVE('',#1838,#1838,#113,.T.);
#2342=EDGE_CURVE('',#1732,#1839,#1009,.T.);
#2343=EDGE_CURVE('',#1839,#1840,#114,.T.);
#2344=EDGE_CURVE('',#1840,#1841,#1010,.T.);
#2345=EDGE_CURVE('',#1841,#1842,#1011,.T.);
#2346=EDGE_CURVE('',#1842,#1843,#1012,.T.);
#2347=EDGE_CURVE('',#1843,#1844,#1013,.T.);
#2348=EDGE_CURVE('',#1844,#1845,#1014,.T.);
#2349=EDGE_CURVE('',#1845,#1846,#1015,.T.);
#2350=EDGE_CURVE('',#1846,#1733,#1016,.T.);
#2351=EDGE_CURVE('',#1847,#1848,#115,.T.);
#2352=EDGE_CURVE('',#1848,#1849,#116,.T.);
#2353=EDGE_CURVE('',#1849,#1850,#117,.T.);
#2354=EDGE_CURVE('',#1850,#1851,#1017,.T.);
#2355=EDGE_CURVE('',#1851,#1852,#118,.T.);
#2356=EDGE_CURVE('',#1852,#1853,#119,.T.);
#2357=EDGE_CURVE('',#1853,#1854,#120,.T.);
#2358=EDGE_CURVE('',#1854,#1855,#1018,.T.);
#2359=EDGE_CURVE('',#1855,#1847,#121,.T.);
#2360=EDGE_CURVE('',#1856,#1856,#122,.T.);
#2361=EDGE_CURVE('',#1727,#1857,#1019,.T.);
#2362=EDGE_CURVE('',#1858,#1857,#1020,.T.);
#2363=EDGE_CURVE('',#1731,#1858,#1021,.T.);
#2364=EDGE_CURVE('',#1821,#1846,#1022,.T.);
#2365=EDGE_CURVE('',#1730,#1859,#1023,.T.);
#2366=EDGE_CURVE('',#1859,#1839,#1024,.T.);
#2367=EDGE_CURVE('',#1857,#1860,#1025,.T.);
#2368=EDGE_CURVE('',#1729,#1861,#1026,.T.);
#2369=EDGE_CURVE('',#1861,#1862,#123,.T.);
#2370=EDGE_CURVE('',#1862,#1863,#1027,.T.);
#2371=EDGE_CURVE('',#1864,#1863,#1028,.T.);
#2372=EDGE_CURVE('',#1865,#1864,#1029,.T.);
#2373=EDGE_CURVE('',#1866,#1865,#1030,.T.);
#2374=EDGE_CURVE('',#1866,#1860,#1031,.T.);
#2375=EDGE_CURVE('',#1867,#1867,#124,.T.);
#2376=EDGE_CURVE('',#1868,#1869,#125,.T.);
#2377=EDGE_CURVE('',#1869,#1870,#126,.T.);
#2378=EDGE_CURVE('',#1870,#1871,#127,.T.);
#2379=EDGE_CURVE('',#1871,#1872,#1032,.T.);
#2380=EDGE_CURVE('',#1872,#1873,#128,.T.);
#2381=EDGE_CURVE('',#1873,#1874,#129,.T.);
#2382=EDGE_CURVE('',#1874,#1875,#130,.T.);
#2383=EDGE_CURVE('',#1875,#1876,#1033,.T.);
#2384=EDGE_CURVE('',#1876,#1868,#131,.T.);
#2385=EDGE_CURVE('',#1876,#1831,#1034,.T.);
#2386=EDGE_CURVE('',#1868,#1829,#1035,.T.);
#2387=EDGE_CURVE('',#1875,#1832,#1036,.T.);
#2388=EDGE_CURVE('',#1874,#1833,#1037,.T.);
#2389=EDGE_CURVE('',#1873,#1834,#1038,.T.);
#2390=EDGE_CURVE('',#1872,#1835,#1039,.T.);
#2391=EDGE_CURVE('',#1871,#1836,#1040,.T.);
#2392=EDGE_CURVE('',#1870,#1837,#1041,.T.);
#2393=EDGE_CURVE('',#1869,#1830,#1042,.T.);
#2394=EDGE_CURVE('',#1838,#1867,#1043,.T.);
#2395=EDGE_CURVE('',#1865,#1824,#1044,.T.);
#2396=EDGE_CURVE('',#1866,#1823,#1045,.T.);
#2397=EDGE_CURVE('',#1864,#1825,#1046,.T.);
#2398=EDGE_CURVE('',#1863,#1826,#1047,.T.);
#2399=EDGE_CURVE('',#1862,#1827,#1048,.T.);
#2400=EDGE_CURVE('',#1861,#1828,#1049,.T.);
#2401=EDGE_CURVE('',#1858,#1877,#1050,.T.);
#2402=EDGE_CURVE('',#1877,#1860,#1051,.T.);
#2403=EDGE_CURVE('',#1878,#1877,#1052,.T.);
#2404=EDGE_CURVE('',#1878,#1879,#1053,.T.);
#2405=EDGE_CURVE('',#1879,#1880,#1054,.T.);
#2406=EDGE_CURVE('',#1880,#1881,#1055,.T.);
#2407=EDGE_CURVE('',#1882,#1881,#1056,.T.);
#2408=EDGE_CURVE('',#1859,#1882,#132,.T.);
#2409=EDGE_CURVE('',#1883,#1883,#133,.T.);
#2410=EDGE_CURVE('',#1884,#1885,#134,.T.);
#2411=EDGE_CURVE('',#1886,#1884,#135,.T.);
#2412=EDGE_CURVE('',#1887,#1886,#1057,.T.);
#2413=EDGE_CURVE('',#1888,#1887,#136,.T.);
#2414=EDGE_CURVE('',#1889,#1888,#137,.T.);
#2415=EDGE_CURVE('',#1890,#1889,#138,.T.);
#2416=EDGE_CURVE('',#1891,#1890,#1058,.T.);
#2417=EDGE_CURVE('',#1892,#1891,#139,.T.);
#2418=EDGE_CURVE('',#1885,#1892,#140,.T.);
#2419=EDGE_CURVE('',#1884,#1847,#1059,.T.);
#2420=EDGE_CURVE('',#1886,#1855,#1060,.T.);
#2421=EDGE_CURVE('',#1887,#1854,#1061,.T.);
#2422=EDGE_CURVE('',#1888,#1853,#1062,.T.);
#2423=EDGE_CURVE('',#1889,#1852,#1063,.T.);
#2424=EDGE_CURVE('',#1890,#1851,#1064,.T.);
#2425=EDGE_CURVE('',#1891,#1850,#1065,.T.);
#2426=EDGE_CURVE('',#1892,#1849,#1066,.T.);
#2427=EDGE_CURVE('',#1885,#1848,#1067,.T.);
#2428=EDGE_CURVE('',#1856,#1883,#1068,.T.);
#2429=EDGE_CURVE('',#1878,#1844,#1069,.T.);
#2430=EDGE_CURVE('',#1879,#1843,#1070,.T.);
#2431=EDGE_CURVE('',#1880,#1842,#1071,.T.);
#2432=EDGE_CURVE('',#1881,#1841,#1072,.T.);
#2433=EDGE_CURVE('',#1882,#1840,#1073,.T.);
#2434=EDGE_CURVE('',#1822,#1845,#1074,.T.);
#2435=ORIENTED_EDGE('',*,*,#1893,.F.);
#2436=ORIENTED_EDGE('',*,*,#1894,.F.);
#2437=ORIENTED_EDGE('',*,*,#1895,.F.);
#2438=ORIENTED_EDGE('',*,*,#1896,.F.);
#2439=ORIENTED_EDGE('',*,*,#1896,.T.);
#2440=ORIENTED_EDGE('',*,*,#1897,.F.);
#2441=ORIENTED_EDGE('',*,*,#1898,.F.);
#2442=ORIENTED_EDGE('',*,*,#1899,.T.);
#2443=ORIENTED_EDGE('',*,*,#1900,.T.);
#2444=ORIENTED_EDGE('',*,*,#1901,.F.);
#2445=ORIENTED_EDGE('',*,*,#1902,.T.);
#2446=ORIENTED_EDGE('',*,*,#1903,.F.);
#2447=ORIENTED_EDGE('',*,*,#1904,.T.);
#2448=ORIENTED_EDGE('',*,*,#1905,.F.);
#2449=ORIENTED_EDGE('',*,*,#1906,.F.);
#2450=ORIENTED_EDGE('',*,*,#1907,.F.);
#2451=ORIENTED_EDGE('',*,*,#1908,.F.);
#2452=ORIENTED_EDGE('',*,*,#1909,.F.);
#2453=ORIENTED_EDGE('',*,*,#1910,.F.);
#2454=ORIENTED_EDGE('',*,*,#1911,.F.);
#2455=ORIENTED_EDGE('',*,*,#1912,.F.);
#2456=ORIENTED_EDGE('',*,*,#1913,.F.);
#2457=ORIENTED_EDGE('',*,*,#1914,.F.);
#2458=ORIENTED_EDGE('',*,*,#1915,.F.);
#2459=ORIENTED_EDGE('',*,*,#1909,.T.);
#2460=ORIENTED_EDGE('',*,*,#1916,.T.);
#2461=ORIENTED_EDGE('',*,*,#1917,.T.);
#2462=ORIENTED_EDGE('',*,*,#1913,.T.);
#2463=ORIENTED_EDGE('',*,*,#1918,.F.);
#2464=ORIENTED_EDGE('',*,*,#1919,.T.);
#2465=ORIENTED_EDGE('',*,*,#1912,.T.);
#2466=ORIENTED_EDGE('',*,*,#1920,.F.);
#2467=ORIENTED_EDGE('',*,*,#1921,.F.);
#2468=ORIENTED_EDGE('',*,*,#1918,.T.);
#2469=ORIENTED_EDGE('',*,*,#1915,.T.);
#2470=ORIENTED_EDGE('',*,*,#1922,.F.);
#2471=ORIENTED_EDGE('',*,*,#1923,.T.);
#2472=ORIENTED_EDGE('',*,*,#1924,.F.);
#2473=ORIENTED_EDGE('',*,*,#1907,.T.);
#2474=ORIENTED_EDGE('',*,*,#1925,.F.);
#2475=ORIENTED_EDGE('',*,*,#1926,.F.);
#2476=ORIENTED_EDGE('',*,*,#1927,.F.);
#2477=ORIENTED_EDGE('',*,*,#1910,.T.);
#2478=ORIENTED_EDGE('',*,*,#1917,.F.);
#2479=ORIENTED_EDGE('',*,*,#1928,.T.);
#2480=ORIENTED_EDGE('',*,*,#1929,.F.);
#2481=ORIENTED_EDGE('',*,*,#1930,.F.);
#2482=ORIENTED_EDGE('',*,*,#1931,.F.);
#2483=ORIENTED_EDGE('',*,*,#1932,.F.);
#2484=ORIENTED_EDGE('',*,*,#1933,.F.);
#2485=ORIENTED_EDGE('',*,*,#1934,.F.);
#2486=ORIENTED_EDGE('',*,*,#1935,.F.);
#2487=ORIENTED_EDGE('',*,*,#1936,.F.);
#2488=ORIENTED_EDGE('',*,*,#1937,.F.);
#2489=ORIENTED_EDGE('',*,*,#1938,.F.);
#2490=ORIENTED_EDGE('',*,*,#1939,.F.);
#2491=ORIENTED_EDGE('',*,*,#1931,.T.);
#2492=ORIENTED_EDGE('',*,*,#1940,.F.);
#2493=ORIENTED_EDGE('',*,*,#1941,.F.);
#2494=ORIENTED_EDGE('',*,*,#1942,.F.);
#2495=ORIENTED_EDGE('',*,*,#1934,.T.);
#2496=ORIENTED_EDGE('',*,*,#1943,.F.);
#2497=ORIENTED_EDGE('',*,*,#1944,.T.);
#2498=ORIENTED_EDGE('',*,*,#1945,.F.);
#2499=ORIENTED_EDGE('',*,*,#1936,.T.);
#2500=ORIENTED_EDGE('',*,*,#1946,.F.);
#2501=ORIENTED_EDGE('',*,*,#1947,.F.);
#2502=ORIENTED_EDGE('',*,*,#1948,.T.);
#2503=ORIENTED_EDGE('',*,*,#1939,.T.);
#2504=ORIENTED_EDGE('',*,*,#1949,.F.);
#2505=ORIENTED_EDGE('',*,*,#1950,.T.);
#2506=ORIENTED_EDGE('',*,*,#1951,.F.);
#2507=ORIENTED_EDGE('',*,*,#1952,.F.);
#2508=ORIENTED_EDGE('',*,*,#1953,.F.);
#2509=ORIENTED_EDGE('',*,*,#1954,.F.);
#2510=ORIENTED_EDGE('',*,*,#1955,.F.);
#2511=ORIENTED_EDGE('',*,*,#1955,.T.);
#2512=ORIENTED_EDGE('',*,*,#1956,.F.);
#2513=ORIENTED_EDGE('',*,*,#1957,.F.);
#2514=ORIENTED_EDGE('',*,*,#1958,.T.);
#2515=ORIENTED_EDGE('',*,*,#1959,.T.);
#2516=ORIENTED_EDGE('',*,*,#1960,.F.);
#2517=ORIENTED_EDGE('',*,*,#1961,.T.);
#2518=ORIENTED_EDGE('',*,*,#1962,.F.);
#2519=ORIENTED_EDGE('',*,*,#1922,.T.);
#2520=ORIENTED_EDGE('',*,*,#1914,.T.);
#2521=ORIENTED_EDGE('',*,*,#1963,.T.);
#2522=ORIENTED_EDGE('',*,*,#1964,.T.);
#2523=ORIENTED_EDGE('',*,*,#1965,.T.);
#2524=ORIENTED_EDGE('',*,*,#1966,.T.);
#2525=ORIENTED_EDGE('',*,*,#1967,.T.);
#2526=ORIENTED_EDGE('',*,*,#1968,.T.);
#2527=ORIENTED_EDGE('',*,*,#1969,.T.);
#2528=ORIENTED_EDGE('',*,*,#1970,.T.);
#2529=ORIENTED_EDGE('',*,*,#1971,.T.);
#2530=ORIENTED_EDGE('',*,*,#1972,.T.);
#2531=ORIENTED_EDGE('',*,*,#1973,.T.);
#2532=ORIENTED_EDGE('',*,*,#1974,.T.);
#2533=ORIENTED_EDGE('',*,*,#1975,.T.);
#2534=ORIENTED_EDGE('',*,*,#1976,.T.);
#2535=ORIENTED_EDGE('',*,*,#1977,.T.);
#2536=ORIENTED_EDGE('',*,*,#1978,.T.);
#2537=ORIENTED_EDGE('',*,*,#1908,.T.);
#2538=ORIENTED_EDGE('',*,*,#1927,.T.);
#2539=ORIENTED_EDGE('',*,*,#1979,.T.);
#2540=ORIENTED_EDGE('',*,*,#1980,.T.);
#2541=ORIENTED_EDGE('',*,*,#1949,.T.);
#2542=ORIENTED_EDGE('',*,*,#1938,.T.);
#2543=ORIENTED_EDGE('',*,*,#1981,.T.);
#2544=ORIENTED_EDGE('',*,*,#1982,.T.);
#2545=ORIENTED_EDGE('',*,*,#1983,.T.);
#2546=ORIENTED_EDGE('',*,*,#1984,.T.);
#2547=ORIENTED_EDGE('',*,*,#1985,.T.);
#2548=ORIENTED_EDGE('',*,*,#1986,.T.);
#2549=ORIENTED_EDGE('',*,*,#1987,.T.);
#2550=ORIENTED_EDGE('',*,*,#1988,.T.);
#2551=ORIENTED_EDGE('',*,*,#1989,.T.);
#2552=ORIENTED_EDGE('',*,*,#1990,.T.);
#2553=ORIENTED_EDGE('',*,*,#1991,.T.);
#2554=ORIENTED_EDGE('',*,*,#1932,.T.);
#2555=ORIENTED_EDGE('',*,*,#1942,.T.);
#2556=ORIENTED_EDGE('',*,*,#1992,.T.);
#2557=ORIENTED_EDGE('',*,*,#1993,.T.);
#2558=ORIENTED_EDGE('',*,*,#1994,.T.);
#2559=ORIENTED_EDGE('',*,*,#1995,.T.);
#2560=ORIENTED_EDGE('',*,*,#1996,.T.);
#2561=ORIENTED_EDGE('',*,*,#1997,.T.);
#2562=ORIENTED_EDGE('',*,*,#1998,.T.);
#2563=ORIENTED_EDGE('',*,*,#1999,.T.);
#2564=ORIENTED_EDGE('',*,*,#2000,.T.);
#2565=ORIENTED_EDGE('',*,*,#2001,.T.);
#2566=ORIENTED_EDGE('',*,*,#2002,.T.);
#2567=ORIENTED_EDGE('',*,*,#2003,.T.);
#2568=ORIENTED_EDGE('',*,*,#2004,.T.);
#2569=ORIENTED_EDGE('',*,*,#2005,.T.);
#2570=ORIENTED_EDGE('',*,*,#2006,.T.);
#2571=ORIENTED_EDGE('',*,*,#2007,.T.);
#2572=ORIENTED_EDGE('',*,*,#1901,.T.);
#2573=ORIENTED_EDGE('',*,*,#2008,.T.);
#2574=ORIENTED_EDGE('',*,*,#2009,.T.);
#2575=ORIENTED_EDGE('',*,*,#2010,.T.);
#2576=ORIENTED_EDGE('',*,*,#1897,.T.);
#2577=ORIENTED_EDGE('',*,*,#1895,.T.);
#2578=ORIENTED_EDGE('',*,*,#2011,.T.);
#2579=ORIENTED_EDGE('',*,*,#2012,.T.);
#2580=ORIENTED_EDGE('',*,*,#2013,.T.);
#2581=ORIENTED_EDGE('',*,*,#2014,.T.);
#2582=ORIENTED_EDGE('',*,*,#2015,.T.);
#2583=ORIENTED_EDGE('',*,*,#2016,.T.);
#2584=ORIENTED_EDGE('',*,*,#2017,.T.);
#2585=ORIENTED_EDGE('',*,*,#2018,.T.);
#2586=ORIENTED_EDGE('',*,*,#2019,.T.);
#2587=ORIENTED_EDGE('',*,*,#2020,.T.);
#2588=ORIENTED_EDGE('',*,*,#2021,.T.);
#2589=ORIENTED_EDGE('',*,*,#2022,.T.);
#2590=ORIENTED_EDGE('',*,*,#2023,.T.);
#2591=ORIENTED_EDGE('',*,*,#2024,.T.);
#2592=ORIENTED_EDGE('',*,*,#2025,.T.);
#2593=ORIENTED_EDGE('',*,*,#2026,.T.);
#2594=ORIENTED_EDGE('',*,*,#2027,.T.);
#2595=ORIENTED_EDGE('',*,*,#2028,.T.);
#2596=ORIENTED_EDGE('',*,*,#2029,.T.);
#2597=ORIENTED_EDGE('',*,*,#2030,.T.);
#2598=ORIENTED_EDGE('',*,*,#2031,.T.);
#2599=ORIENTED_EDGE('',*,*,#2032,.T.);
#2600=ORIENTED_EDGE('',*,*,#1960,.T.);
#2601=ORIENTED_EDGE('',*,*,#2033,.T.);
#2602=ORIENTED_EDGE('',*,*,#2034,.T.);
#2603=ORIENTED_EDGE('',*,*,#2035,.T.);
#2604=ORIENTED_EDGE('',*,*,#1956,.T.);
#2605=ORIENTED_EDGE('',*,*,#1954,.T.);
#2606=ORIENTED_EDGE('',*,*,#1933,.T.);
#2607=ORIENTED_EDGE('',*,*,#2036,.T.);
#2608=ORIENTED_EDGE('',*,*,#1943,.T.);
#2609=ORIENTED_EDGE('',*,*,#1937,.T.);
#2610=ORIENTED_EDGE('',*,*,#1948,.F.);
#2611=ORIENTED_EDGE('',*,*,#2037,.T.);
#2612=ORIENTED_EDGE('',*,*,#1924,.T.);
#2613=ORIENTED_EDGE('',*,*,#2038,.F.);
#2614=ORIENTED_EDGE('',*,*,#2039,.T.);
#2615=ORIENTED_EDGE('',*,*,#2040,.F.);
#2616=ORIENTED_EDGE('',*,*,#2041,.T.);
#2617=ORIENTED_EDGE('',*,*,#1893,.T.);
#2618=ORIENTED_EDGE('',*,*,#1905,.T.);
#2619=ORIENTED_EDGE('',*,*,#2042,.F.);
#2620=ORIENTED_EDGE('',*,*,#2043,.F.);
#2621=ORIENTED_EDGE('',*,*,#2044,.F.);
#2622=ORIENTED_EDGE('',*,*,#2045,.F.);
#2623=ORIENTED_EDGE('',*,*,#1940,.T.);
#2624=ORIENTED_EDGE('',*,*,#1930,.T.);
#2625=ORIENTED_EDGE('',*,*,#1945,.T.);
#2626=ORIENTED_EDGE('',*,*,#2046,.F.);
#2627=ORIENTED_EDGE('',*,*,#2047,.F.);
#2628=ORIENTED_EDGE('',*,*,#2048,.F.);
#2629=ORIENTED_EDGE('',*,*,#1946,.T.);
#2630=ORIENTED_EDGE('',*,*,#1935,.T.);
#2631=ORIENTED_EDGE('',*,*,#1951,.T.);
#2632=ORIENTED_EDGE('',*,*,#2049,.F.);
#2633=ORIENTED_EDGE('',*,*,#2050,.F.);
#2634=ORIENTED_EDGE('',*,*,#2051,.F.);
#2635=ORIENTED_EDGE('',*,*,#2052,.F.);
#2636=ORIENTED_EDGE('',*,*,#1925,.T.);
#2637=ORIENTED_EDGE('',*,*,#1906,.T.);
#2638=ORIENTED_EDGE('',*,*,#1929,.T.);
#2639=ORIENTED_EDGE('',*,*,#2053,.F.);
#2640=ORIENTED_EDGE('',*,*,#2054,.F.);
#2641=ORIENTED_EDGE('',*,*,#2055,.F.);
#2642=ORIENTED_EDGE('',*,*,#1920,.T.);
#2643=ORIENTED_EDGE('',*,*,#1911,.T.);
#2644=ORIENTED_EDGE('',*,*,#1962,.T.);
#2645=ORIENTED_EDGE('',*,*,#2056,.F.);
#2646=ORIENTED_EDGE('',*,*,#2057,.T.);
#2647=ORIENTED_EDGE('',*,*,#1952,.T.);
#2648=ORIENTED_EDGE('',*,*,#2058,.F.);
#2649=ORIENTED_EDGE('',*,*,#2059,.F.);
#2650=ORIENTED_EDGE('',*,*,#2060,.F.);
#2651=ORIENTED_EDGE('',*,*,#2061,.F.);
#2652=ORIENTED_EDGE('',*,*,#1904,.F.);
#2653=ORIENTED_EDGE('',*,*,#2062,.T.);
#2654=ORIENTED_EDGE('',*,*,#2063,.T.);
#2655=ORIENTED_EDGE('',*,*,#2042,.T.);
#2656=ORIENTED_EDGE('',*,*,#2064,.F.);
#2657=ORIENTED_EDGE('',*,*,#2040,.T.);
#2658=ORIENTED_EDGE('',*,*,#2065,.T.);
#2659=ORIENTED_EDGE('',*,*,#2066,.T.);
#2660=ORIENTED_EDGE('',*,*,#2043,.T.);
#2661=ORIENTED_EDGE('',*,*,#2063,.F.);
#2662=ORIENTED_EDGE('',*,*,#2067,.F.);
#2663=ORIENTED_EDGE('',*,*,#2068,.T.);
#2664=ORIENTED_EDGE('',*,*,#2056,.T.);
#2665=ORIENTED_EDGE('',*,*,#1961,.F.);
#2666=ORIENTED_EDGE('',*,*,#2032,.F.);
#2667=ORIENTED_EDGE('',*,*,#2069,.T.);
#2668=ORIENTED_EDGE('',*,*,#2070,.F.);
#2669=ORIENTED_EDGE('',*,*,#2071,.T.);
#2670=ORIENTED_EDGE('',*,*,#2072,.F.);
#2671=ORIENTED_EDGE('',*,*,#2073,.T.);
#2672=ORIENTED_EDGE('',*,*,#2074,.F.);
#2673=ORIENTED_EDGE('',*,*,#2044,.T.);
#2674=ORIENTED_EDGE('',*,*,#2068,.F.);
#2675=ORIENTED_EDGE('',*,*,#2075,.F.);
#2676=ORIENTED_EDGE('',*,*,#2076,.F.);
#2677=ORIENTED_EDGE('',*,*,#2047,.T.);
#2678=ORIENTED_EDGE('',*,*,#2077,.F.);
#2679=ORIENTED_EDGE('',*,*,#2078,.T.);
#2680=ORIENTED_EDGE('',*,*,#2079,.F.);
#2681=ORIENTED_EDGE('',*,*,#2080,.T.);
#2682=ORIENTED_EDGE('',*,*,#2081,.F.);
#2683=ORIENTED_EDGE('',*,*,#2082,.T.);
#2684=ORIENTED_EDGE('',*,*,#2083,.F.);
#2685=ORIENTED_EDGE('',*,*,#2084,.T.);
#2686=ORIENTED_EDGE('',*,*,#2085,.T.);
#2687=ORIENTED_EDGE('',*,*,#2050,.T.);
#2688=ORIENTED_EDGE('',*,*,#2086,.F.);
#2689=ORIENTED_EDGE('',*,*,#2087,.F.);
#2690=ORIENTED_EDGE('',*,*,#2080,.F.);
#2691=ORIENTED_EDGE('',*,*,#2088,.F.);
#2692=ORIENTED_EDGE('',*,*,#2073,.F.);
#2693=ORIENTED_EDGE('',*,*,#2089,.F.);
#2694=ORIENTED_EDGE('',*,*,#2048,.T.);
#2695=ORIENTED_EDGE('',*,*,#2076,.T.);
#2696=ORIENTED_EDGE('',*,*,#2090,.F.);
#2697=ORIENTED_EDGE('',*,*,#2091,.F.);
#2698=ORIENTED_EDGE('',*,*,#2092,.F.);
#2699=ORIENTED_EDGE('',*,*,#2093,.T.);
#2700=ORIENTED_EDGE('',*,*,#2094,.T.);
#2701=ORIENTED_EDGE('',*,*,#2095,.T.);
#2702=ORIENTED_EDGE('',*,*,#1981,.F.);
#2703=ORIENTED_EDGE('',*,*,#2037,.F.);
#2704=ORIENTED_EDGE('',*,*,#1947,.T.);
#2705=ORIENTED_EDGE('',*,*,#2081,.T.);
#2706=ORIENTED_EDGE('',*,*,#2087,.T.);
#2707=ORIENTED_EDGE('',*,*,#2096,.F.);
#2708=ORIENTED_EDGE('',*,*,#2097,.F.);
#2709=ORIENTED_EDGE('',*,*,#2098,.F.);
#2710=ORIENTED_EDGE('',*,*,#2099,.F.);
#2711=ORIENTED_EDGE('',*,*,#2100,.T.);
#2712=ORIENTED_EDGE('',*,*,#2101,.F.);
#2713=ORIENTED_EDGE('',*,*,#2045,.T.);
#2714=ORIENTED_EDGE('',*,*,#2074,.T.);
#2715=ORIENTED_EDGE('',*,*,#2102,.F.);
#2716=ORIENTED_EDGE('',*,*,#2103,.F.);
#2717=ORIENTED_EDGE('',*,*,#2104,.F.);
#2718=ORIENTED_EDGE('',*,*,#2105,.F.);
#2719=ORIENTED_EDGE('',*,*,#2106,.F.);
#2720=ORIENTED_EDGE('',*,*,#2107,.T.);
#2721=ORIENTED_EDGE('',*,*,#1992,.F.);
#2722=ORIENTED_EDGE('',*,*,#1941,.T.);
#2723=ORIENTED_EDGE('',*,*,#2070,.T.);
#2724=ORIENTED_EDGE('',*,*,#2088,.T.);
#2725=ORIENTED_EDGE('',*,*,#2108,.T.);
#2726=ORIENTED_EDGE('',*,*,#2109,.T.);
#2727=ORIENTED_EDGE('',*,*,#2110,.T.);
#2728=ORIENTED_EDGE('',*,*,#2111,.F.);
#2729=ORIENTED_EDGE('',*,*,#2112,.T.);
#2730=ORIENTED_EDGE('',*,*,#2113,.F.);
#2731=ORIENTED_EDGE('',*,*,#2114,.F.);
#2732=ORIENTED_EDGE('',*,*,#2051,.T.);
#2733=ORIENTED_EDGE('',*,*,#2085,.F.);
#2734=ORIENTED_EDGE('',*,*,#2115,.F.);
#2735=ORIENTED_EDGE('',*,*,#2116,.F.);
#2736=ORIENTED_EDGE('',*,*,#2117,.T.);
#2737=ORIENTED_EDGE('',*,*,#2065,.F.);
#2738=ORIENTED_EDGE('',*,*,#2039,.F.);
#2739=ORIENTED_EDGE('',*,*,#2118,.F.);
#2740=ORIENTED_EDGE('',*,*,#2054,.T.);
#2741=ORIENTED_EDGE('',*,*,#2119,.F.);
#2742=ORIENTED_EDGE('',*,*,#2120,.T.);
#2743=ORIENTED_EDGE('',*,*,#2120,.F.);
#2744=ORIENTED_EDGE('',*,*,#2121,.T.);
#2745=ORIENTED_EDGE('',*,*,#2122,.T.);
#2746=ORIENTED_EDGE('',*,*,#2123,.T.);
#2747=ORIENTED_EDGE('',*,*,#2115,.T.);
#2748=ORIENTED_EDGE('',*,*,#2084,.F.);
#2749=ORIENTED_EDGE('',*,*,#2124,.T.);
#2750=ORIENTED_EDGE('',*,*,#2125,.T.);
#2751=ORIENTED_EDGE('',*,*,#2126,.T.);
#2752=ORIENTED_EDGE('',*,*,#2082,.F.);
#2753=ORIENTED_EDGE('',*,*,#2101,.T.);
#2754=ORIENTED_EDGE('',*,*,#2127,.T.);
#2755=ORIENTED_EDGE('',*,*,#2090,.T.);
#2756=ORIENTED_EDGE('',*,*,#2078,.F.);
#2757=ORIENTED_EDGE('',*,*,#2128,.T.);
#2758=ORIENTED_EDGE('',*,*,#2129,.T.);
#2759=ORIENTED_EDGE('',*,*,#2130,.T.);
#2760=ORIENTED_EDGE('',*,*,#2071,.F.);
#2761=ORIENTED_EDGE('',*,*,#2113,.T.);
#2762=ORIENTED_EDGE('',*,*,#2131,.T.);
#2763=ORIENTED_EDGE('',*,*,#2102,.T.);
#2764=ORIENTED_EDGE('',*,*,#2075,.T.);
#2765=ORIENTED_EDGE('',*,*,#2067,.T.);
#2766=ORIENTED_EDGE('',*,*,#2062,.F.);
#2767=ORIENTED_EDGE('',*,*,#1903,.T.);
#2768=ORIENTED_EDGE('',*,*,#2132,.T.);
#2769=ORIENTED_EDGE('',*,*,#2133,.T.);
#2770=ORIENTED_EDGE('',*,*,#2066,.F.);
#2771=ORIENTED_EDGE('',*,*,#2117,.F.);
#2772=ORIENTED_EDGE('',*,*,#2134,.T.);
#2773=ORIENTED_EDGE('',*,*,#2135,.T.);
#2774=ORIENTED_EDGE('',*,*,#2136,.T.);
#2775=ORIENTED_EDGE('',*,*,#2137,.F.);
#2776=ORIENTED_EDGE('',*,*,#2138,.F.);
#2777=ORIENTED_EDGE('',*,*,#2139,.F.);
#2778=ORIENTED_EDGE('',*,*,#2140,.T.);
#2779=ORIENTED_EDGE('',*,*,#2141,.F.);
#2780=ORIENTED_EDGE('',*,*,#2142,.F.);
#2781=ORIENTED_EDGE('',*,*,#2143,.F.);
#2782=ORIENTED_EDGE('',*,*,#2144,.F.);
#2783=ORIENTED_EDGE('',*,*,#2145,.T.);
#2784=ORIENTED_EDGE('',*,*,#2146,.T.);
#2785=ORIENTED_EDGE('',*,*,#2147,.T.);
#2786=ORIENTED_EDGE('',*,*,#2148,.T.);
#2787=ORIENTED_EDGE('',*,*,#2116,.T.);
#2788=ORIENTED_EDGE('',*,*,#2038,.T.);
#2789=ORIENTED_EDGE('',*,*,#1923,.F.);
#2790=ORIENTED_EDGE('',*,*,#2001,.F.);
#2791=ORIENTED_EDGE('',*,*,#2149,.F.);
#2792=ORIENTED_EDGE('',*,*,#2150,.F.);
#2793=ORIENTED_EDGE('',*,*,#2151,.T.);
#2794=ORIENTED_EDGE('',*,*,#1969,.F.);
#2795=ORIENTED_EDGE('',*,*,#2152,.T.);
#2796=ORIENTED_EDGE('',*,*,#2134,.F.);
#2797=ORIENTED_EDGE('',*,*,#2119,.T.);
#2798=ORIENTED_EDGE('',*,*,#2053,.T.);
#2799=ORIENTED_EDGE('',*,*,#1928,.F.);
#2800=ORIENTED_EDGE('',*,*,#1916,.F.);
#2801=ORIENTED_EDGE('',*,*,#1978,.F.);
#2802=ORIENTED_EDGE('',*,*,#2153,.F.);
#2803=ORIENTED_EDGE('',*,*,#2154,.T.);
#2804=ORIENTED_EDGE('',*,*,#2155,.T.);
#2805=ORIENTED_EDGE('',*,*,#1974,.F.);
#2806=ORIENTED_EDGE('',*,*,#2156,.T.);
#2807=ORIENTED_EDGE('',*,*,#2121,.F.);
#2808=ORIENTED_EDGE('',*,*,#1968,.F.);
#2809=ORIENTED_EDGE('',*,*,#2157,.T.);
#2810=ORIENTED_EDGE('',*,*,#2135,.F.);
#2811=ORIENTED_EDGE('',*,*,#2152,.F.);
#2812=ORIENTED_EDGE('',*,*,#2158,.F.);
#2813=ORIENTED_EDGE('',*,*,#2103,.T.);
#2814=ORIENTED_EDGE('',*,*,#2131,.F.);
#2815=ORIENTED_EDGE('',*,*,#2112,.F.);
#2816=ORIENTED_EDGE('',*,*,#2159,.F.);
#2817=ORIENTED_EDGE('',*,*,#2160,.T.);
#2818=ORIENTED_EDGE('',*,*,#2129,.F.);
#2819=ORIENTED_EDGE('',*,*,#2161,.F.);
#2820=ORIENTED_EDGE('',*,*,#2158,.T.);
#2821=ORIENTED_EDGE('',*,*,#2111,.T.);
#2822=ORIENTED_EDGE('',*,*,#2162,.T.);
#2823=ORIENTED_EDGE('',*,*,#2163,.T.);
#2824=ORIENTED_EDGE('',*,*,#2164,.T.);
#2825=ORIENTED_EDGE('',*,*,#2159,.T.);
#2826=ORIENTED_EDGE('',*,*,#2165,.T.);
#2827=ORIENTED_EDGE('',*,*,#2166,.T.);
#2828=ORIENTED_EDGE('',*,*,#2092,.T.);
#2829=ORIENTED_EDGE('',*,*,#2167,.T.);
#2830=ORIENTED_EDGE('',*,*,#2099,.T.);
#2831=ORIENTED_EDGE('',*,*,#2168,.T.);
#2832=ORIENTED_EDGE('',*,*,#2169,.T.);
#2833=ORIENTED_EDGE('',*,*,#2170,.T.);
#2834=ORIENTED_EDGE('',*,*,#2171,.T.);
#2835=ORIENTED_EDGE('',*,*,#2172,.T.);
#2836=ORIENTED_EDGE('',*,*,#2173,.T.);
#2837=ORIENTED_EDGE('',*,*,#2174,.T.);
#2838=ORIENTED_EDGE('',*,*,#2104,.T.);
#2839=ORIENTED_EDGE('',*,*,#2175,.T.);
#2840=ORIENTED_EDGE('',*,*,#2176,.T.);
#2841=ORIENTED_EDGE('',*,*,#2177,.T.);
#2842=ORIENTED_EDGE('',*,*,#2178,.T.);
#2843=ORIENTED_EDGE('',*,*,#1973,.F.);
#2844=ORIENTED_EDGE('',*,*,#2179,.T.);
#2845=ORIENTED_EDGE('',*,*,#2122,.F.);
#2846=ORIENTED_EDGE('',*,*,#2156,.F.);
#2847=ORIENTED_EDGE('',*,*,#2167,.F.);
#2848=ORIENTED_EDGE('',*,*,#2091,.T.);
#2849=ORIENTED_EDGE('',*,*,#2127,.F.);
#2850=ORIENTED_EDGE('',*,*,#2100,.F.);
#2851=ORIENTED_EDGE('',*,*,#2171,.F.);
#2852=ORIENTED_EDGE('',*,*,#2180,.T.);
#2853=ORIENTED_EDGE('',*,*,#2125,.F.);
#2854=ORIENTED_EDGE('',*,*,#2181,.F.);
#2855=ORIENTED_EDGE('',*,*,#2007,.F.);
#2856=ORIENTED_EDGE('',*,*,#2182,.T.);
#2857=ORIENTED_EDGE('',*,*,#2132,.F.);
#2858=ORIENTED_EDGE('',*,*,#1902,.F.);
#2859=ORIENTED_EDGE('',*,*,#2046,.T.);
#2860=ORIENTED_EDGE('',*,*,#1944,.F.);
#2861=ORIENTED_EDGE('',*,*,#2036,.F.);
#2862=ORIENTED_EDGE('',*,*,#1991,.F.);
#2863=ORIENTED_EDGE('',*,*,#2183,.F.);
#2864=ORIENTED_EDGE('',*,*,#2184,.T.);
#2865=ORIENTED_EDGE('',*,*,#2185,.T.);
#2866=ORIENTED_EDGE('',*,*,#2165,.F.);
#2867=ORIENTED_EDGE('',*,*,#2161,.T.);
#2868=ORIENTED_EDGE('',*,*,#2128,.F.);
#2869=ORIENTED_EDGE('',*,*,#2077,.T.);
#2870=ORIENTED_EDGE('',*,*,#2072,.T.);
#2871=ORIENTED_EDGE('',*,*,#2130,.F.);
#2872=ORIENTED_EDGE('',*,*,#2160,.F.);
#2873=ORIENTED_EDGE('',*,*,#2164,.F.);
#2874=ORIENTED_EDGE('',*,*,#2186,.F.);
#2875=ORIENTED_EDGE('',*,*,#2187,.T.);
#2876=ORIENTED_EDGE('',*,*,#2108,.F.);
#2877=ORIENTED_EDGE('',*,*,#2089,.T.);
#2878=ORIENTED_EDGE('',*,*,#1989,.F.);
#2879=ORIENTED_EDGE('',*,*,#2188,.F.);
#2880=ORIENTED_EDGE('',*,*,#2189,.F.);
#2881=ORIENTED_EDGE('',*,*,#2190,.F.);
#2882=ORIENTED_EDGE('',*,*,#2166,.F.);
#2883=ORIENTED_EDGE('',*,*,#2185,.F.);
#2884=ORIENTED_EDGE('',*,*,#2191,.F.);
#2885=ORIENTED_EDGE('',*,*,#2093,.F.);
#2886=ORIENTED_EDGE('',*,*,#1983,.F.);
#2887=ORIENTED_EDGE('',*,*,#2192,.F.);
#2888=ORIENTED_EDGE('',*,*,#2193,.F.);
#2889=ORIENTED_EDGE('',*,*,#2194,.F.);
#2890=ORIENTED_EDGE('',*,*,#2194,.T.);
#2891=ORIENTED_EDGE('',*,*,#2195,.T.);
#2892=ORIENTED_EDGE('',*,*,#2196,.T.);
#2893=ORIENTED_EDGE('',*,*,#1984,.F.);
#2894=ORIENTED_EDGE('',*,*,#2188,.T.);
#2895=ORIENTED_EDGE('',*,*,#1988,.F.);
#2896=ORIENTED_EDGE('',*,*,#2197,.F.);
#2897=ORIENTED_EDGE('',*,*,#2198,.T.);
#2898=ORIENTED_EDGE('',*,*,#2186,.T.);
#2899=ORIENTED_EDGE('',*,*,#2163,.F.);
#2900=ORIENTED_EDGE('',*,*,#2199,.F.);
#2901=ORIENTED_EDGE('',*,*,#2200,.T.);
#2902=ORIENTED_EDGE('',*,*,#2190,.T.);
#2903=ORIENTED_EDGE('',*,*,#2201,.T.);
#2904=ORIENTED_EDGE('',*,*,#2183,.T.);
#2905=ORIENTED_EDGE('',*,*,#1990,.F.);
#2906=ORIENTED_EDGE('',*,*,#2202,.T.);
#2907=ORIENTED_EDGE('',*,*,#2199,.T.);
#2908=ORIENTED_EDGE('',*,*,#2162,.F.);
#2909=ORIENTED_EDGE('',*,*,#2110,.F.);
#2910=ORIENTED_EDGE('',*,*,#2011,.F.);
#2911=ORIENTED_EDGE('',*,*,#2203,.T.);
#2912=ORIENTED_EDGE('',*,*,#2204,.T.);
#2913=ORIENTED_EDGE('',*,*,#2203,.F.);
#2914=ORIENTED_EDGE('',*,*,#2178,.F.);
#2915=ORIENTED_EDGE('',*,*,#2205,.T.);
#2916=ORIENTED_EDGE('',*,*,#2206,.T.);
#2917=ORIENTED_EDGE('',*,*,#2205,.F.);
#2918=ORIENTED_EDGE('',*,*,#2012,.F.);
#2919=ORIENTED_EDGE('',*,*,#2207,.T.);
#2920=ORIENTED_EDGE('',*,*,#2208,.T.);
#2921=ORIENTED_EDGE('',*,*,#2207,.F.);
#2922=ORIENTED_EDGE('',*,*,#2013,.F.);
#2923=ORIENTED_EDGE('',*,*,#2209,.T.);
#2924=ORIENTED_EDGE('',*,*,#2210,.T.);
#2925=ORIENTED_EDGE('',*,*,#2209,.F.);
#2926=ORIENTED_EDGE('',*,*,#2211,.T.);
#2927=ORIENTED_EDGE('',*,*,#2212,.T.);
#2928=ORIENTED_EDGE('',*,*,#1986,.F.);
#2929=ORIENTED_EDGE('',*,*,#2213,.F.);
#2930=ORIENTED_EDGE('',*,*,#2214,.T.);
#2931=ORIENTED_EDGE('',*,*,#2213,.T.);
#2932=ORIENTED_EDGE('',*,*,#1985,.F.);
#2933=ORIENTED_EDGE('',*,*,#2196,.F.);
#2934=ORIENTED_EDGE('',*,*,#2215,.T.);
#2935=ORIENTED_EDGE('',*,*,#2197,.T.);
#2936=ORIENTED_EDGE('',*,*,#1987,.F.);
#2937=ORIENTED_EDGE('',*,*,#2212,.F.);
#2938=ORIENTED_EDGE('',*,*,#2014,.F.);
#2939=ORIENTED_EDGE('',*,*,#2216,.T.);
#2940=ORIENTED_EDGE('',*,*,#2217,.T.);
#2941=ORIENTED_EDGE('',*,*,#2216,.F.);
#2942=ORIENTED_EDGE('',*,*,#2015,.F.);
#2943=ORIENTED_EDGE('',*,*,#2218,.T.);
#2944=ORIENTED_EDGE('',*,*,#2219,.T.);
#2945=ORIENTED_EDGE('',*,*,#2218,.F.);
#2946=ORIENTED_EDGE('',*,*,#2016,.F.);
#2947=ORIENTED_EDGE('',*,*,#2220,.T.);
#2948=ORIENTED_EDGE('',*,*,#2221,.T.);
#2949=ORIENTED_EDGE('',*,*,#2220,.F.);
#2950=ORIENTED_EDGE('',*,*,#2177,.F.);
#2951=ORIENTED_EDGE('',*,*,#2222,.T.);
#2952=ORIENTED_EDGE('',*,*,#2223,.T.);
#2953=ORIENTED_EDGE('',*,*,#2222,.F.);
#2954=ORIENTED_EDGE('',*,*,#2224,.T.);
#2955=ORIENTED_EDGE('',*,*,#1898,.T.);
#2956=ORIENTED_EDGE('',*,*,#2010,.F.);
#2957=ORIENTED_EDGE('',*,*,#2225,.F.);
#2958=ORIENTED_EDGE('',*,*,#2226,.T.);
#2959=ORIENTED_EDGE('',*,*,#2225,.T.);
#2960=ORIENTED_EDGE('',*,*,#2009,.F.);
#2961=ORIENTED_EDGE('',*,*,#2227,.F.);
#2962=ORIENTED_EDGE('',*,*,#2228,.T.);
#2963=ORIENTED_EDGE('',*,*,#2227,.T.);
#2964=ORIENTED_EDGE('',*,*,#2008,.F.);
#2965=ORIENTED_EDGE('',*,*,#1900,.F.);
#2966=ORIENTED_EDGE('',*,*,#2017,.F.);
#2967=ORIENTED_EDGE('',*,*,#2229,.T.);
#2968=ORIENTED_EDGE('',*,*,#2230,.T.);
#2969=ORIENTED_EDGE('',*,*,#2229,.F.);
#2970=ORIENTED_EDGE('',*,*,#2018,.F.);
#2971=ORIENTED_EDGE('',*,*,#2231,.T.);
#2972=ORIENTED_EDGE('',*,*,#2232,.T.);
#2973=ORIENTED_EDGE('',*,*,#2231,.F.);
#2974=ORIENTED_EDGE('',*,*,#2233,.T.);
#2975=ORIENTED_EDGE('',*,*,#2153,.T.);
#2976=ORIENTED_EDGE('',*,*,#1977,.F.);
#2977=ORIENTED_EDGE('',*,*,#2234,.F.);
#2978=ORIENTED_EDGE('',*,*,#2235,.T.);
#2979=ORIENTED_EDGE('',*,*,#2234,.T.);
#2980=ORIENTED_EDGE('',*,*,#1976,.F.);
#2981=ORIENTED_EDGE('',*,*,#2236,.F.);
#2982=ORIENTED_EDGE('',*,*,#2237,.T.);
#2983=ORIENTED_EDGE('',*,*,#2236,.T.);
#2984=ORIENTED_EDGE('',*,*,#1975,.F.);
#2985=ORIENTED_EDGE('',*,*,#2155,.F.);
#2986=ORIENTED_EDGE('',*,*,#2176,.F.);
#2987=ORIENTED_EDGE('',*,*,#2238,.T.);
#2988=ORIENTED_EDGE('',*,*,#2239,.T.);
#2989=ORIENTED_EDGE('',*,*,#2238,.F.);
#2990=ORIENTED_EDGE('',*,*,#2240,.T.);
#2991=ORIENTED_EDGE('',*,*,#2241,.T.);
#2992=ORIENTED_EDGE('',*,*,#1964,.F.);
#2993=ORIENTED_EDGE('',*,*,#2242,.F.);
#2994=ORIENTED_EDGE('',*,*,#2118,.T.);
#2995=ORIENTED_EDGE('',*,*,#2136,.F.);
#2996=ORIENTED_EDGE('',*,*,#2157,.F.);
#2997=ORIENTED_EDGE('',*,*,#1967,.F.);
#2998=ORIENTED_EDGE('',*,*,#2243,.F.);
#2999=ORIENTED_EDGE('',*,*,#2244,.T.);
#3000=ORIENTED_EDGE('',*,*,#2242,.T.);
#3001=ORIENTED_EDGE('',*,*,#1963,.F.);
#3002=ORIENTED_EDGE('',*,*,#1919,.F.);
#3003=ORIENTED_EDGE('',*,*,#1921,.T.);
#3004=ORIENTED_EDGE('',*,*,#2055,.T.);
#3005=ORIENTED_EDGE('',*,*,#2245,.T.);
#3006=ORIENTED_EDGE('',*,*,#2243,.T.);
#3007=ORIENTED_EDGE('',*,*,#1966,.F.);
#3008=ORIENTED_EDGE('',*,*,#2246,.F.);
#3009=ORIENTED_EDGE('',*,*,#2247,.T.);
#3010=ORIENTED_EDGE('',*,*,#2246,.T.);
#3011=ORIENTED_EDGE('',*,*,#1965,.F.);
#3012=ORIENTED_EDGE('',*,*,#2241,.F.);
#3013=ORIENTED_EDGE('',*,*,#2019,.F.);
#3014=ORIENTED_EDGE('',*,*,#2248,.T.);
#3015=ORIENTED_EDGE('',*,*,#2249,.T.);
#3016=ORIENTED_EDGE('',*,*,#2248,.F.);
#3017=ORIENTED_EDGE('',*,*,#2250,.T.);
#3018=ORIENTED_EDGE('',*,*,#1957,.T.);
#3019=ORIENTED_EDGE('',*,*,#2035,.F.);
#3020=ORIENTED_EDGE('',*,*,#2251,.F.);
#3021=ORIENTED_EDGE('',*,*,#2252,.T.);
#3022=ORIENTED_EDGE('',*,*,#2251,.T.);
#3023=ORIENTED_EDGE('',*,*,#2034,.F.);
#3024=ORIENTED_EDGE('',*,*,#2253,.F.);
#3025=ORIENTED_EDGE('',*,*,#2254,.T.);
#3026=ORIENTED_EDGE('',*,*,#2253,.T.);
#3027=ORIENTED_EDGE('',*,*,#2033,.F.);
#3028=ORIENTED_EDGE('',*,*,#1959,.F.);
#3029=ORIENTED_EDGE('',*,*,#2192,.T.);
#3030=ORIENTED_EDGE('',*,*,#1982,.F.);
#3031=ORIENTED_EDGE('',*,*,#2095,.F.);
#3032=ORIENTED_EDGE('',*,*,#2255,.T.);
#3033=ORIENTED_EDGE('',*,*,#2079,.T.);
#3034=ORIENTED_EDGE('',*,*,#2126,.F.);
#3035=ORIENTED_EDGE('',*,*,#2180,.F.);
#3036=ORIENTED_EDGE('',*,*,#2170,.F.);
#3037=ORIENTED_EDGE('',*,*,#2256,.F.);
#3038=ORIENTED_EDGE('',*,*,#2257,.T.);
#3039=ORIENTED_EDGE('',*,*,#2096,.T.);
#3040=ORIENTED_EDGE('',*,*,#2086,.T.);
#3041=ORIENTED_EDGE('',*,*,#2258,.T.);
#3042=ORIENTED_EDGE('',*,*,#2256,.T.);
#3043=ORIENTED_EDGE('',*,*,#2169,.F.);
#3044=ORIENTED_EDGE('',*,*,#2259,.F.);
#3045=ORIENTED_EDGE('',*,*,#2098,.T.);
#3046=ORIENTED_EDGE('',*,*,#2260,.T.);
#3047=ORIENTED_EDGE('',*,*,#2259,.T.);
#3048=ORIENTED_EDGE('',*,*,#2168,.F.);
#3049=ORIENTED_EDGE('',*,*,#2020,.F.);
#3050=ORIENTED_EDGE('',*,*,#2261,.T.);
#3051=ORIENTED_EDGE('',*,*,#2262,.T.);
#3052=ORIENTED_EDGE('',*,*,#2261,.F.);
#3053=ORIENTED_EDGE('',*,*,#2021,.F.);
#3054=ORIENTED_EDGE('',*,*,#2263,.T.);
#3055=ORIENTED_EDGE('',*,*,#2264,.T.);
#3056=ORIENTED_EDGE('',*,*,#2263,.F.);
#3057=ORIENTED_EDGE('',*,*,#2022,.F.);
#3058=ORIENTED_EDGE('',*,*,#2265,.T.);
#3059=ORIENTED_EDGE('',*,*,#2266,.T.);
#3060=ORIENTED_EDGE('',*,*,#2265,.F.);
#3061=ORIENTED_EDGE('',*,*,#2023,.F.);
#3062=ORIENTED_EDGE('',*,*,#2267,.T.);
#3063=ORIENTED_EDGE('',*,*,#2268,.T.);
#3064=ORIENTED_EDGE('',*,*,#2267,.F.);
#3065=ORIENTED_EDGE('',*,*,#2024,.F.);
#3066=ORIENTED_EDGE('',*,*,#2269,.T.);
#3067=ORIENTED_EDGE('',*,*,#2270,.T.);
#3068=ORIENTED_EDGE('',*,*,#2269,.F.);
#3069=ORIENTED_EDGE('',*,*,#2025,.F.);
#3070=ORIENTED_EDGE('',*,*,#2271,.T.);
#3071=ORIENTED_EDGE('',*,*,#2272,.T.);
#3072=ORIENTED_EDGE('',*,*,#2271,.F.);
#3073=ORIENTED_EDGE('',*,*,#2273,.T.);
#3074=ORIENTED_EDGE('',*,*,#2274,.T.);
#3075=ORIENTED_EDGE('',*,*,#2029,.F.);
#3076=ORIENTED_EDGE('',*,*,#2275,.F.);
#3077=ORIENTED_EDGE('',*,*,#2276,.T.);
#3078=ORIENTED_EDGE('',*,*,#2275,.T.);
#3079=ORIENTED_EDGE('',*,*,#2028,.F.);
#3080=ORIENTED_EDGE('',*,*,#2277,.F.);
#3081=ORIENTED_EDGE('',*,*,#1953,.T.);
#3082=ORIENTED_EDGE('',*,*,#2057,.F.);
#3083=ORIENTED_EDGE('',*,*,#2069,.F.);
#3084=ORIENTED_EDGE('',*,*,#2031,.F.);
#3085=ORIENTED_EDGE('',*,*,#2278,.F.);
#3086=ORIENTED_EDGE('',*,*,#2279,.T.);
#3087=ORIENTED_EDGE('',*,*,#2277,.T.);
#3088=ORIENTED_EDGE('',*,*,#2027,.F.);
#3089=ORIENTED_EDGE('',*,*,#2280,.T.);
#3090=ORIENTED_EDGE('',*,*,#2278,.T.);
#3091=ORIENTED_EDGE('',*,*,#2030,.F.);
#3092=ORIENTED_EDGE('',*,*,#2274,.F.);
#3093=ORIENTED_EDGE('',*,*,#2026,.F.);
#3094=ORIENTED_EDGE('',*,*,#2281,.T.);
#3095=ORIENTED_EDGE('',*,*,#2282,.T.);
#3096=ORIENTED_EDGE('',*,*,#2281,.F.);
#3097=ORIENTED_EDGE('',*,*,#2175,.F.);
#3098=ORIENTED_EDGE('',*,*,#2283,.T.);
#3099=ORIENTED_EDGE('',*,*,#2284,.T.);
#3100=ORIENTED_EDGE('',*,*,#2283,.F.);
#3101=ORIENTED_EDGE('',*,*,#2285,.T.);
#3102=ORIENTED_EDGE('',*,*,#2286,.T.);
#3103=ORIENTED_EDGE('',*,*,#2004,.F.);
#3104=ORIENTED_EDGE('',*,*,#2287,.F.);
#3105=ORIENTED_EDGE('',*,*,#2288,.T.);
#3106=ORIENTED_EDGE('',*,*,#2287,.T.);
#3107=ORIENTED_EDGE('',*,*,#2003,.F.);
#3108=ORIENTED_EDGE('',*,*,#2289,.F.);
#3109=ORIENTED_EDGE('',*,*,#1894,.T.);
#3110=ORIENTED_EDGE('',*,*,#2041,.F.);
#3111=ORIENTED_EDGE('',*,*,#2064,.T.);
#3112=ORIENTED_EDGE('',*,*,#2133,.F.);
#3113=ORIENTED_EDGE('',*,*,#2182,.F.);
#3114=ORIENTED_EDGE('',*,*,#2006,.F.);
#3115=ORIENTED_EDGE('',*,*,#2290,.F.);
#3116=ORIENTED_EDGE('',*,*,#2291,.T.);
#3117=ORIENTED_EDGE('',*,*,#2289,.T.);
#3118=ORIENTED_EDGE('',*,*,#2002,.F.);
#3119=ORIENTED_EDGE('',*,*,#2292,.T.);
#3120=ORIENTED_EDGE('',*,*,#2290,.T.);
#3121=ORIENTED_EDGE('',*,*,#2005,.F.);
#3122=ORIENTED_EDGE('',*,*,#2286,.F.);
#3123=ORIENTED_EDGE('',*,*,#2293,.F.);
#3124=ORIENTED_EDGE('',*,*,#2294,.T.);
#3125=ORIENTED_EDGE('',*,*,#1970,.F.);
#3126=ORIENTED_EDGE('',*,*,#2151,.F.);
#3127=ORIENTED_EDGE('',*,*,#2295,.F.);
#3128=ORIENTED_EDGE('',*,*,#2149,.T.);
#3129=ORIENTED_EDGE('',*,*,#2000,.F.);
#3130=ORIENTED_EDGE('',*,*,#2296,.F.);
#3131=ORIENTED_EDGE('',*,*,#2297,.F.);
#3132=ORIENTED_EDGE('',*,*,#2296,.T.);
#3133=ORIENTED_EDGE('',*,*,#1999,.F.);
#3134=ORIENTED_EDGE('',*,*,#2298,.F.);
#3135=ORIENTED_EDGE('',*,*,#2299,.F.);
#3136=ORIENTED_EDGE('',*,*,#2298,.T.);
#3137=ORIENTED_EDGE('',*,*,#1998,.F.);
#3138=ORIENTED_EDGE('',*,*,#2300,.F.);
#3139=ORIENTED_EDGE('',*,*,#2301,.F.);
#3140=ORIENTED_EDGE('',*,*,#2300,.T.);
#3141=ORIENTED_EDGE('',*,*,#1997,.F.);
#3142=ORIENTED_EDGE('',*,*,#2302,.F.);
#3143=ORIENTED_EDGE('',*,*,#2303,.F.);
#3144=ORIENTED_EDGE('',*,*,#2302,.T.);
#3145=ORIENTED_EDGE('',*,*,#1996,.F.);
#3146=ORIENTED_EDGE('',*,*,#2304,.F.);
#3147=ORIENTED_EDGE('',*,*,#2305,.F.);
#3148=ORIENTED_EDGE('',*,*,#2304,.T.);
#3149=ORIENTED_EDGE('',*,*,#1995,.F.);
#3150=ORIENTED_EDGE('',*,*,#2306,.F.);
#3151=ORIENTED_EDGE('',*,*,#2307,.F.);
#3152=ORIENTED_EDGE('',*,*,#2306,.T.);
#3153=ORIENTED_EDGE('',*,*,#1994,.F.);
#3154=ORIENTED_EDGE('',*,*,#2308,.F.);
#3155=ORIENTED_EDGE('',*,*,#2309,.F.);
#3156=ORIENTED_EDGE('',*,*,#2308,.T.);
#3157=ORIENTED_EDGE('',*,*,#1993,.F.);
#3158=ORIENTED_EDGE('',*,*,#2107,.F.);
#3159=ORIENTED_EDGE('',*,*,#2310,.F.);
#3160=ORIENTED_EDGE('',*,*,#2105,.T.);
#3161=ORIENTED_EDGE('',*,*,#2174,.F.);
#3162=ORIENTED_EDGE('',*,*,#2311,.F.);
#3163=ORIENTED_EDGE('',*,*,#2312,.F.);
#3164=ORIENTED_EDGE('',*,*,#2311,.T.);
#3165=ORIENTED_EDGE('',*,*,#2173,.F.);
#3166=ORIENTED_EDGE('',*,*,#2313,.F.);
#3167=ORIENTED_EDGE('',*,*,#2049,.T.);
#3168=ORIENTED_EDGE('',*,*,#1950,.F.);
#3169=ORIENTED_EDGE('',*,*,#1980,.F.);
#3170=ORIENTED_EDGE('',*,*,#2314,.F.);
#3171=ORIENTED_EDGE('',*,*,#2315,.T.);
#3172=ORIENTED_EDGE('',*,*,#2313,.T.);
#3173=ORIENTED_EDGE('',*,*,#2172,.F.);
#3174=ORIENTED_EDGE('',*,*,#2181,.T.);
#3175=ORIENTED_EDGE('',*,*,#2124,.F.);
#3176=ORIENTED_EDGE('',*,*,#2083,.T.);
#3177=ORIENTED_EDGE('',*,*,#2114,.T.);
#3178=ORIENTED_EDGE('',*,*,#2123,.F.);
#3179=ORIENTED_EDGE('',*,*,#2179,.F.);
#3180=ORIENTED_EDGE('',*,*,#1972,.F.);
#3181=ORIENTED_EDGE('',*,*,#2316,.F.);
#3182=ORIENTED_EDGE('',*,*,#2317,.T.);
#3183=ORIENTED_EDGE('',*,*,#2314,.T.);
#3184=ORIENTED_EDGE('',*,*,#1979,.F.);
#3185=ORIENTED_EDGE('',*,*,#1926,.T.);
#3186=ORIENTED_EDGE('',*,*,#2052,.T.);
#3187=ORIENTED_EDGE('',*,*,#2318,.T.);
#3188=ORIENTED_EDGE('',*,*,#2316,.T.);
#3189=ORIENTED_EDGE('',*,*,#1971,.F.);
#3190=ORIENTED_EDGE('',*,*,#2294,.F.);
#3191=ORIENTED_EDGE('',*,*,#2318,.F.);
#3192=ORIENTED_EDGE('',*,*,#2293,.T.);
#3193=ORIENTED_EDGE('',*,*,#2150,.T.);
#3194=ORIENTED_EDGE('',*,*,#2295,.T.);
#3195=ORIENTED_EDGE('',*,*,#2297,.T.);
#3196=ORIENTED_EDGE('',*,*,#2299,.T.);
#3197=ORIENTED_EDGE('',*,*,#2301,.T.);
#3198=ORIENTED_EDGE('',*,*,#2303,.T.);
#3199=ORIENTED_EDGE('',*,*,#2305,.T.);
#3200=ORIENTED_EDGE('',*,*,#2307,.T.);
#3201=ORIENTED_EDGE('',*,*,#2309,.T.);
#3202=ORIENTED_EDGE('',*,*,#2106,.T.);
#3203=ORIENTED_EDGE('',*,*,#2310,.T.);
#3204=ORIENTED_EDGE('',*,*,#2312,.T.);
#3205=ORIENTED_EDGE('',*,*,#2315,.F.);
#3206=ORIENTED_EDGE('',*,*,#2317,.F.);
#3207=ORIENTED_EDGE('',*,*,#2257,.F.);
#3208=ORIENTED_EDGE('',*,*,#2258,.F.);
#3209=ORIENTED_EDGE('',*,*,#2260,.F.);
#3210=ORIENTED_EDGE('',*,*,#2097,.T.);
#3211=ORIENTED_EDGE('',*,*,#2094,.F.);
#3212=ORIENTED_EDGE('',*,*,#2191,.T.);
#3213=ORIENTED_EDGE('',*,*,#2184,.F.);
#3214=ORIENTED_EDGE('',*,*,#2201,.F.);
#3215=ORIENTED_EDGE('',*,*,#2189,.T.);
#3216=ORIENTED_EDGE('',*,*,#2198,.F.);
#3217=ORIENTED_EDGE('',*,*,#2215,.F.);
#3218=ORIENTED_EDGE('',*,*,#2211,.F.);
#3219=ORIENTED_EDGE('',*,*,#2214,.F.);
#3220=ORIENTED_EDGE('',*,*,#2195,.F.);
#3221=ORIENTED_EDGE('',*,*,#2193,.T.);
#3222=ORIENTED_EDGE('',*,*,#2255,.F.);
#3223=ORIENTED_EDGE('',*,*,#2204,.F.);
#3224=ORIENTED_EDGE('',*,*,#2206,.F.);
#3225=ORIENTED_EDGE('',*,*,#2208,.F.);
#3226=ORIENTED_EDGE('',*,*,#2210,.F.);
#3227=ORIENTED_EDGE('',*,*,#2217,.F.);
#3228=ORIENTED_EDGE('',*,*,#2219,.F.);
#3229=ORIENTED_EDGE('',*,*,#2221,.F.);
#3230=ORIENTED_EDGE('',*,*,#2223,.F.);
#3231=ORIENTED_EDGE('',*,*,#1899,.F.);
#3232=ORIENTED_EDGE('',*,*,#2224,.F.);
#3233=ORIENTED_EDGE('',*,*,#2226,.F.);
#3234=ORIENTED_EDGE('',*,*,#2228,.F.);
#3235=ORIENTED_EDGE('',*,*,#2230,.F.);
#3236=ORIENTED_EDGE('',*,*,#2232,.F.);
#3237=ORIENTED_EDGE('',*,*,#2237,.F.);
#3238=ORIENTED_EDGE('',*,*,#2154,.F.);
#3239=ORIENTED_EDGE('',*,*,#2233,.F.);
#3240=ORIENTED_EDGE('',*,*,#2235,.F.);
#3241=ORIENTED_EDGE('',*,*,#2239,.F.);
#3242=ORIENTED_EDGE('',*,*,#2247,.F.);
#3243=ORIENTED_EDGE('',*,*,#2240,.F.);
#3244=ORIENTED_EDGE('',*,*,#2244,.F.);
#3245=ORIENTED_EDGE('',*,*,#2245,.F.);
#3246=ORIENTED_EDGE('',*,*,#2249,.F.);
#3247=ORIENTED_EDGE('',*,*,#1958,.F.);
#3248=ORIENTED_EDGE('',*,*,#2250,.F.);
#3249=ORIENTED_EDGE('',*,*,#2252,.F.);
#3250=ORIENTED_EDGE('',*,*,#2254,.F.);
#3251=ORIENTED_EDGE('',*,*,#2262,.F.);
#3252=ORIENTED_EDGE('',*,*,#2264,.F.);
#3253=ORIENTED_EDGE('',*,*,#2266,.F.);
#3254=ORIENTED_EDGE('',*,*,#2268,.F.);
#3255=ORIENTED_EDGE('',*,*,#2270,.F.);
#3256=ORIENTED_EDGE('',*,*,#2272,.F.);
#3257=ORIENTED_EDGE('',*,*,#2280,.F.);
#3258=ORIENTED_EDGE('',*,*,#2273,.F.);
#3259=ORIENTED_EDGE('',*,*,#2276,.F.);
#3260=ORIENTED_EDGE('',*,*,#2279,.F.);
#3261=ORIENTED_EDGE('',*,*,#2282,.F.);
#3262=ORIENTED_EDGE('',*,*,#2284,.F.);
#3263=ORIENTED_EDGE('',*,*,#2292,.F.);
#3264=ORIENTED_EDGE('',*,*,#2285,.F.);
#3265=ORIENTED_EDGE('',*,*,#2288,.F.);
#3266=ORIENTED_EDGE('',*,*,#2291,.F.);
#3267=ORIENTED_EDGE('',*,*,#2187,.F.);
#3268=ORIENTED_EDGE('',*,*,#2200,.F.);
#3269=ORIENTED_EDGE('',*,*,#2202,.F.);
#3270=ORIENTED_EDGE('',*,*,#2109,.F.);
#3271=ORIENTED_EDGE('',*,*,#2058,.T.);
#3272=ORIENTED_EDGE('',*,*,#2319,.T.);
#3273=ORIENTED_EDGE('',*,*,#2148,.F.);
#3274=ORIENTED_EDGE('',*,*,#2319,.F.);
#3275=ORIENTED_EDGE('',*,*,#2059,.T.);
#3276=ORIENTED_EDGE('',*,*,#2320,.T.);
#3277=ORIENTED_EDGE('',*,*,#2147,.F.);
#3278=ORIENTED_EDGE('',*,*,#2320,.F.);
#3279=ORIENTED_EDGE('',*,*,#2060,.T.);
#3280=ORIENTED_EDGE('',*,*,#2321,.T.);
#3281=ORIENTED_EDGE('',*,*,#2146,.F.);
#3282=ORIENTED_EDGE('',*,*,#2321,.F.);
#3283=ORIENTED_EDGE('',*,*,#2061,.T.);
#3284=ORIENTED_EDGE('',*,*,#2322,.T.);
#3285=ORIENTED_EDGE('',*,*,#2145,.F.);
#3286=ORIENTED_EDGE('',*,*,#2322,.F.);
#3287=ORIENTED_EDGE('',*,*,#2138,.T.);
#3288=ORIENTED_EDGE('',*,*,#2323,.F.);
#3289=ORIENTED_EDGE('',*,*,#2324,.F.);
#3290=ORIENTED_EDGE('',*,*,#2325,.F.);
#3291=ORIENTED_EDGE('',*,*,#2326,.F.);
#3292=ORIENTED_EDGE('',*,*,#2327,.F.);
#3293=ORIENTED_EDGE('',*,*,#2328,.F.);
#3294=ORIENTED_EDGE('',*,*,#2329,.F.);
#3295=ORIENTED_EDGE('',*,*,#2330,.F.);
#3296=ORIENTED_EDGE('',*,*,#2331,.F.);
#3297=ORIENTED_EDGE('',*,*,#2332,.F.);
#3298=ORIENTED_EDGE('',*,*,#2333,.F.);
#3299=ORIENTED_EDGE('',*,*,#2334,.F.);
#3300=ORIENTED_EDGE('',*,*,#2335,.F.);
#3301=ORIENTED_EDGE('',*,*,#2336,.F.);
#3302=ORIENTED_EDGE('',*,*,#2337,.F.);
#3303=ORIENTED_EDGE('',*,*,#2338,.F.);
#3304=ORIENTED_EDGE('',*,*,#2339,.F.);
#3305=ORIENTED_EDGE('',*,*,#2340,.F.);
#3306=ORIENTED_EDGE('',*,*,#2341,.F.);
#3307=ORIENTED_EDGE('',*,*,#2143,.T.);
#3308=ORIENTED_EDGE('',*,*,#2342,.T.);
#3309=ORIENTED_EDGE('',*,*,#2343,.T.);
#3310=ORIENTED_EDGE('',*,*,#2344,.T.);
#3311=ORIENTED_EDGE('',*,*,#2345,.T.);
#3312=ORIENTED_EDGE('',*,*,#2346,.T.);
#3313=ORIENTED_EDGE('',*,*,#2347,.T.);
#3314=ORIENTED_EDGE('',*,*,#2348,.T.);
#3315=ORIENTED_EDGE('',*,*,#2349,.T.);
#3316=ORIENTED_EDGE('',*,*,#2350,.T.);
#3317=ORIENTED_EDGE('',*,*,#2351,.T.);
#3318=ORIENTED_EDGE('',*,*,#2352,.T.);
#3319=ORIENTED_EDGE('',*,*,#2353,.T.);
#3320=ORIENTED_EDGE('',*,*,#2354,.T.);
#3321=ORIENTED_EDGE('',*,*,#2355,.T.);
#3322=ORIENTED_EDGE('',*,*,#2356,.T.);
#3323=ORIENTED_EDGE('',*,*,#2357,.T.);
#3324=ORIENTED_EDGE('',*,*,#2358,.T.);
#3325=ORIENTED_EDGE('',*,*,#2359,.T.);
#3326=ORIENTED_EDGE('',*,*,#2360,.T.);
#3327=ORIENTED_EDGE('',*,*,#2137,.T.);
#3328=ORIENTED_EDGE('',*,*,#2361,.T.);
#3329=ORIENTED_EDGE('',*,*,#2362,.F.);
#3330=ORIENTED_EDGE('',*,*,#2363,.F.);
#3331=ORIENTED_EDGE('',*,*,#2144,.T.);
#3332=ORIENTED_EDGE('',*,*,#2350,.F.);
#3333=ORIENTED_EDGE('',*,*,#2364,.F.);
#3334=ORIENTED_EDGE('',*,*,#2323,.T.);
#3335=ORIENTED_EDGE('',*,*,#2142,.T.);
#3336=ORIENTED_EDGE('',*,*,#2365,.T.);
#3337=ORIENTED_EDGE('',*,*,#2366,.T.);
#3338=ORIENTED_EDGE('',*,*,#2342,.F.);
#3339=ORIENTED_EDGE('',*,*,#2367,.F.);
#3340=ORIENTED_EDGE('',*,*,#2361,.F.);
#3341=ORIENTED_EDGE('',*,*,#2140,.F.);
#3342=ORIENTED_EDGE('',*,*,#2368,.T.);
#3343=ORIENTED_EDGE('',*,*,#2369,.T.);
#3344=ORIENTED_EDGE('',*,*,#2370,.T.);
#3345=ORIENTED_EDGE('',*,*,#2371,.F.);
#3346=ORIENTED_EDGE('',*,*,#2372,.F.);
#3347=ORIENTED_EDGE('',*,*,#2373,.F.);
#3348=ORIENTED_EDGE('',*,*,#2374,.T.);
#3349=ORIENTED_EDGE('',*,*,#2375,.T.);
#3350=ORIENTED_EDGE('',*,*,#2376,.T.);
#3351=ORIENTED_EDGE('',*,*,#2377,.T.);
#3352=ORIENTED_EDGE('',*,*,#2378,.T.);
#3353=ORIENTED_EDGE('',*,*,#2379,.T.);
#3354=ORIENTED_EDGE('',*,*,#2380,.T.);
#3355=ORIENTED_EDGE('',*,*,#2381,.T.);
#3356=ORIENTED_EDGE('',*,*,#2382,.T.);
#3357=ORIENTED_EDGE('',*,*,#2383,.T.);
#3358=ORIENTED_EDGE('',*,*,#2384,.T.);
#3359=ORIENTED_EDGE('',*,*,#2384,.F.);
#3360=ORIENTED_EDGE('',*,*,#2385,.T.);
#3361=ORIENTED_EDGE('',*,*,#2333,.T.);
#3362=ORIENTED_EDGE('',*,*,#2386,.F.);
#3363=ORIENTED_EDGE('',*,*,#2383,.F.);
#3364=ORIENTED_EDGE('',*,*,#2387,.T.);
#3365=ORIENTED_EDGE('',*,*,#2334,.T.);
#3366=ORIENTED_EDGE('',*,*,#2385,.F.);
#3367=ORIENTED_EDGE('',*,*,#2382,.F.);
#3368=ORIENTED_EDGE('',*,*,#2388,.T.);
#3369=ORIENTED_EDGE('',*,*,#2335,.T.);
#3370=ORIENTED_EDGE('',*,*,#2387,.F.);
#3371=ORIENTED_EDGE('',*,*,#2381,.F.);
#3372=ORIENTED_EDGE('',*,*,#2389,.T.);
#3373=ORIENTED_EDGE('',*,*,#2336,.T.);
#3374=ORIENTED_EDGE('',*,*,#2388,.F.);
#3375=ORIENTED_EDGE('',*,*,#2380,.F.);
#3376=ORIENTED_EDGE('',*,*,#2390,.T.);
#3377=ORIENTED_EDGE('',*,*,#2337,.T.);
#3378=ORIENTED_EDGE('',*,*,#2389,.F.);
#3379=ORIENTED_EDGE('',*,*,#2379,.F.);
#3380=ORIENTED_EDGE('',*,*,#2391,.T.);
#3381=ORIENTED_EDGE('',*,*,#2338,.T.);
#3382=ORIENTED_EDGE('',*,*,#2390,.F.);
#3383=ORIENTED_EDGE('',*,*,#2378,.F.);
#3384=ORIENTED_EDGE('',*,*,#2392,.T.);
#3385=ORIENTED_EDGE('',*,*,#2339,.T.);
#3386=ORIENTED_EDGE('',*,*,#2391,.F.);
#3387=ORIENTED_EDGE('',*,*,#2377,.F.);
#3388=ORIENTED_EDGE('',*,*,#2393,.T.);
#3389=ORIENTED_EDGE('',*,*,#2340,.T.);
#3390=ORIENTED_EDGE('',*,*,#2392,.F.);
#3391=ORIENTED_EDGE('',*,*,#2376,.F.);
#3392=ORIENTED_EDGE('',*,*,#2386,.T.);
#3393=ORIENTED_EDGE('',*,*,#2332,.T.);
#3394=ORIENTED_EDGE('',*,*,#2393,.F.);
#3395=ORIENTED_EDGE('',*,*,#2341,.T.);
#3396=ORIENTED_EDGE('',*,*,#2394,.T.);
#3397=ORIENTED_EDGE('',*,*,#2375,.F.);
#3398=ORIENTED_EDGE('',*,*,#2394,.F.);
#3399=ORIENTED_EDGE('',*,*,#2373,.T.);
#3400=ORIENTED_EDGE('',*,*,#2395,.T.);
#3401=ORIENTED_EDGE('',*,*,#2326,.T.);
#3402=ORIENTED_EDGE('',*,*,#2396,.F.);
#3403=ORIENTED_EDGE('',*,*,#2372,.T.);
#3404=ORIENTED_EDGE('',*,*,#2397,.T.);
#3405=ORIENTED_EDGE('',*,*,#2327,.T.);
#3406=ORIENTED_EDGE('',*,*,#2395,.F.);
#3407=ORIENTED_EDGE('',*,*,#2371,.T.);
#3408=ORIENTED_EDGE('',*,*,#2398,.T.);
#3409=ORIENTED_EDGE('',*,*,#2328,.T.);
#3410=ORIENTED_EDGE('',*,*,#2397,.F.);
#3411=ORIENTED_EDGE('',*,*,#2370,.F.);
#3412=ORIENTED_EDGE('',*,*,#2399,.T.);
#3413=ORIENTED_EDGE('',*,*,#2329,.T.);
#3414=ORIENTED_EDGE('',*,*,#2398,.F.);
#3415=ORIENTED_EDGE('',*,*,#2369,.F.);
#3416=ORIENTED_EDGE('',*,*,#2400,.T.);
#3417=ORIENTED_EDGE('',*,*,#2330,.T.);
#3418=ORIENTED_EDGE('',*,*,#2399,.F.);
#3419=ORIENTED_EDGE('',*,*,#2401,.F.);
#3420=ORIENTED_EDGE('',*,*,#2362,.T.);
#3421=ORIENTED_EDGE('',*,*,#2367,.T.);
#3422=ORIENTED_EDGE('',*,*,#2402,.F.);
#3423=ORIENTED_EDGE('',*,*,#2401,.T.);
#3424=ORIENTED_EDGE('',*,*,#2403,.F.);
#3425=ORIENTED_EDGE('',*,*,#2404,.T.);
#3426=ORIENTED_EDGE('',*,*,#2405,.T.);
#3427=ORIENTED_EDGE('',*,*,#2406,.T.);
#3428=ORIENTED_EDGE('',*,*,#2407,.F.);
#3429=ORIENTED_EDGE('',*,*,#2408,.F.);
#3430=ORIENTED_EDGE('',*,*,#2365,.F.);
#3431=ORIENTED_EDGE('',*,*,#2141,.T.);
#3432=ORIENTED_EDGE('',*,*,#2363,.T.);
#3433=ORIENTED_EDGE('',*,*,#2409,.F.);
#3434=ORIENTED_EDGE('',*,*,#2410,.F.);
#3435=ORIENTED_EDGE('',*,*,#2411,.F.);
#3436=ORIENTED_EDGE('',*,*,#2412,.F.);
#3437=ORIENTED_EDGE('',*,*,#2413,.F.);
#3438=ORIENTED_EDGE('',*,*,#2414,.F.);
#3439=ORIENTED_EDGE('',*,*,#2415,.F.);
#3440=ORIENTED_EDGE('',*,*,#2416,.F.);
#3441=ORIENTED_EDGE('',*,*,#2417,.F.);
#3442=ORIENTED_EDGE('',*,*,#2418,.F.);
#3443=ORIENTED_EDGE('',*,*,#2411,.T.);
#3444=ORIENTED_EDGE('',*,*,#2419,.T.);
#3445=ORIENTED_EDGE('',*,*,#2359,.F.);
#3446=ORIENTED_EDGE('',*,*,#2420,.F.);
#3447=ORIENTED_EDGE('',*,*,#2412,.T.);
#3448=ORIENTED_EDGE('',*,*,#2420,.T.);
#3449=ORIENTED_EDGE('',*,*,#2358,.F.);
#3450=ORIENTED_EDGE('',*,*,#2421,.F.);
#3451=ORIENTED_EDGE('',*,*,#2413,.T.);
#3452=ORIENTED_EDGE('',*,*,#2421,.T.);
#3453=ORIENTED_EDGE('',*,*,#2357,.F.);
#3454=ORIENTED_EDGE('',*,*,#2422,.F.);
#3455=ORIENTED_EDGE('',*,*,#2414,.T.);
#3456=ORIENTED_EDGE('',*,*,#2422,.T.);
#3457=ORIENTED_EDGE('',*,*,#2356,.F.);
#3458=ORIENTED_EDGE('',*,*,#2423,.F.);
#3459=ORIENTED_EDGE('',*,*,#2415,.T.);
#3460=ORIENTED_EDGE('',*,*,#2423,.T.);
#3461=ORIENTED_EDGE('',*,*,#2355,.F.);
#3462=ORIENTED_EDGE('',*,*,#2424,.F.);
#3463=ORIENTED_EDGE('',*,*,#2416,.T.);
#3464=ORIENTED_EDGE('',*,*,#2424,.T.);
#3465=ORIENTED_EDGE('',*,*,#2354,.F.);
#3466=ORIENTED_EDGE('',*,*,#2425,.F.);
#3467=ORIENTED_EDGE('',*,*,#2417,.T.);
#3468=ORIENTED_EDGE('',*,*,#2425,.T.);
#3469=ORIENTED_EDGE('',*,*,#2353,.F.);
#3470=ORIENTED_EDGE('',*,*,#2426,.F.);
#3471=ORIENTED_EDGE('',*,*,#2418,.T.);
#3472=ORIENTED_EDGE('',*,*,#2426,.T.);
#3473=ORIENTED_EDGE('',*,*,#2352,.F.);
#3474=ORIENTED_EDGE('',*,*,#2427,.F.);
#3475=ORIENTED_EDGE('',*,*,#2410,.T.);
#3476=ORIENTED_EDGE('',*,*,#2427,.T.);
#3477=ORIENTED_EDGE('',*,*,#2351,.F.);
#3478=ORIENTED_EDGE('',*,*,#2419,.F.);
#3479=ORIENTED_EDGE('',*,*,#2360,.F.);
#3480=ORIENTED_EDGE('',*,*,#2428,.T.);
#3481=ORIENTED_EDGE('',*,*,#2409,.T.);
#3482=ORIENTED_EDGE('',*,*,#2428,.F.);
#3483=ORIENTED_EDGE('',*,*,#2404,.F.);
#3484=ORIENTED_EDGE('',*,*,#2429,.T.);
#3485=ORIENTED_EDGE('',*,*,#2347,.F.);
#3486=ORIENTED_EDGE('',*,*,#2430,.F.);
#3487=ORIENTED_EDGE('',*,*,#2405,.F.);
#3488=ORIENTED_EDGE('',*,*,#2430,.T.);
#3489=ORIENTED_EDGE('',*,*,#2346,.F.);
#3490=ORIENTED_EDGE('',*,*,#2431,.F.);
#3491=ORIENTED_EDGE('',*,*,#2406,.F.);
#3492=ORIENTED_EDGE('',*,*,#2431,.T.);
#3493=ORIENTED_EDGE('',*,*,#2345,.F.);
#3494=ORIENTED_EDGE('',*,*,#2432,.F.);
#3495=ORIENTED_EDGE('',*,*,#2407,.T.);
#3496=ORIENTED_EDGE('',*,*,#2432,.T.);
#3497=ORIENTED_EDGE('',*,*,#2344,.F.);
#3498=ORIENTED_EDGE('',*,*,#2433,.F.);
#3499=ORIENTED_EDGE('',*,*,#2408,.T.);
#3500=ORIENTED_EDGE('',*,*,#2433,.T.);
#3501=ORIENTED_EDGE('',*,*,#2343,.F.);
#3502=ORIENTED_EDGE('',*,*,#2366,.F.);
#3503=ORIENTED_EDGE('',*,*,#2139,.T.);
#3504=ORIENTED_EDGE('',*,*,#2331,.T.);
#3505=ORIENTED_EDGE('',*,*,#2400,.F.);
#3506=ORIENTED_EDGE('',*,*,#2368,.F.);
#3507=ORIENTED_EDGE('',*,*,#2364,.T.);
#3508=ORIENTED_EDGE('',*,*,#2349,.F.);
#3509=ORIENTED_EDGE('',*,*,#2434,.F.);
#3510=ORIENTED_EDGE('',*,*,#2324,.T.);
#3511=ORIENTED_EDGE('',*,*,#2403,.T.);
#3512=ORIENTED_EDGE('',*,*,#2402,.T.);
#3513=ORIENTED_EDGE('',*,*,#2374,.F.);
#3514=ORIENTED_EDGE('',*,*,#2396,.T.);
#3515=ORIENTED_EDGE('',*,*,#2325,.T.);
#3516=ORIENTED_EDGE('',*,*,#2434,.T.);
#3517=ORIENTED_EDGE('',*,*,#2348,.F.);
#3518=ORIENTED_EDGE('',*,*,#2429,.F.);
#3519=PLANE('',#3815);
#3520=PLANE('',#3816);
#3521=PLANE('',#3817);
#3522=PLANE('',#3818);
#3523=PLANE('',#3819);
#3524=PLANE('',#3820);
#3525=PLANE('',#3821);
#3526=PLANE('',#3822);
#3527=PLANE('',#3823);
#3528=PLANE('',#3824);
#3529=PLANE('',#3825);
#3530=PLANE('',#3826);
#3531=PLANE('',#3827);
#3532=PLANE('',#3828);
#3533=PLANE('',#3829);
#3534=PLANE('',#3830);
#3535=PLANE('',#3831);
#3536=PLANE('',#3832);
#3537=PLANE('',#3833);
#3538=PLANE('',#3850);
#3539=PLANE('',#3851);
#3540=PLANE('',#3852);
#3541=PLANE('',#3857);
#3542=PLANE('',#3858);
#3543=PLANE('',#3859);
#3544=PLANE('',#3860);
#3545=PLANE('',#3861);
#3546=PLANE('',#3862);
#3547=PLANE('',#3863);
#3548=PLANE('',#3864);
#3549=PLANE('',#3865);
#3550=PLANE('',#3866);
#3551=PLANE('',#3867);
#3552=PLANE('',#3868);
#3553=PLANE('',#3869);
#3554=PLANE('',#3870);
#3555=PLANE('',#3871);
#3556=PLANE('',#3872);
#3557=PLANE('',#3873);
#3558=PLANE('',#3874);
#3559=PLANE('',#3875);
#3560=PLANE('',#3880);
#3561=PLANE('',#3881);
#3562=PLANE('',#3882);
#3563=PLANE('',#3883);
#3564=PLANE('',#3884);
#3565=PLANE('',#3885);
#3566=PLANE('',#3890);
#3567=PLANE('',#3891);
#3568=PLANE('',#3892);
#3569=PLANE('',#3893);
#3570=PLANE('',#3894);
#3571=PLANE('',#3895);
#3572=PLANE('',#3896);
#3573=PLANE('',#3897);
#3574=PLANE('',#3898);
#3575=PLANE('',#3899);
#3576=PLANE('',#3900);
#3577=PLANE('',#3901);
#3578=PLANE('',#3902);
#3579=PLANE('',#3903);
#3580=PLANE('',#3912);
#3581=PLANE('',#3913);
#3582=PLANE('',#3914);
#3583=PLANE('',#3923);
#3584=PLANE('',#3924);
#3585=PLANE('',#3925);
#3586=PLANE('',#3930);
#3587=PLANE('',#3931);
#3588=PLANE('',#3932);
#3589=PLANE('',#3935);
#3590=PLANE('',#3936);
#3591=PLANE('',#3937);
#3592=PLANE('',#3938);
#3593=PLANE('',#3941);
#3594=PLANE('',#3942);
#3595=PLANE('',#3943);
#3596=PLANE('',#3944);
#3597=PLANE('',#3945);
#3598=PLANE('',#3946);
#3599=PLANE('',#3947);
#3600=PLANE('',#3960);
#3601=PLANE('',#3961);
#3602=PLANE('',#3962);
#3603=PLANE('',#3963);
#3604=PLANE('',#3968);
#3605=PLANE('',#3969);
#3606=PLANE('',#3970);
#3607=PLANE('',#3971);
#3608=PLANE('',#3972);
#3609=PLANE('',#3973);
#3610=PLANE('',#3974);
#3611=PLANE('',#3975);
#3612=PLANE('',#3976);
#3613=PLANE('',#3977);
#3614=PLANE('',#3978);
#3615=PLANE('',#3979);
#3616=PLANE('',#3980);
#3617=PLANE('',#3981);
#3618=PLANE('',#3982);
#3619=PLANE('',#3983);
#3620=PLANE('',#3984);
#3621=PLANE('',#3985);
#3622=PLANE('',#3986);
#3623=PLANE('',#3991);
#3624=PLANE('',#4001);
#3625=PLANE('',#4011);
#3626=PLANE('',#4012);
#3627=PLANE('',#4013);
#3628=PLANE('',#4024);
#3629=PLANE('',#4028);
#3630=PLANE('',#4033);
#3631=PLANE('',#4034);
#3632=PLANE('',#4035);
#3633=PLANE('',#4036);
#3634=PLANE('',#4038);
#3635=PLANE('',#4039);
#3636=PLANE('',#4050);
#3637=PLANE('',#4054);
#3638=PLANE('',#4059);
#3639=PLANE('',#4060);
#3640=PLANE('',#4061);
#3641=PLANE('',#4062);
#3642=PLANE('',#4064);
#3643=PLANE('',#4065);
#3644=PLANE('',#4066);
#3645=ADVANCED_FACE('',(#211),#3519,.F.);
#3646=ADVANCED_FACE('',(#212),#3520,.T.);
#3647=ADVANCED_FACE('',(#213),#3521,.F.);
#3648=ADVANCED_FACE('',(#214),#3522,.F.);
#3649=ADVANCED_FACE('',(#215),#3523,.T.);
#3650=ADVANCED_FACE('',(#216),#3524,.T.);
#3651=ADVANCED_FACE('',(#217),#3525,.T.);
#3652=ADVANCED_FACE('',(#218),#3526,.T.);
#3653=ADVANCED_FACE('',(#219),#3527,.T.);
#3654=ADVANCED_FACE('',(#220),#3528,.T.);
#3655=ADVANCED_FACE('',(#221),#3529,.F.);
#3656=ADVANCED_FACE('',(#222),#3530,.F.);
#3657=ADVANCED_FACE('',(#223),#3531,.T.);
#3658=ADVANCED_FACE('',(#224),#3532,.T.);
#3659=ADVANCED_FACE('',(#225),#3533,.T.);
#3660=ADVANCED_FACE('',(#226),#3534,.T.);
#3661=ADVANCED_FACE('',(#227),#3535,.F.);
#3662=ADVANCED_FACE('',(#228),#3536,.T.);
#3663=ADVANCED_FACE('',(#229,#141,#142,#143,#144,#145,#146,#147,#148,#149,
#150,#151,#152,#153,#154,#155,#156,#157,#158),#3537,.T.);
#3664=ADVANCED_FACE('',(#230),#3538,.T.);
#3665=ADVANCED_FACE('',(#231),#3539,.T.);
#3666=ADVANCED_FACE('',(#232,#159,#160,#161,#162,#163),#3540,.F.);
#3667=ADVANCED_FACE('',(#233),#3541,.T.);
#3668=ADVANCED_FACE('',(#234),#3542,.T.);
#3669=ADVANCED_FACE('',(#235),#3543,.T.);
#3670=ADVANCED_FACE('',(#236),#3544,.T.);
#3671=ADVANCED_FACE('',(#237),#3545,.T.);
#3672=ADVANCED_FACE('',(#238),#3546,.T.);
#3673=ADVANCED_FACE('',(#239),#3547,.T.);
#3674=ADVANCED_FACE('',(#240),#3548,.T.);
#3675=ADVANCED_FACE('',(#241),#3549,.T.);
#3676=ADVANCED_FACE('',(#242),#3550,.T.);
#3677=ADVANCED_FACE('',(#243),#3551,.T.);
#3678=ADVANCED_FACE('',(#244),#3552,.T.);
#3679=ADVANCED_FACE('',(#245),#3553,.T.);
#3680=ADVANCED_FACE('',(#246),#3554,.T.);
#3681=ADVANCED_FACE('',(#247),#3555,.T.);
#3682=ADVANCED_FACE('',(#248),#3556,.T.);
#3683=ADVANCED_FACE('',(#249),#3557,.T.);
#3684=ADVANCED_FACE('',(#250),#3558,.T.);
#3685=ADVANCED_FACE('',(#251,#164,#165,#166,#167,#168,#169),#3559,.T.);
#3686=ADVANCED_FACE('',(#252),#3560,.T.);
#3687=ADVANCED_FACE('',(#253),#3561,.T.);
#3688=ADVANCED_FACE('',(#254),#3562,.T.);
#3689=ADVANCED_FACE('',(#255),#3563,.T.);
#3690=ADVANCED_FACE('',(#256),#3564,.T.);
#3691=ADVANCED_FACE('',(#257,#170,#171,#172,#173),#3565,.T.);
#3692=ADVANCED_FACE('',(#258),#3566,.T.);
#3693=ADVANCED_FACE('',(#259),#3567,.T.);
#3694=ADVANCED_FACE('',(#260),#3568,.T.);
#3695=ADVANCED_FACE('',(#261),#3569,.T.);
#3696=ADVANCED_FACE('',(#262),#3570,.T.);
#3697=ADVANCED_FACE('',(#263),#3571,.T.);
#3698=ADVANCED_FACE('',(#264),#3572,.F.);
#3699=ADVANCED_FACE('',(#265),#3573,.F.);
#3700=ADVANCED_FACE('',(#266),#3574,.F.);
#3701=ADVANCED_FACE('',(#267),#3575,.T.);
#3702=ADVANCED_FACE('',(#268),#3576,.T.);
#3703=ADVANCED_FACE('',(#269),#3577,.T.);
#3704=ADVANCED_FACE('',(#270),#3578,.T.);
#3705=ADVANCED_FACE('',(#271),#3579,.T.);
#3706=ADVANCED_FACE('',(#272),#15,.F.);
#3707=ADVANCED_FACE('',(#273),#16,.F.);
#3708=ADVANCED_FACE('',(#274),#17,.F.);
#3709=ADVANCED_FACE('',(#275),#18,.F.);
#3710=ADVANCED_FACE('',(#276),#3580,.T.);
#3711=ADVANCED_FACE('',(#277),#3581,.T.);
#3712=ADVANCED_FACE('',(#278),#3582,.T.);
#3713=ADVANCED_FACE('',(#279),#19,.F.);
#3714=ADVANCED_FACE('',(#280),#20,.F.);
#3715=ADVANCED_FACE('',(#281),#21,.F.);
#3716=ADVANCED_FACE('',(#282),#22,.F.);
#3717=ADVANCED_FACE('',(#283),#3583,.T.);
#3718=ADVANCED_FACE('',(#284),#3584,.T.);
#3719=ADVANCED_FACE('',(#285),#3585,.T.);
#3720=ADVANCED_FACE('',(#286),#23,.F.);
#3721=ADVANCED_FACE('',(#287),#24,.F.);
#3722=ADVANCED_FACE('',(#288),#3586,.T.);
#3723=ADVANCED_FACE('',(#289),#3587,.T.);
#3724=ADVANCED_FACE('',(#290),#3588,.T.);
#3725=ADVANCED_FACE('',(#291),#25,.F.);
#3726=ADVANCED_FACE('',(#292),#3589,.T.);
#3727=ADVANCED_FACE('',(#293),#3590,.T.);
#3728=ADVANCED_FACE('',(#294),#3591,.T.);
#3729=ADVANCED_FACE('',(#295),#3592,.T.);
#3730=ADVANCED_FACE('',(#296),#26,.F.);
#3731=ADVANCED_FACE('',(#297),#3593,.T.);
#3732=ADVANCED_FACE('',(#298),#3594,.T.);
#3733=ADVANCED_FACE('',(#299),#3595,.T.);
#3734=ADVANCED_FACE('',(#300),#3596,.T.);
#3735=ADVANCED_FACE('',(#301),#3597,.T.);
#3736=ADVANCED_FACE('',(#302),#3598,.T.);
#3737=ADVANCED_FACE('',(#303),#3599,.T.);
#3738=ADVANCED_FACE('',(#304),#27,.F.);
#3739=ADVANCED_FACE('',(#305),#28,.F.);
#3740=ADVANCED_FACE('',(#306),#29,.F.);
#3741=ADVANCED_FACE('',(#307),#30,.F.);
#3742=ADVANCED_FACE('',(#308),#31,.F.);
#3743=ADVANCED_FACE('',(#309),#32,.F.);
#3744=ADVANCED_FACE('',(#310),#3600,.T.);
#3745=ADVANCED_FACE('',(#311),#3601,.T.);
#3746=ADVANCED_FACE('',(#312),#3602,.T.);
#3747=ADVANCED_FACE('',(#313),#3603,.T.);
#3748=ADVANCED_FACE('',(#314),#33,.F.);
#3749=ADVANCED_FACE('',(#315),#34,.F.);
#3750=ADVANCED_FACE('',(#316),#3604,.T.);
#3751=ADVANCED_FACE('',(#317),#3605,.T.);
#3752=ADVANCED_FACE('',(#318),#3606,.T.);
#3753=ADVANCED_FACE('',(#319),#3607,.T.);
#3754=ADVANCED_FACE('',(#320),#3608,.T.);
#3755=ADVANCED_FACE('',(#321),#3609,.T.);
#3756=ADVANCED_FACE('',(#322),#3610,.T.);
#3757=ADVANCED_FACE('',(#323),#3611,.T.);
#3758=ADVANCED_FACE('',(#324),#3612,.T.);
#3759=ADVANCED_FACE('',(#325),#3613,.T.);
#3760=ADVANCED_FACE('',(#326),#3614,.T.);
#3761=ADVANCED_FACE('',(#327),#3615,.T.);
#3762=ADVANCED_FACE('',(#328),#3616,.T.);
#3763=ADVANCED_FACE('',(#329),#3617,.T.);
#3764=ADVANCED_FACE('',(#330),#3618,.T.);
#3765=ADVANCED_FACE('',(#331),#3619,.T.);
#3766=ADVANCED_FACE('',(#332),#3620,.T.);
#3767=ADVANCED_FACE('',(#333),#3621,.T.);
#3768=ADVANCED_FACE('',(#334,#174,#175,#176,#177,#178,#179,#180,#181,#182,
#183,#184,#185,#186,#187,#188,#189,#190,#191,#192,#193,#194,#195,#196,#197,
#198,#199,#200,#201,#202),#3622,.F.);
#3769=ADVANCED_FACE('',(#335),#35,.F.);
#3770=ADVANCED_FACE('',(#336),#36,.F.);
#3771=ADVANCED_FACE('',(#337),#37,.F.);
#3772=ADVANCED_FACE('',(#338),#38,.F.);
#3773=ADVANCED_FACE('',(#339,#203,#204),#3623,.F.);
#3774=ADVANCED_FACE('',(#340,#205,#206),#3624,.T.);
#3775=ADVANCED_FACE('',(#341),#3625,.T.);
#3776=ADVANCED_FACE('',(#342),#3626,.T.);
#3777=ADVANCED_FACE('',(#343,#207,#208),#3627,.T.);
#3778=ADVANCED_FACE('',(#344),#39,.T.);
#3779=ADVANCED_FACE('',(#345),#3628,.F.);
#3780=ADVANCED_FACE('',(#346),#40,.F.);
#3781=ADVANCED_FACE('',(#347),#41,.F.);
#3782=ADVANCED_FACE('',(#348),#42,.F.);
#3783=ADVANCED_FACE('',(#349),#3629,.F.);
#3784=ADVANCED_FACE('',(#350),#43,.F.);
#3785=ADVANCED_FACE('',(#351),#44,.T.);
#3786=ADVANCED_FACE('',(#352),#45,.F.);
#3787=ADVANCED_FACE('',(#353),#46,.F.);
#3788=ADVANCED_FACE('',(#354),#3630,.F.);
#3789=ADVANCED_FACE('',(#355),#3631,.F.);
#3790=ADVANCED_FACE('',(#356),#3632,.F.);
#3791=ADVANCED_FACE('',(#357),#3633,.F.);
#3792=ADVANCED_FACE('',(#358),#47,.T.);
#3793=ADVANCED_FACE('',(#359),#3634,.T.);
#3794=ADVANCED_FACE('',(#360,#209,#210),#3635,.F.);
#3795=ADVANCED_FACE('',(#361),#48,.T.);
#3796=ADVANCED_FACE('',(#362),#3636,.T.);
#3797=ADVANCED_FACE('',(#363),#49,.F.);
#3798=ADVANCED_FACE('',(#364),#50,.F.);
#3799=ADVANCED_FACE('',(#365),#51,.F.);
#3800=ADVANCED_FACE('',(#366),#3637,.T.);
#3801=ADVANCED_FACE('',(#367),#52,.F.);
#3802=ADVANCED_FACE('',(#368),#53,.T.);
#3803=ADVANCED_FACE('',(#369),#54,.F.);
#3804=ADVANCED_FACE('',(#370),#55,.F.);
#3805=ADVANCED_FACE('',(#371),#3638,.T.);
#3806=ADVANCED_FACE('',(#372),#3639,.T.);
#3807=ADVANCED_FACE('',(#373),#3640,.T.);
#3808=ADVANCED_FACE('',(#374),#3641,.T.);
#3809=ADVANCED_FACE('',(#375),#56,.T.);
#3810=ADVANCED_FACE('',(#376),#3642,.T.);
#3811=ADVANCED_FACE('',(#377),#3643,.T.);
#3812=ADVANCED_FACE('',(#378),#3644,.T.);
#3813=CLOSED_SHELL('',(#3645,#3646,#3647,#3648,#3649,#3650,#3651,#3652,
#3653,#3654,#3655,#3656,#3657,#3658,#3659,#3660,#3661,#3662,#3663,#3664,
#3665,#3666,#3667,#3668,#3669,#3670,#3671,#3672,#3673,#3674,#3675,#3676,
#3677,#3678,#3679,#3680,#3681,#3682,#3683,#3684,#3685,#3686,#3687,#3688,
#3689,#3690,#3691,#3692,#3693,#3694,#3695,#3696,#3697,#3698,#3699,#3700,
#3701,#3702,#3703,#3704,#3705,#3706,#3707,#3708,#3709,#3710,#3711,#3712,
#3713,#3714,#3715,#3716,#3717,#3718,#3719,#3720,#3721,#3722,#3723,#3724,
#3725,#3726,#3727,#3728,#3729,#3730,#3731,#3732,#3733,#3734,#3735,#3736,
#3737,#3738,#3739,#3740,#3741,#3742,#3743,#3744,#3745,#3746,#3747,#3748,
#3749,#3750,#3751,#3752,#3753,#3754,#3755,#3756,#3757,#3758,#3759,#3760,
#3761,#3762,#3763,#3764,#3765,#3766,#3767,#3768,#3769,#3770,#3771,#3772,
#3773,#3774,#3775,#3776,#3777,#3778,#3779,#3780,#3781,#3782,#3783,#3784,
#3785,#3786,#3787,#3788,#3789,#3790,#3791,#3792,#3793,#3794,#3795,#3796,
#3797,#3798,#3799,#3800,#3801,#3802,#3803,#3804,#3805,#3806,#3807,#3808,
#3809,#3810,#3811,#3812));
#3814=AXIS2_PLACEMENT_3D('',#5031,#4067,#4068);
#3815=AXIS2_PLACEMENT_3D('',#5032,#4069,#4070);
#3816=AXIS2_PLACEMENT_3D('',#5041,#4075,#4076);
#3817=AXIS2_PLACEMENT_3D('',#5059,#4086,#4087);
#3818=AXIS2_PLACEMENT_3D('',#5070,#4093,#4094);
#3819=AXIS2_PLACEMENT_3D('',#5081,#4100,#4101);
#3820=AXIS2_PLACEMENT_3D('',#5085,#4104,#4105);
#3821=AXIS2_PLACEMENT_3D('',#5089,#4108,#4109);
#3822=AXIS2_PLACEMENT_3D('',#5093,#4112,#4113);
#3823=AXIS2_PLACEMENT_3D('',#5099,#4117,#4118);
#3824=AXIS2_PLACEMENT_3D('',#5105,#4122,#4123);
#3825=AXIS2_PLACEMENT_3D('',#5109,#4126,#4127);
#3826=AXIS2_PLACEMENT_3D('',#5120,#4133,#4134);
#3827=AXIS2_PLACEMENT_3D('',#5131,#4140,#4141);
#3828=AXIS2_PLACEMENT_3D('',#5137,#4145,#4146);
#3829=AXIS2_PLACEMENT_3D('',#5143,#4150,#4151);
#3830=AXIS2_PLACEMENT_3D('',#5149,#4155,#4156);
#3831=AXIS2_PLACEMENT_3D('',#5155,#4160,#4161);
#3832=AXIS2_PLACEMENT_3D('',#5164,#4166,#4167);
#3833=AXIS2_PLACEMENT_3D('',#5178,#4175,#4176);
#3834=AXIS2_PLACEMENT_3D('',#5270,#4225,#4226);
#3835=AXIS2_PLACEMENT_3D('',#5272,#4227,#4228);
#3836=AXIS2_PLACEMENT_3D('',#5274,#4229,#4230);
#3837=AXIS2_PLACEMENT_3D('',#5276,#4231,#4232);
#3838=AXIS2_PLACEMENT_3D('',#5278,#4233,#4234);
#3839=AXIS2_PLACEMENT_3D('',#5280,#4235,#4236);
#3840=AXIS2_PLACEMENT_3D('',#5282,#4237,#4238);
#3841=AXIS2_PLACEMENT_3D('',#5284,#4239,#4240);
#3842=AXIS2_PLACEMENT_3D('',#5286,#4241,#4242);
#3843=AXIS2_PLACEMENT_3D('',#5288,#4243,#4244);
#3844=AXIS2_PLACEMENT_3D('',#5290,#4245,#4246);
#3845=AXIS2_PLACEMENT_3D('',#5292,#4247,#4248);
#3846=AXIS2_PLACEMENT_3D('',#5294,#4249,#4250);
#3847=AXIS2_PLACEMENT_3D('',#5296,#4251,#4252);
#3848=AXIS2_PLACEMENT_3D('',#5298,#4253,#4254);
#3849=AXIS2_PLACEMENT_3D('',#5300,#4255,#4256);
#3850=AXIS2_PLACEMENT_3D('',#5317,#4266,#4267);
#3851=AXIS2_PLACEMENT_3D('',#5319,#4269,#4270);
#3852=AXIS2_PLACEMENT_3D('',#5321,#4272,#4273);
#3853=AXIS2_PLACEMENT_3D('',#5357,#4294,#4295);
#3854=AXIS2_PLACEMENT_3D('',#5359,#4296,#4297);
#3855=AXIS2_PLACEMENT_3D('',#5361,#4298,#4299);
#3856=AXIS2_PLACEMENT_3D('',#5363,#4300,#4301);
#3857=AXIS2_PLACEMENT_3D('',#5364,#4302,#4303);
#3858=AXIS2_PLACEMENT_3D('',#5368,#4306,#4307);
#3859=AXIS2_PLACEMENT_3D('',#5374,#4311,#4312);
#3860=AXIS2_PLACEMENT_3D('',#5378,#4315,#4316);
#3861=AXIS2_PLACEMENT_3D('',#5380,#4318,#4319);
#3862=AXIS2_PLACEMENT_3D('',#5389,#4324,#4325);
#3863=AXIS2_PLACEMENT_3D('',#5393,#4328,#4329);
#3864=AXIS2_PLACEMENT_3D('',#5399,#4333,#4334);
#3865=AXIS2_PLACEMENT_3D('',#5408,#4339,#4340);
#3866=AXIS2_PLACEMENT_3D('',#5414,#4344,#4345);
#3867=AXIS2_PLACEMENT_3D('',#5418,#4348,#4349);
#3868=AXIS2_PLACEMENT_3D('',#5422,#4352,#4353);
#3869=AXIS2_PLACEMENT_3D('',#5434,#4360,#4361);
#3870=AXIS2_PLACEMENT_3D('',#5446,#4368,#4369);
#3871=AXIS2_PLACEMENT_3D('',#5458,#4376,#4377);
#3872=AXIS2_PLACEMENT_3D('',#5470,#4384,#4385);
#3873=AXIS2_PLACEMENT_3D('',#5474,#4388,#4389);
#3874=AXIS2_PLACEMENT_3D('',#5478,#4392,#4393);
#3875=AXIS2_PLACEMENT_3D('',#5484,#4397,#4398);
#3876=AXIS2_PLACEMENT_3D('',#5527,#4423,#4424);
#3877=AXIS2_PLACEMENT_3D('',#5529,#4425,#4426);
#3878=AXIS2_PLACEMENT_3D('',#5531,#4427,#4428);
#3879=AXIS2_PLACEMENT_3D('',#5533,#4429,#4430);
#3880=AXIS2_PLACEMENT_3D('',#5534,#4431,#4432);
#3881=AXIS2_PLACEMENT_3D('',#5541,#4437,#4438);
#3882=AXIS2_PLACEMENT_3D('',#5548,#4443,#4444);
#3883=AXIS2_PLACEMENT_3D('',#5550,#4446,#4447);
#3884=AXIS2_PLACEMENT_3D('',#5552,#4449,#4450);
#3885=AXIS2_PLACEMENT_3D('',#5558,#4454,#4455);
#3886=AXIS2_PLACEMENT_3D('',#5582,#4469,#4470);
#3887=AXIS2_PLACEMENT_3D('',#5584,#4471,#4472);
#3888=AXIS2_PLACEMENT_3D('',#5586,#4473,#4474);
#3889=AXIS2_PLACEMENT_3D('',#5588,#4475,#4476);
#3890=AXIS2_PLACEMENT_3D('',#5589,#4477,#4478);
#3891=AXIS2_PLACEMENT_3D('',#5591,#4480,#4481);
#3892=AXIS2_PLACEMENT_3D('',#5592,#4482,#4483);
#3893=AXIS2_PLACEMENT_3D('',#5595,#4486,#4487);
#3894=AXIS2_PLACEMENT_3D('',#5597,#4489,#4490);
#3895=AXIS2_PLACEMENT_3D('',#5603,#4494,#4495);
#3896=AXIS2_PLACEMENT_3D('',#5607,#4498,#4499);
#3897=AXIS2_PLACEMENT_3D('',#5613,#4503,#4504);
#3898=AXIS2_PLACEMENT_3D('',#5615,#4506,#4507);
#3899=AXIS2_PLACEMENT_3D('',#5621,#4511,#4512);
#3900=AXIS2_PLACEMENT_3D('',#5625,#4515,#4516);
#3901=AXIS2_PLACEMENT_3D('',#5629,#4519,#4520);
#3902=AXIS2_PLACEMENT_3D('',#5633,#4523,#4524);
#3903=AXIS2_PLACEMENT_3D('',#5635,#4526,#4527);
#3904=AXIS2_PLACEMENT_3D('',#5637,#4529,#4530);
#3905=AXIS2_PLACEMENT_3D('',#5640,#4532,#4533);
#3906=AXIS2_PLACEMENT_3D('',#5641,#4534,#4535);
#3907=AXIS2_PLACEMENT_3D('',#5644,#4537,#4538);
#3908=AXIS2_PLACEMENT_3D('',#5645,#4539,#4540);
#3909=AXIS2_PLACEMENT_3D('',#5648,#4542,#4543);
#3910=AXIS2_PLACEMENT_3D('',#5649,#4544,#4545);
#3911=AXIS2_PLACEMENT_3D('',#5652,#4547,#4548);
#3912=AXIS2_PLACEMENT_3D('',#5653,#4549,#4550);
#3913=AXIS2_PLACEMENT_3D('',#5659,#4554,#4555);
#3914=AXIS2_PLACEMENT_3D('',#5661,#4557,#4558);
#3915=AXIS2_PLACEMENT_3D('',#5663,#4560,#4561);
#3916=AXIS2_PLACEMENT_3D('',#5666,#4563,#4564);
#3917=AXIS2_PLACEMENT_3D('',#5667,#4565,#4566);
#3918=AXIS2_PLACEMENT_3D('',#5670,#4568,#4569);
#3919=AXIS2_PLACEMENT_3D('',#5671,#4570,#4571);
#3920=AXIS2_PLACEMENT_3D('',#5674,#4573,#4574);
#3921=AXIS2_PLACEMENT_3D('',#5675,#4575,#4576);
#3922=AXIS2_PLACEMENT_3D('',#5678,#4578,#4579);
#3923=AXIS2_PLACEMENT_3D('',#5679,#4580,#4581);
#3924=AXIS2_PLACEMENT_3D('',#5683,#4584,#4585);
#3925=AXIS2_PLACEMENT_3D('',#5687,#4588,#4589);
#3926=AXIS2_PLACEMENT_3D('',#5689,#4591,#4592);
#3927=AXIS2_PLACEMENT_3D('',#5692,#4594,#4595);
#3928=AXIS2_PLACEMENT_3D('',#5693,#4596,#4597);
#3929=AXIS2_PLACEMENT_3D('',#5696,#4599,#4600);
#3930=AXIS2_PLACEMENT_3D('',#5697,#4601,#4602);
#3931=AXIS2_PLACEMENT_3D('',#5701,#4605,#4606);
#3932=AXIS2_PLACEMENT_3D('',#5705,#4609,#4610);
#3933=AXIS2_PLACEMENT_3D('',#5707,#4612,#4613);
#3934=AXIS2_PLACEMENT_3D('',#5710,#4615,#4616);
#3935=AXIS2_PLACEMENT_3D('',#5711,#4617,#4618);
#3936=AXIS2_PLACEMENT_3D('',#5717,#4622,#4623);
#3937=AXIS2_PLACEMENT_3D('',#5721,#4626,#4627);
#3938=AXIS2_PLACEMENT_3D('',#5725,#4630,#4631);
#3939=AXIS2_PLACEMENT_3D('',#5727,#4633,#4634);
#3940=AXIS2_PLACEMENT_3D('',#5730,#4636,#4637);
#3941=AXIS2_PLACEMENT_3D('',#5731,#4638,#4639);
#3942=AXIS2_PLACEMENT_3D('',#5735,#4642,#4643);
#3943=AXIS2_PLACEMENT_3D('',#5739,#4646,#4647);
#3944=AXIS2_PLACEMENT_3D('',#5741,#4649,#4650);
#3945=AXIS2_PLACEMENT_3D('',#5743,#4652,#4653);
#3946=AXIS2_PLACEMENT_3D('',#5747,#4656,#4657);
#3947=AXIS2_PLACEMENT_3D('',#5751,#4660,#4661);
#3948=AXIS2_PLACEMENT_3D('',#5753,#4663,#4664);
#3949=AXIS2_PLACEMENT_3D('',#5756,#4666,#4667);
#3950=AXIS2_PLACEMENT_3D('',#5757,#4668,#4669);
#3951=AXIS2_PLACEMENT_3D('',#5760,#4671,#4672);
#3952=AXIS2_PLACEMENT_3D('',#5761,#4673,#4674);
#3953=AXIS2_PLACEMENT_3D('',#5764,#4676,#4677);
#3954=AXIS2_PLACEMENT_3D('',#5765,#4678,#4679);
#3955=AXIS2_PLACEMENT_3D('',#5768,#4681,#4682);
#3956=AXIS2_PLACEMENT_3D('',#5769,#4683,#4684);
#3957=AXIS2_PLACEMENT_3D('',#5772,#4686,#4687);
#3958=AXIS2_PLACEMENT_3D('',#5773,#4688,#4689);
#3959=AXIS2_PLACEMENT_3D('',#5776,#4691,#4692);
#3960=AXIS2_PLACEMENT_3D('',#5777,#4693,#4694);
#3961=AXIS2_PLACEMENT_3D('',#5783,#4698,#4699);
#3962=AXIS2_PLACEMENT_3D('',#5787,#4702,#4703);
#3963=AXIS2_PLACEMENT_3D('',#5791,#4706,#4707);
#3964=AXIS2_PLACEMENT_3D('',#5793,#4709,#4710);
#3965=AXIS2_PLACEMENT_3D('',#5796,#4712,#4713);
#3966=AXIS2_PLACEMENT_3D('',#5797,#4714,#4715);
#3967=AXIS2_PLACEMENT_3D('',#5800,#4717,#4718);
#3968=AXIS2_PLACEMENT_3D('',#5801,#4719,#4720);
#3969=AXIS2_PLACEMENT_3D('',#5807,#4724,#4725);
#3970=AXIS2_PLACEMENT_3D('',#5811,#4728,#4729);
#3971=AXIS2_PLACEMENT_3D('',#5815,#4732,#4733);
#3972=AXIS2_PLACEMENT_3D('',#5817,#4735,#4736);
#3973=AXIS2_PLACEMENT_3D('',#5821,#4739,#4740);
#3974=AXIS2_PLACEMENT_3D('',#5825,#4743,#4744);
#3975=AXIS2_PLACEMENT_3D('',#5829,#4747,#4748);
#3976=AXIS2_PLACEMENT_3D('',#5833,#4751,#4752);
#3977=AXIS2_PLACEMENT_3D('',#5837,#4755,#4756);
#3978=AXIS2_PLACEMENT_3D('',#5841,#4759,#4760);
#3979=AXIS2_PLACEMENT_3D('',#5845,#4763,#4764);
#3980=AXIS2_PLACEMENT_3D('',#5849,#4767,#4768);
#3981=AXIS2_PLACEMENT_3D('',#5851,#4770,#4771);
#3982=AXIS2_PLACEMENT_3D('',#5855,#4774,#4775);
#3983=AXIS2_PLACEMENT_3D('',#5859,#4778,#4779);
#3984=AXIS2_PLACEMENT_3D('',#5863,#4782,#4783);
#3985=AXIS2_PLACEMENT_3D('',#5867,#4786,#4787);
#3986=AXIS2_PLACEMENT_3D('',#5869,#4789,#4790);
#3987=AXIS2_PLACEMENT_3D('',#5870,#4791,#4792);
#3988=AXIS2_PLACEMENT_3D('',#5872,#4794,#4795);
#3989=AXIS2_PLACEMENT_3D('',#5874,#4797,#4798);
#3990=AXIS2_PLACEMENT_3D('',#5876,#4800,#4801);
#3991=AXIS2_PLACEMENT_3D('',#5878,#4803,#4804);
#3992=AXIS2_PLACEMENT_3D('',#5894,#4812,#4813);
#3993=AXIS2_PLACEMENT_3D('',#5898,#4815,#4816);
#3994=AXIS2_PLACEMENT_3D('',#5900,#4817,#4818);
#3995=AXIS2_PLACEMENT_3D('',#5904,#4820,#4821);
#3996=AXIS2_PLACEMENT_3D('',#5906,#4822,#4823);
#3997=AXIS2_PLACEMENT_3D('',#5908,#4824,#4825);
#3998=AXIS2_PLACEMENT_3D('',#5912,#4827,#4828);
#3999=AXIS2_PLACEMENT_3D('',#5913,#4829,#4830);
#4000=AXIS2_PLACEMENT_3D('',#5915,#4831,#4832);
#4001=AXIS2_PLACEMENT_3D('',#5916,#4833,#4834);
#4002=AXIS2_PLACEMENT_3D('',#5920,#4836,#4837);
#4003=AXIS2_PLACEMENT_3D('',#5936,#4845,#4846);
#4004=AXIS2_PLACEMENT_3D('',#5938,#4847,#4848);
#4005=AXIS2_PLACEMENT_3D('',#5940,#4849,#4850);
#4006=AXIS2_PLACEMENT_3D('',#5944,#4852,#4853);
#4007=AXIS2_PLACEMENT_3D('',#5946,#4854,#4855);
#4008=AXIS2_PLACEMENT_3D('',#5948,#4856,#4857);
#4009=AXIS2_PLACEMENT_3D('',#5951,#4859,#4860);
#4010=AXIS2_PLACEMENT_3D('',#5953,#4861,#4862);
#4011=AXIS2_PLACEMENT_3D('',#5954,#4863,#4864);
#4012=AXIS2_PLACEMENT_3D('',#5961,#4869,#4870);
#4013=AXIS2_PLACEMENT_3D('',#5965,#4873,#4874);
#4014=AXIS2_PLACEMENT_3D('',#5971,#4877,#4878);
#4015=AXIS2_PLACEMENT_3D('',#5982,#4884,#4885);
#4016=AXIS2_PLACEMENT_3D('',#5985,#4886,#4887);
#4017=AXIS2_PLACEMENT_3D('',#5987,#4888,#4889);
#4018=AXIS2_PLACEMENT_3D('',#5989,#4890,#4891);
#4019=AXIS2_PLACEMENT_3D('',#5993,#4893,#4894);
#4020=AXIS2_PLACEMENT_3D('',#5995,#4895,#4896);
#4021=AXIS2_PLACEMENT_3D('',#5997,#4897,#4898);
#4022=AXIS2_PLACEMENT_3D('',#6000,#4900,#4901);
#4023=AXIS2_PLACEMENT_3D('',#6001,#4902,#4903);
#4024=AXIS2_PLACEMENT_3D('',#6004,#4906,#4907);
#4025=AXIS2_PLACEMENT_3D('',#6006,#4909,#4910);
#4026=AXIS2_PLACEMENT_3D('',#6008,#4912,#4913);
#4027=AXIS2_PLACEMENT_3D('',#6010,#4915,#4916);
#4028=AXIS2_PLACEMENT_3D('',#6012,#4918,#4919);
#4029=AXIS2_PLACEMENT_3D('',#6014,#4921,#4922);
#4030=AXIS2_PLACEMENT_3D('',#6016,#4924,#4925);
#4031=AXIS2_PLACEMENT_3D('',#6018,#4927,#4928);
#4032=AXIS2_PLACEMENT_3D('',#6019,#4929,#4930);
#4033=AXIS2_PLACEMENT_3D('',#6021,#4932,#4933);
#4034=AXIS2_PLACEMENT_3D('',#6024,#4936,#4937);
#4035=AXIS2_PLACEMENT_3D('',#6026,#4939,#4940);
#4036=AXIS2_PLACEMENT_3D('',#6028,#4942,#4943);
#4037=AXIS2_PLACEMENT_3D('',#6030,#4945,#4946);
#4038=AXIS2_PLACEMENT_3D('',#6032,#4948,#4949);
#4039=AXIS2_PLACEMENT_3D('',#6036,#4952,#4953);
#4040=AXIS2_PLACEMENT_3D('',#6047,#4959,#4960);
#4041=AXIS2_PLACEMENT_3D('',#6049,#4961,#4962);
#4042=AXIS2_PLACEMENT_3D('',#6052,#4963,#4964);
#4043=AXIS2_PLACEMENT_3D('',#6054,#4965,#4966);
#4044=AXIS2_PLACEMENT_3D('',#6058,#4968,#4969);
#4045=AXIS2_PLACEMENT_3D('',#6060,#4970,#4971);
#4046=AXIS2_PLACEMENT_3D('',#6062,#4972,#4973);
#4047=AXIS2_PLACEMENT_3D('',#6066,#4975,#4976);
#4048=AXIS2_PLACEMENT_3D('',#6067,#4977,#4978);
#4049=AXIS2_PLACEMENT_3D('',#6068,#4979,#4980);
#4050=AXIS2_PLACEMENT_3D('',#6071,#4983,#4984);
#4051=AXIS2_PLACEMENT_3D('',#6073,#4986,#4987);
#4052=AXIS2_PLACEMENT_3D('',#6075,#4989,#4990);
#4053=AXIS2_PLACEMENT_3D('',#6077,#4992,#4993);
#4054=AXIS2_PLACEMENT_3D('',#6079,#4995,#4996);
#4055=AXIS2_PLACEMENT_3D('',#6081,#4998,#4999);
#4056=AXIS2_PLACEMENT_3D('',#6083,#5001,#5002);
#4057=AXIS2_PLACEMENT_3D('',#6085,#5004,#5005);
#4058=AXIS2_PLACEMENT_3D('',#6086,#5006,#5007);
#4059=AXIS2_PLACEMENT_3D('',#6088,#5009,#5010);
#4060=AXIS2_PLACEMENT_3D('',#6091,#5013,#5014);
#4061=AXIS2_PLACEMENT_3D('',#6093,#5016,#5017);
#4062=AXIS2_PLACEMENT_3D('',#6095,#5019,#5020);
#4063=AXIS2_PLACEMENT_3D('',#6097,#5022,#5023);
#4064=AXIS2_PLACEMENT_3D('',#6098,#5024,#5025);
#4065=AXIS2_PLACEMENT_3D('',#6099,#5026,#5027);
#4066=AXIS2_PLACEMENT_3D('',#6101,#5029,#5030);
#4067=DIRECTION('axis',(0.,0.,1.));
#4068=DIRECTION('refdir',(1.,0.,0.));
#4069=DIRECTION('center_axis',(-0.707106781186546,0.707106781186549,0.));
#4070=DIRECTION('ref_axis',(0.,0.,1.));
#4071=DIRECTION('',(0.707106781186547,0.707106781186547,3.70074341541719E-16));
#4072=DIRECTION('',(0.,0.,1.));
#4073=DIRECTION('',(-0.707106781186547,-0.707106781186547,0.));
#4074=DIRECTION('',(0.,0.,-1.));
#4075=DIRECTION('center_axis',(0.707106781186548,0.707106781186547,0.));
#4076=DIRECTION('ref_axis',(-0.707106781186547,0.707106781186548,0.));
#4077=DIRECTION('',(-0.707106781186547,0.707106781186548,0.));
#4078=DIRECTION('',(0.,0.,1.));
#4079=DIRECTION('',(-0.707106781186547,0.707106781186548,0.));
#4080=DIRECTION('',(0.,0.,1.));
#4081=DIRECTION('',(-0.707106781186547,0.707106781186548,0.));
#4082=DIRECTION('',(0.,0.,1.));
#4083=DIRECTION('',(-0.707106781186548,0.707106781186548,0.));
#4084=DIRECTION('',(0.,0.,-1.));
#4085=DIRECTION('',(-0.707106781186548,0.707106781186548,7.40148672054364E-17));
#4086=DIRECTION('center_axis',(-0.707106781186548,-0.707106781186548,0.));
#4087=DIRECTION('ref_axis',(0.,0.,1.));
#4088=DIRECTION('',(-0.707106781186548,0.707106781186548,7.40148672054364E-17));
#4089=DIRECTION('',(0.,0.,1.));
#4090=DIRECTION('',(0.707106781186548,-0.707106781186548,0.));
#4091=DIRECTION('',(0.707106781186548,-0.707106781186548,0.));
#4092=DIRECTION('',(0.,0.,-1.));
#4093=DIRECTION('center_axis',(-0.707106781186548,-0.707106781186548,0.));
#4094=DIRECTION('ref_axis',(0.,0.,1.));
#4095=DIRECTION('',(-0.707106781186547,0.707106781186548,7.40148672054367E-17));
#4096=DIRECTION('',(0.,0.,1.));
#4097=DIRECTION('',(0.707106781186548,-0.707106781186548,0.));
#4098=DIRECTION('',(0.707106781186547,-0.707106781186547,0.));
#4099=DIRECTION('',(0.,0.,-1.));
#4100=DIRECTION('center_axis',(0.,0.,-1.));
#4101=DIRECTION('ref_axis',(-0.707106781186547,0.707106781186548,0.));
#4102=DIRECTION('',(-0.831545806682972,-0.555456183139558,0.));
#4103=DIRECTION('',(0.707106781186547,0.707106781186547,0.));
#4104=DIRECTION('center_axis',(0.,0.,-1.));
#4105=DIRECTION('ref_axis',(-0.707106781186547,0.707106781186548,0.));
#4106=DIRECTION('',(0.707106781186548,0.707106781186547,0.));
#4107=DIRECTION('',(0.561797731573962,0.827274627193625,0.));
#4108=DIRECTION('center_axis',(0.707106781186547,-0.707106781186548,0.));
#4109=DIRECTION('ref_axis',(0.,0.,-1.));
#4110=DIRECTION('',(0.707106781186548,0.707106781186547,3.70074341541719E-16));
#4111=DIRECTION('',(0.,0.,1.));
#4112=DIRECTION('center_axis',(-0.707106781186547,0.707106781186548,0.));
#4113=DIRECTION('ref_axis',(0.,0.,1.));
#4114=DIRECTION('',(0.707106781186548,0.707106781186547,0.));
#4115=DIRECTION('',(0.,0.,1.));
#4116=DIRECTION('',(-0.707106781186548,-0.707106781186547,-3.70074341541719E-16));
#4117=DIRECTION('center_axis',(0.707106781186548,-0.707106781186548,0.));
#4118=DIRECTION('ref_axis',(0.,0.,-1.));
#4119=DIRECTION('',(0.707106781186548,0.707106781186548,3.70074341541719E-16));
#4120=DIRECTION('',(0.,0.,1.));
#4121=DIRECTION('',(-0.707106781186548,-0.707106781186548,0.));
#4122=DIRECTION('center_axis',(-0.707106781186548,0.707106781186548,0.));
#4123=DIRECTION('ref_axis',(0.,0.,1.));
#4124=DIRECTION('',(0.,0.,1.));
#4125=DIRECTION('',(-0.707106781186548,-0.707106781186548,-3.70074341541719E-16));
#4126=DIRECTION('center_axis',(0.707106781186548,-0.707106781186548,0.));
#4127=DIRECTION('ref_axis',(0.,0.,-1.));
#4128=DIRECTION('',(-0.707106781186549,-0.707106781186546,-3.70074341541719E-16));
#4129=DIRECTION('',(0.,0.,1.));
#4130=DIRECTION('',(0.707106781186549,0.707106781186546,0.));
#4131=DIRECTION('',(0.707106781186548,0.707106781186548,0.));
#4132=DIRECTION('',(0.,0.,-1.));
#4133=DIRECTION('center_axis',(0.707106781186548,-0.707106781186548,0.));
#4134=DIRECTION('ref_axis',(0.,0.,-1.));
#4135=DIRECTION('',(-0.707106781186546,-0.707106781186548,-3.70074341541719E-16));
#4136=DIRECTION('',(0.,0.,1.));
#4137=DIRECTION('',(0.707106781186548,0.707106781186548,0.));
#4138=DIRECTION('',(0.707106781186547,0.707106781186548,0.));
#4139=DIRECTION('',(0.,0.,-1.));
#4140=DIRECTION('center_axis',(0.707106781186549,0.707106781186546,0.));
#4141=DIRECTION('ref_axis',(0.,0.,-1.));
#4142=DIRECTION('',(-0.707106781186546,0.707106781186549,7.4014867205437E-17));
#4143=DIRECTION('',(0.,0.,1.));
#4144=DIRECTION('',(0.707106781186546,-0.707106781186549,0.));
#4145=DIRECTION('center_axis',(-0.707106781186549,-0.707106781186546,0.));
#4146=DIRECTION('ref_axis',(0.,0.,1.));
#4147=DIRECTION('',(-0.707106781186546,0.707106781186549,0.));
#4148=DIRECTION('',(0.,0.,1.));
#4149=DIRECTION('',(0.707106781186546,-0.707106781186549,-7.4014867205437E-17));
#4150=DIRECTION('center_axis',(0.707106781186547,0.707106781186549,0.));
#4151=DIRECTION('ref_axis',(0.,0.,-1.));
#4152=DIRECTION('',(-0.707106781186549,0.707106781186547,7.40148672054359E-17));
#4153=DIRECTION('',(0.,0.,1.));
#4154=DIRECTION('',(-0.707106781186549,0.707106781186547,0.));
#4155=DIRECTION('center_axis',(-0.707106781186547,-0.707106781186549,0.));
#4156=DIRECTION('ref_axis',(0.,0.,1.));
#4157=DIRECTION('',(-0.707106781186549,0.707106781186547,0.));
#4158=DIRECTION('',(0.,0.,1.));
#4159=DIRECTION('',(0.707106781186549,-0.707106781186547,-7.40148672054359E-17));
#4160=DIRECTION('center_axis',(0.707106781186554,0.707106781186541,0.));
#4161=DIRECTION('ref_axis',(0.,0.,-1.));
#4162=DIRECTION('',(0.707106781186547,-0.707106781186548,-7.40148672054366E-17));
#4163=DIRECTION('',(0.,0.,1.));
#4164=DIRECTION('',(-0.707106781186547,0.707106781186548,0.));
#4165=DIRECTION('',(0.,0.,-1.));
#4166=DIRECTION('center_axis',(0.707106781186548,-0.707106781186547,0.));
#4167=DIRECTION('ref_axis',(0.707106781186547,0.707106781186548,0.));
#4168=DIRECTION('',(0.707106781186547,0.707106781186548,0.));
#4169=DIRECTION('',(0.,0.,1.));
#4170=DIRECTION('',(0.707106781186547,0.707106781186548,0.));
#4171=DIRECTION('',(0.,0.,1.));
#4172=DIRECTION('',(0.707106781186547,0.707106781186548,0.));
#4173=DIRECTION('',(0.,0.,1.));
#4174=DIRECTION('',(0.707106781186548,0.707106781186547,3.70074341541719E-16));
#4175=DIRECTION('center_axis',(0.,0.,1.));
#4176=DIRECTION('ref_axis',(1.,0.,0.));
#4177=DIRECTION('',(0.561797731573962,0.827274627193625,0.));
#4178=DIRECTION('',(0.707106781186547,-0.707106781186547,0.));
#4179=DIRECTION('',(-0.707106781186547,-0.707106781186548,0.));
#4180=DIRECTION('',(-0.707106781186548,0.707106781186547,0.));
#4181=DIRECTION('',(0.561797731573962,0.827274627193625,0.));
#4182=DIRECTION('',(-0.707106781186548,0.707106781186547,0.));
#4183=DIRECTION('',(-0.561797731573962,-0.827274627193625,0.));
#4184=DIRECTION('',(-0.25881904510252,-0.965925826289068,0.));
#4185=DIRECTION('',(0.965925826289069,0.258819045102519,0.));
#4186=DIRECTION('',(0.831545806682972,0.555456183139558,0.));
#4187=DIRECTION('',(-0.707106781186547,0.707106781186547,0.));
#4188=DIRECTION('',(-0.831545806682972,-0.555456183139558,0.));
#4189=DIRECTION('',(-0.707106781186547,0.707106781186548,0.));
#4190=DIRECTION('',(0.707106781186548,0.707106781186547,0.));
#4191=DIRECTION('',(0.707106781186547,-0.707106781186547,0.));
#4192=DIRECTION('',(-0.831545806682972,-0.555456183139558,0.));
#4193=DIRECTION('',(0.831545806682972,0.555456183139558,0.));
#4194=DIRECTION('',(0.829835862585811,-0.558007563717968,0.));
#4195=DIRECTION('',(-0.987324690318656,-0.158713439529141,0.));
#4196=DIRECTION('',(0.707106781186547,0.707106781186548,0.));
#4197=DIRECTION('',(-0.707106781186548,0.707106781186548,0.));
#4198=DIRECTION('',(-0.707106781186548,-0.707106781186547,0.));
#4199=DIRECTION('',(-0.707106781186547,0.707106781186548,0.));
#4200=DIRECTION('',(0.707106781186547,0.707106781186548,0.));
#4201=DIRECTION('',(0.707106781186548,-0.707106781186548,0.));
#4202=DIRECTION('',(-0.707106781186548,-0.707106781186547,0.));
#4203=DIRECTION('',(0.707106781186548,-0.707106781186548,0.));
#4204=DIRECTION('',(0.707106781186547,0.707106781186548,0.));
#4205=DIRECTION('',(-0.158713439529141,-0.987324690318656,0.));
#4206=DIRECTION('',(-0.558007563717969,0.829835862585811,0.));
#4207=DIRECTION('',(0.555456183139558,0.831545806682972,0.));
#4208=DIRECTION('',(0.258819045102521,0.965925826289068,0.));
#4209=DIRECTION('',(-0.965925826289068,-0.25881904510252,0.));
#4210=DIRECTION('',(-0.827274627193625,-0.561797731573961,0.));
#4211=DIRECTION('',(-0.829002602447083,0.559244745291329,0.));
#4212=DIRECTION('',(-0.965925826289068,0.258819045102521,0.));
#4213=DIRECTION('',(0.25881904510252,-0.965925826289068,0.));
#4214=DIRECTION('',(0.55924474529133,-0.829002602447083,0.));
#4215=DIRECTION('',(-0.561797731573962,-0.827274627193625,0.));
#4216=DIRECTION('',(0.707106781186547,-0.707106781186548,0.));
#4217=DIRECTION('',(-0.707106781186547,-0.707106781186548,0.));
#4218=DIRECTION('',(-0.55924474529133,0.829002602447083,0.));
#4219=DIRECTION('',(0.707106781186548,0.707106781186547,0.));
#4220=DIRECTION('',(0.707106781186547,-0.707106781186548,0.));
#4221=DIRECTION('',(0.707106781186548,0.707106781186547,0.));
#4222=DIRECTION('',(0.707106781186548,0.707106781186547,0.));
#4223=DIRECTION('',(0.829002602447083,-0.559244745291329,0.));
#4224=DIRECTION('',(-0.707106781186547,-0.707106781186548,0.));
#4225=DIRECTION('center_axis',(0.,0.,-1.));
#4226=DIRECTION('ref_axis',(1.,0.,0.));
#4227=DIRECTION('center_axis',(0.,0.,-1.));
#4228=DIRECTION('ref_axis',(1.,0.,0.));
#4229=DIRECTION('center_axis',(0.,0.,-1.));
#4230=DIRECTION('ref_axis',(1.,0.,0.));
#4231=DIRECTION('center_axis',(0.,0.,-1.));
#4232=DIRECTION('ref_axis',(1.,0.,0.));
#4233=DIRECTION('center_axis',(0.,0.,-1.));
#4234=DIRECTION('ref_axis',(1.,0.,0.));
#4235=DIRECTION('center_axis',(0.,0.,-1.));
#4236=DIRECTION('ref_axis',(1.,0.,0.));
#4237=DIRECTION('center_axis',(0.,0.,-1.));
#4238=DIRECTION('ref_axis',(1.,0.,0.));
#4239=DIRECTION('center_axis',(0.,0.,-1.));
#4240=DIRECTION('ref_axis',(1.,0.,0.));
#4241=DIRECTION('center_axis',(0.,0.,-1.));
#4242=DIRECTION('ref_axis',(1.,0.,0.));
#4243=DIRECTION('center_axis',(0.,0.,-1.));
#4244=DIRECTION('ref_axis',(1.,0.,0.));
#4245=DIRECTION('center_axis',(0.,0.,-1.));
#4246=DIRECTION('ref_axis',(1.,0.,0.));
#4247=DIRECTION('center_axis',(0.,0.,-1.));
#4248=DIRECTION('ref_axis',(1.,0.,0.));
#4249=DIRECTION('center_axis',(0.,0.,-1.));
#4250=DIRECTION('ref_axis',(1.,0.,0.));
#4251=DIRECTION('center_axis',(0.,0.,-1.));
#4252=DIRECTION('ref_axis',(1.,0.,0.));
#4253=DIRECTION('center_axis',(0.,0.,-1.));
#4254=DIRECTION('ref_axis',(1.,0.,0.));
#4255=DIRECTION('center_axis',(0.,0.,-1.));
#4256=DIRECTION('ref_axis',(1.,0.,0.));
#4257=DIRECTION('',(-0.707106781186547,-0.707106781186548,0.));
#4258=DIRECTION('',(-0.707106781186547,0.707106781186547,0.));
#4259=DIRECTION('',(0.827274627193625,0.561797731573961,0.));
#4260=DIRECTION('',(0.707106781186547,-0.707106781186547,0.));
#4261=DIRECTION('',(-0.707106781186547,-0.707106781186548,0.));
#4262=DIRECTION('',(0.707106781186547,-0.707106781186548,0.));
#4263=DIRECTION('',(0.707106781186547,-0.707106781186548,0.));
#4264=DIRECTION('',(-0.555456183139558,-0.831545806682972,0.));
#4265=DIRECTION('',(-0.707106781186547,0.707106781186547,0.));
#4266=DIRECTION('center_axis',(0.,0.,-1.));
#4267=DIRECTION('ref_axis',(-0.707106781186548,-0.707106781186547,0.));
#4268=DIRECTION('',(-0.158713439529141,-0.987324690318656,0.));
#4269=DIRECTION('center_axis',(0.,0.,-1.));
#4270=DIRECTION('ref_axis',(-0.707106781186547,-0.707106781186548,0.));
#4271=DIRECTION('',(-0.987324690318656,-0.158713439529141,0.));
#4272=DIRECTION('center_axis',(-2.0934566193771E-16,-3.14018490956882E-16,
1.));
#4273=DIRECTION('ref_axis',(-0.707106781186548,0.707106781186547,7.40148672054363E-17));
#4274=DIRECTION('',(0.561797731573962,0.827274627193625,1.38941088518688E-17));
#4275=DIRECTION('',(-0.707106781186548,0.707106781186547,0.));
#4276=DIRECTION('',(-0.707106781186547,-0.707106781186548,-3.70074341541719E-16));
#4277=DIRECTION('',(0.707106781186548,-0.707106781186548,-7.40148672054364E-17));
#4278=DIRECTION('',(-0.707106781186547,-0.707106781186548,-3.70074341541719E-16));
#4279=DIRECTION('',(-0.707106781186548,0.707106781186547,0.));
#4280=DIRECTION('',(0.707106781186547,0.707106781186548,3.70074341541719E-16));
#4281=DIRECTION('',(0.558007563717969,-0.829835862585811,-7.11325936848732E-17));
#4282=DIRECTION('',(0.158713439529141,0.987324690318656,2.99897637506347E-16));
#4283=DIRECTION('',(0.707106781186547,0.707106781186548,3.70074341541719E-16));
#4284=DIRECTION('',(0.987324690318656,0.158713439529141,2.99897637506347E-16));
#4285=DIRECTION('',(-0.829835862585811,0.558007563717968,-7.11325936848731E-17));
#4286=DIRECTION('',(0.707106781186547,0.707106781186548,3.70074341541719E-16));
#4287=DIRECTION('',(0.707106781186548,-0.707106781186547,-7.40148672054363E-17));
#4288=DIRECTION('',(-0.831545806682972,-0.555456183139558,1.44495409795636E-17));
#4289=DIRECTION('',(0.831545806682972,0.555456183139558,-1.44495409795636E-17));
#4290=DIRECTION('',(0.707106781186548,-0.707106781186547,-7.40148672054363E-17));
#4291=DIRECTION('',(-0.561797731573962,-0.827274627193625,-1.38941088518688E-17));
#4292=DIRECTION('',(0.707106781186547,-0.707106781186548,0.));
#4293=DIRECTION('',(-0.707106781186548,-0.707106781186547,-3.70074341541719E-16));
#4294=DIRECTION('center_axis',(2.0934566193771E-16,3.14018490956882E-16,
-1.));
#4295=DIRECTION('ref_axis',(1.,2.43086534291451E-63,9.86076131526265E-32));
#4296=DIRECTION('center_axis',(2.0934566193771E-16,3.14018490956882E-16,
-1.));
#4297=DIRECTION('ref_axis',(1.,2.43086534291451E-63,9.86076131526265E-32));
#4298=DIRECTION('center_axis',(2.0934566193771E-16,3.14018490956882E-16,
-1.));
#4299=DIRECTION('ref_axis',(1.,2.43086534291451E-63,9.86076131526265E-32));
#4300=DIRECTION('center_axis',(2.0934566193771E-16,3.14018490956882E-16,
-1.));
#4301=DIRECTION('ref_axis',(1.,2.43086534291451E-63,9.86076131526265E-32));
#4302=DIRECTION('center_axis',(-0.707106781186548,0.707106781186547,0.));
#4303=DIRECTION('ref_axis',(0.,0.,1.));
#4304=DIRECTION('',(0.707106781186547,0.707106781186547,0.));
#4305=DIRECTION('',(9.86076131526265E-32,-9.86076131526265E-32,-1.));
#4306=DIRECTION('center_axis',(-0.707106781186548,0.707106781186547,0.));
#4307=DIRECTION('ref_axis',(0.,0.,1.));
#4308=DIRECTION('',(0.,0.,1.));
#4309=DIRECTION('',(-9.86076131526265E-32,9.86076131526265E-32,1.));
#4310=DIRECTION('',(0.707106781186547,0.707106781186547,0.));
#4311=DIRECTION('center_axis',(0.707106781186547,0.707106781186548,0.));
#4312=DIRECTION('ref_axis',(0.,0.,-1.));
#4313=DIRECTION('',(-0.707106781186548,0.707106781186547,0.));
#4314=DIRECTION('',(9.86076131526265E-32,-9.86076131526265E-32,-1.));
#4315=DIRECTION('center_axis',(0.707106781186548,0.707106781186547,0.));
#4316=DIRECTION('ref_axis',(-0.707106781186547,0.707106781186548,0.));
#4317=DIRECTION('',(0.,0.,1.));
#4318=DIRECTION('center_axis',(0.707106781186548,-0.707106781186547,0.));
#4319=DIRECTION('ref_axis',(0.,0.,-1.));
#4320=DIRECTION('',(0.,0.,-1.));
#4321=DIRECTION('',(-0.707106781186547,-0.707106781186547,0.));
#4322=DIRECTION('',(0.,0.,1.));
#4323=DIRECTION('',(0.707106781186547,0.707106781186548,3.70074341541719E-16));
#4324=DIRECTION('center_axis',(0.707106781186548,-0.707106781186547,0.));
#4325=DIRECTION('ref_axis',(0.,0.,-1.));
#4326=DIRECTION('',(0.,0.,1.));
#4327=DIRECTION('',(0.707106781186547,0.707106781186548,0.));
#4328=DIRECTION('center_axis',(0.707106781186548,-0.707106781186547,0.));
#4329=DIRECTION('ref_axis',(0.,0.,-1.));
#4330=DIRECTION('',(0.,0.,1.));
#4331=DIRECTION('',(0.,0.,-1.));
#4332=DIRECTION('',(-0.707106781186547,-0.707106781186547,0.));
#4333=DIRECTION('center_axis',(0.707106781186548,-0.707106781186547,0.));
#4334=DIRECTION('ref_axis',(0.,0.,-1.));
#4335=DIRECTION('',(0.,0.,1.));
#4336=DIRECTION('',(0.707106781186547,0.707106781186548,3.70074341541719E-16));
#4337=DIRECTION('',(0.,0.,-1.));
#4338=DIRECTION('',(-0.707106781186547,-0.707106781186547,0.));
#4339=DIRECTION('center_axis',(0.707106781186548,-0.707106781186547,0.));
#4340=DIRECTION('ref_axis',(0.,0.,-1.));
#4341=DIRECTION('',(0.,0.,-1.));
#4342=DIRECTION('',(-0.707106781186547,-0.707106781186547,0.));
#4343=DIRECTION('',(9.86076131526265E-32,-9.86076131526265E-32,-1.));
#4344=DIRECTION('center_axis',(2.61682076447296E-16,2.61682076447296E-16,
-1.));
#4345=DIRECTION('ref_axis',(0.707106781186547,0.707106781186548,3.70074341541719E-16));
#4346=DIRECTION('',(0.829835862585811,-0.558007563717968,7.11325936848731E-17));
#4347=DIRECTION('',(-0.987324690318656,-0.158713439529141,-2.99897637506347E-16));
#4348=DIRECTION('center_axis',(2.61682076447296E-16,2.61682076447296E-16,
-1.));
#4349=DIRECTION('ref_axis',(0.707106781186547,0.707106781186548,3.70074341541719E-16));
#4350=DIRECTION('',(-0.558007563717969,0.829835862585811,7.11325936848732E-17));
#4351=DIRECTION('',(-0.158713439529141,-0.987324690318656,-2.99897637506347E-16));
#4352=DIRECTION('center_axis',(-0.158713439529141,0.987324690318656,0.));
#4353=DIRECTION('ref_axis',(-0.987324690318656,-0.158713439529141,0.));
#4354=DIRECTION('',(-0.987324690318656,-0.158713439529141,0.));
#4355=DIRECTION('',(0.,0.,1.));
#4356=DIRECTION('',(-0.987324690318656,-0.158713439529141,0.));
#4357=DIRECTION('',(0.,0.,-1.));
#4358=DIRECTION('',(-0.987324690318656,-0.158713439529141,0.));
#4359=DIRECTION('',(0.,0.,1.));
#4360=DIRECTION('center_axis',(0.158713439529141,-0.987324690318656,0.));
#4361=DIRECTION('ref_axis',(0.987324690318656,0.158713439529141,0.));
#4362=DIRECTION('',(0.,0.,1.));
#4363=DIRECTION('',(-0.987324690318656,-0.158713439529141,0.));
#4364=DIRECTION('',(0.,0.,-1.));
#4365=DIRECTION('',(0.987324690318656,0.158713439529141,0.));
#4366=DIRECTION('',(0.,0.,1.));
#4367=DIRECTION('',(0.987324690318656,0.158713439529141,0.));
#4368=DIRECTION('center_axis',(0.829835862585811,0.558007563717969,0.));
#4369=DIRECTION('ref_axis',(-0.558007563717969,0.829835862585811,0.));
#4370=DIRECTION('',(-0.558007563717969,0.829835862585811,0.));
#4371=DIRECTION('',(0.,0.,1.));
#4372=DIRECTION('',(-0.558007563717969,0.829835862585811,0.));
#4373=DIRECTION('',(0.,0.,1.));
#4374=DIRECTION('',(0.558007563717969,-0.829835862585811,0.));
#4375=DIRECTION('',(0.,0.,1.));
#4376=DIRECTION('center_axis',(-0.829835862585811,-0.558007563717969,0.));
#4377=DIRECTION('ref_axis',(0.558007563717969,-0.829835862585811,0.));
#4378=DIRECTION('',(0.,0.,-1.));
#4379=DIRECTION('',(0.558007563717969,-0.829835862585811,0.));
#4380=DIRECTION('',(0.,0.,1.));
#4381=DIRECTION('',(0.558007563717969,-0.829835862585811,0.));
#4382=DIRECTION('',(0.,0.,1.));
#4383=DIRECTION('',(0.558007563717969,-0.829835862585811,0.));
#4384=DIRECTION('center_axis',(-0.707106781186548,-0.707106781186548,0.));
#4385=DIRECTION('ref_axis',(0.,0.,1.));
#4386=DIRECTION('',(0.,0.,1.));
#4387=DIRECTION('',(0.707106781186548,-0.707106781186547,0.));
#4388=DIRECTION('center_axis',(-0.707106781186548,-0.707106781186548,0.));
#4389=DIRECTION('ref_axis',(0.,0.,1.));
#4390=DIRECTION('',(0.,0.,-1.));
#4391=DIRECTION('',(-0.707106781186548,0.707106781186547,7.40148672054361E-17));
#4392=DIRECTION('center_axis',(-0.707106781186548,-0.707106781186548,0.));
#4393=DIRECTION('ref_axis',(0.,0.,1.));
#4394=DIRECTION('',(0.,0.,1.));
#4395=DIRECTION('',(0.,0.,-1.));
#4396=DIRECTION('',(-0.707106781186548,0.707106781186547,7.40148672054361E-17));
#4397=DIRECTION('center_axis',(0.,0.,1.));
#4398=DIRECTION('ref_axis',(1.,0.,0.));
#4399=DIRECTION('',(-0.831545806682972,-0.555456183139558,0.));
#4400=DIRECTION('',(0.707106781186547,-0.707106781186547,0.));
#4401=DIRECTION('',(0.831545806682972,0.555456183139558,0.));
#4402=DIRECTION('',(0.829835862585812,-0.558007563717968,0.));
#4403=DIRECTION('',(0.707106781186548,0.707106781186547,0.));
#4404=DIRECTION('',(-0.829835862585811,0.558007563717968,0.));
#4405=DIRECTION('',(0.707106781186548,0.707106781186547,0.));
#4406=DIRECTION('',(-0.15871343952914,-0.987324690318656,0.));
#4407=DIRECTION('',(0.707106781186547,0.707106781186548,0.));
#4408=DIRECTION('',(0.158713439529141,0.987324690318656,0.));
#4409=DIRECTION('',(0.707106781186547,0.707106781186548,0.));
#4410=DIRECTION('',(-0.707106781186548,-0.707106781186547,0.));
#4411=DIRECTION('',(0.707106781186548,-0.707106781186548,0.));
#4412=DIRECTION('',(-0.561797731573962,-0.827274627193625,0.));
#4413=DIRECTION('',(0.707106781186548,-0.707106781186547,0.));
#4414=DIRECTION('',(0.561797731573962,0.827274627193625,0.));
#4415=DIRECTION('',(-0.707106781186547,-0.707106781186548,-2.46519032881565E-32));
#4416=DIRECTION('',(-0.707106781186548,0.707106781186547,7.40148672054362E-17));
#4417=DIRECTION('',(0.707106781186547,0.707106781186548,2.46519032881565E-32));
#4418=DIRECTION('',(-0.707106781186548,0.707106781186547,-9.01484172973707E-32));
#4419=DIRECTION('',(-0.707106781186548,0.707106781186547,-9.01484172973707E-32));
#4420=DIRECTION('',(0.707106781186547,0.707106781186548,2.46519032881565E-32));
#4421=DIRECTION('',(0.707106781186548,-0.707106781186547,-7.40148672054362E-17));
#4422=DIRECTION('',(-0.707106781186547,-0.707106781186548,-2.46519032881565E-32));
#4423=DIRECTION('center_axis',(3.14018491736755E-16,3.14018491736755E-16,
-1.));
#4424=DIRECTION('ref_axis',(1.,2.43086534291451E-63,9.86076131526265E-32));
#4425=DIRECTION('center_axis',(3.14018491736755E-16,3.14018491736755E-16,
-1.));
#4426=DIRECTION('ref_axis',(1.,2.43086534291451E-63,9.86076131526265E-32));
#4427=DIRECTION('center_axis',(3.14018491736755E-16,3.14018491736755E-16,
-1.));
#4428=DIRECTION('ref_axis',(1.,2.43086534291451E-63,9.86076131526265E-32));
#4429=DIRECTION('center_axis',(3.14018491736755E-16,3.14018491736755E-16,
-1.));
#4430=DIRECTION('ref_axis',(1.,2.43086534291451E-63,9.86076131526265E-32));
#4431=DIRECTION('center_axis',(-0.827274627193625,0.561797731573962,0.));
#4432=DIRECTION('ref_axis',(-0.561797731573962,-0.827274627193625,0.));
#4433=DIRECTION('',(0.,0.,1.));
#4434=DIRECTION('',(0.561797731573962,0.827274627193625,0.));
#4435=DIRECTION('',(0.,0.,1.));
#4436=DIRECTION('',(0.,0.,1.));
#4437=DIRECTION('center_axis',(-0.555456183139558,0.831545806682972,0.));
#4438=DIRECTION('ref_axis',(-0.831545806682972,-0.555456183139558,0.));
#4439=DIRECTION('',(0.,0.,1.));
#4440=DIRECTION('',(-0.831545806682972,-0.555456183139558,0.));
#4441=DIRECTION('',(0.,0.,1.));
#4442=DIRECTION('',(0.,0.,1.));
#4443=DIRECTION('center_axis',(-0.707106781186547,-0.707106781186548,0.));
#4444=DIRECTION('ref_axis',(0.707106781186548,-0.707106781186547,0.));
#4445=DIRECTION('',(0.,0.,1.));
#4446=DIRECTION('center_axis',(0.707106781186548,-0.707106781186547,0.));
#4447=DIRECTION('ref_axis',(0.707106781186547,0.707106781186548,0.));
#4448=DIRECTION('',(-0.707106781186547,-0.707106781186548,0.));
#4449=DIRECTION('center_axis',(0.707106781186548,-0.707106781186547,0.));
#4450=DIRECTION('ref_axis',(0.707106781186547,0.707106781186548,0.));
#4451=DIRECTION('',(-0.707106781186547,-0.707106781186548,0.));
#4452=DIRECTION('',(0.,0.,1.));
#4453=DIRECTION('',(0.,0.,1.));
#4454=DIRECTION('center_axis',(0.,0.,1.));
#4455=DIRECTION('ref_axis',(1.,0.,0.));
#4456=DIRECTION('',(-0.707106781186547,-0.707106781186548,0.));
#4457=DIRECTION('',(-0.707106781186548,0.707106781186547,0.));
#4458=DIRECTION('',(0.158713439529141,0.987324690318656,0.));
#4459=DIRECTION('',(-0.158713439529141,-0.987324690318656,0.));
#4460=DIRECTION('',(-0.707106781186548,-0.707106781186548,0.));
#4461=DIRECTION('',(-0.707106781186548,-0.707106781186547,0.));
#4462=DIRECTION('',(0.707106781186548,-0.707106781186547,0.));
#4463=DIRECTION('',(-0.707106781186547,-0.707106781186548,0.));
#4464=DIRECTION('',(-0.829835862585811,0.558007563717968,0.));
#4465=DIRECTION('',(-0.707106781186548,-0.707106781186547,0.));
#4466=DIRECTION('',(0.829835862585811,-0.558007563717968,0.));
#4467=DIRECTION('',(0.965925826289068,-0.258819045102521,0.));
#4468=DIRECTION('',(-0.25881904510252,0.965925826289068,0.));
#4469=DIRECTION('center_axis',(0.,0.,-1.));
#4470=DIRECTION('ref_axis',(1.,0.,0.));
#4471=DIRECTION('center_axis',(0.,0.,-1.));
#4472=DIRECTION('ref_axis',(1.,0.,0.));
#4473=DIRECTION('center_axis',(0.,0.,-1.));
#4474=DIRECTION('ref_axis',(1.,0.,0.));
#4475=DIRECTION('center_axis',(0.,0.,-1.));
#4476=DIRECTION('ref_axis',(1.,0.,0.));
#4477=DIRECTION('center_axis',(-0.707106781186548,-0.707106781186548,0.));
#4478=DIRECTION('ref_axis',(0.707106781186548,-0.707106781186548,0.));
#4479=DIRECTION('',(0.,0.,1.));
#4480=DIRECTION('center_axis',(0.707106781186547,-0.707106781186548,0.));
#4481=DIRECTION('ref_axis',(0.707106781186548,0.707106781186547,0.));
#4482=DIRECTION('center_axis',(0.707106781186547,-0.707106781186548,0.));
#4483=DIRECTION('ref_axis',(0.707106781186548,0.707106781186547,0.));
#4484=DIRECTION('',(0.,0.,1.));
#4485=DIRECTION('',(0.,0.,1.));
#4486=DIRECTION('center_axis',(-0.707106781186547,0.707106781186548,0.));
#4487=DIRECTION('ref_axis',(-0.707106781186548,-0.707106781186547,0.));
#4488=DIRECTION('',(0.,0.,1.));
#4489=DIRECTION('center_axis',(-0.987324690318656,0.158713439529141,0.));
#4490=DIRECTION('ref_axis',(-0.158713439529141,-0.987324690318656,0.));
#4491=DIRECTION('',(0.,0.,1.));
#4492=DIRECTION('',(-0.158713439529141,-0.987324690318656,0.));
#4493=DIRECTION('',(0.,0.,1.));
#4494=DIRECTION('center_axis',(0.987324690318656,-0.158713439529141,0.));
#4495=DIRECTION('ref_axis',(0.158713439529141,0.987324690318656,0.));
#4496=DIRECTION('',(0.,0.,1.));
#4497=DIRECTION('',(0.158713439529141,0.987324690318656,0.));
#4498=DIRECTION('center_axis',(0.707106781186548,0.707106781186548,0.));
#4499=DIRECTION('ref_axis',(-0.707106781186548,0.707106781186548,0.));
#4500=DIRECTION('',(0.,0.,1.));
#4501=DIRECTION('',(-0.707106781186548,0.707106781186548,0.));
#4502=DIRECTION('',(0.,0.,-1.));
#4503=DIRECTION('center_axis',(0.707106781186548,-0.707106781186548,0.));
#4504=DIRECTION('ref_axis',(0.707106781186548,0.707106781186548,0.));
#4505=DIRECTION('',(0.707106781186548,0.707106781186548,0.));
#4506=DIRECTION('center_axis',(-0.707106781186548,-0.707106781186548,0.));
#4507=DIRECTION('ref_axis',(0.707106781186548,-0.707106781186548,0.));
#4508=DIRECTION('',(0.,0.,1.));
#4509=DIRECTION('',(0.707106781186548,-0.707106781186548,0.));
#4510=DIRECTION('',(0.,0.,-1.));
#4511=DIRECTION('center_axis',(-0.707106781186547,0.707106781186548,0.));
#4512=DIRECTION('ref_axis',(-0.707106781186548,-0.707106781186547,0.));
#4513=DIRECTION('',(-0.707106781186548,-0.707106781186547,0.));
#4514=DIRECTION('',(0.,0.,1.));
#4515=DIRECTION('center_axis',(-0.707106781186547,0.707106781186548,0.));
#4516=DIRECTION('ref_axis',(-0.707106781186548,-0.707106781186547,0.));
#4517=DIRECTION('',(0.,0.,1.));
#4518=DIRECTION('',(-0.707106781186548,-0.707106781186547,0.));
#4519=DIRECTION('center_axis',(0.707106781186547,0.707106781186548,0.));
#4520=DIRECTION('ref_axis',(-0.707106781186548,0.707106781186547,0.));
#4521=DIRECTION('',(0.,0.,1.));
#4522=DIRECTION('',(-0.707106781186548,0.707106781186547,0.));
#4523=DIRECTION('center_axis',(0.707106781186548,-0.707106781186547,0.));
#4524=DIRECTION('ref_axis',(0.707106781186547,0.707106781186548,0.));
#4525=DIRECTION('',(0.707106781186547,0.707106781186548,0.));
#4526=DIRECTION('center_axis',(-0.707106781186548,0.707106781186547,0.));
#4527=DIRECTION('ref_axis',(-0.707106781186547,-0.707106781186548,0.));
#4528=DIRECTION('',(-0.707106781186547,-0.707106781186548,0.));
#4529=DIRECTION('center_axis',(0.,0.,1.));
#4530=DIRECTION('ref_axis',(1.,0.,0.));
#4531=DIRECTION('',(0.,0.,-1.));
#4532=DIRECTION('center_axis',(0.,0.,-1.));
#4533=DIRECTION('ref_axis',(1.,0.,0.));
#4534=DIRECTION('center_axis',(0.,0.,1.));
#4535=DIRECTION('ref_axis',(1.,0.,0.));
#4536=DIRECTION('',(0.,0.,-1.));
#4537=DIRECTION('center_axis',(0.,0.,-1.));
#4538=DIRECTION('ref_axis',(1.,0.,0.));
#4539=DIRECTION('center_axis',(0.,0.,1.));
#4540=DIRECTION('ref_axis',(1.,0.,0.));
#4541=DIRECTION('',(0.,0.,-1.));
#4542=DIRECTION('center_axis',(0.,0.,-1.));
#4543=DIRECTION('ref_axis',(1.,0.,0.));
#4544=DIRECTION('center_axis',(0.,0.,1.));
#4545=DIRECTION('ref_axis',(1.,0.,0.));
#4546=DIRECTION('',(0.,0.,-1.));
#4547=DIRECTION('center_axis',(0.,0.,-1.));
#4548=DIRECTION('ref_axis',(1.,0.,0.));
#4549=DIRECTION('center_axis',(0.707106781186548,-0.707106781186547,0.));
#4550=DIRECTION('ref_axis',(0.707106781186547,0.707106781186548,0.));
#4551=DIRECTION('',(0.707106781186547,0.707106781186548,0.));
#4552=DIRECTION('',(0.,0.,1.));
#4553=DIRECTION('',(0.,0.,1.));
#4554=DIRECTION('center_axis',(0.707106781186548,0.707106781186547,0.));
#4555=DIRECTION('ref_axis',(-0.707106781186547,0.707106781186548,0.));
#4556=DIRECTION('',(-0.707106781186547,0.707106781186548,0.));
#4557=DIRECTION('center_axis',(-0.707106781186548,-0.707106781186548,0.));
#4558=DIRECTION('ref_axis',(0.707106781186548,-0.707106781186548,0.));
#4559=DIRECTION('',(0.707106781186548,-0.707106781186548,0.));
#4560=DIRECTION('center_axis',(0.,0.,1.));
#4561=DIRECTION('ref_axis',(1.,0.,0.));
#4562=DIRECTION('',(0.,0.,-1.));
#4563=DIRECTION('center_axis',(0.,0.,-1.));
#4564=DIRECTION('ref_axis',(1.,0.,0.));
#4565=DIRECTION('center_axis',(0.,0.,1.));
#4566=DIRECTION('ref_axis',(1.,0.,0.));
#4567=DIRECTION('',(0.,0.,-1.));
#4568=DIRECTION('center_axis',(0.,0.,-1.));
#4569=DIRECTION('ref_axis',(1.,0.,0.));
#4570=DIRECTION('center_axis',(0.,0.,1.));
#4571=DIRECTION('ref_axis',(1.,0.,0.));
#4572=DIRECTION('',(0.,0.,-1.));
#4573=DIRECTION('center_axis',(0.,0.,-1.));
#4574=DIRECTION('ref_axis',(1.,0.,0.));
#4575=DIRECTION('center_axis',(0.,0.,1.));
#4576=DIRECTION('ref_axis',(1.,0.,0.));
#4577=DIRECTION('',(0.,0.,-1.));
#4578=DIRECTION('center_axis',(0.,0.,-1.));
#4579=DIRECTION('ref_axis',(1.,0.,0.));
#4580=DIRECTION('center_axis',(-0.707106781186548,0.707106781186547,0.));
#4581=DIRECTION('ref_axis',(-0.707106781186547,-0.707106781186548,0.));
#4582=DIRECTION('',(-0.707106781186547,-0.707106781186548,0.));
#4583=DIRECTION('',(0.,0.,1.));
#4584=DIRECTION('center_axis',(-0.559244745291329,-0.829002602447083,0.));
#4585=DIRECTION('ref_axis',(0.829002602447083,-0.559244745291329,0.));
#4586=DIRECTION('',(0.829002602447083,-0.559244745291329,0.));
#4587=DIRECTION('',(0.,0.,1.));
#4588=DIRECTION('center_axis',(0.707106781186547,-0.707106781186548,0.));
#4589=DIRECTION('ref_axis',(0.707106781186548,0.707106781186547,0.));
#4590=DIRECTION('',(0.707106781186548,0.707106781186547,0.));
#4591=DIRECTION('center_axis',(0.,0.,1.));
#4592=DIRECTION('ref_axis',(1.,0.,0.));
#4593=DIRECTION('',(0.,0.,-1.));
#4594=DIRECTION('center_axis',(0.,0.,-1.));
#4595=DIRECTION('ref_axis',(1.,0.,0.));
#4596=DIRECTION('center_axis',(0.,0.,1.));
#4597=DIRECTION('ref_axis',(1.,0.,0.));
#4598=DIRECTION('',(0.,0.,-1.));
#4599=DIRECTION('center_axis',(0.,0.,-1.));
#4600=DIRECTION('ref_axis',(1.,0.,0.));
#4601=DIRECTION('center_axis',(-0.707106781186548,-0.707106781186548,0.));
#4602=DIRECTION('ref_axis',(0.707106781186548,-0.707106781186548,0.));
#4603=DIRECTION('',(0.707106781186547,-0.707106781186547,0.));
#4604=DIRECTION('',(0.,0.,1.));
#4605=DIRECTION('center_axis',(0.707106781186547,-0.707106781186548,0.));
#4606=DIRECTION('ref_axis',(0.707106781186548,0.707106781186547,0.));
#4607=DIRECTION('',(0.707106781186548,0.707106781186547,0.));
#4608=DIRECTION('',(0.,0.,1.));
#4609=DIRECTION('center_axis',(0.707106781186548,0.707106781186547,0.));
#4610=DIRECTION('ref_axis',(-0.707106781186547,0.707106781186548,0.));
#4611=DIRECTION('',(-0.707106781186547,0.707106781186548,0.));
#4612=DIRECTION('center_axis',(0.,0.,1.));
#4613=DIRECTION('ref_axis',(1.,0.,0.));
#4614=DIRECTION('',(0.,0.,-1.));
#4615=DIRECTION('center_axis',(0.,0.,-1.));
#4616=DIRECTION('ref_axis',(1.,0.,0.));
#4617=DIRECTION('center_axis',(-0.707106781186548,-0.707106781186548,0.));
#4618=DIRECTION('ref_axis',(0.707106781186548,-0.707106781186548,0.));
#4619=DIRECTION('',(0.707106781186547,-0.707106781186547,0.));
#4620=DIRECTION('',(0.,0.,1.));
#4621=DIRECTION('',(0.,0.,1.));
#4622=DIRECTION('center_axis',(0.827274627193625,-0.561797731573962,0.));
#4623=DIRECTION('ref_axis',(0.561797731573962,0.827274627193625,0.));
#4624=DIRECTION('',(0.,0.,1.));
#4625=DIRECTION('',(0.561797731573962,0.827274627193625,0.));
#4626=DIRECTION('center_axis',(0.707106781186547,0.707106781186548,0.));
#4627=DIRECTION('ref_axis',(-0.707106781186548,0.707106781186547,0.));
#4628=DIRECTION('',(-0.707106781186548,0.707106781186547,0.));
#4629=DIRECTION('',(0.,0.,1.));
#4630=DIRECTION('center_axis',(-0.707106781186548,0.707106781186547,0.));
#4631=DIRECTION('ref_axis',(-0.707106781186547,-0.707106781186548,0.));
#4632=DIRECTION('',(-0.707106781186547,-0.707106781186548,0.));
#4633=DIRECTION('center_axis',(0.,0.,1.));
#4634=DIRECTION('ref_axis',(1.,0.,0.));
#4635=DIRECTION('',(0.,0.,-1.));
#4636=DIRECTION('center_axis',(0.,0.,-1.));
#4637=DIRECTION('ref_axis',(1.,0.,0.));
#4638=DIRECTION('center_axis',(0.707106781186548,0.707106781186548,0.));
#4639=DIRECTION('ref_axis',(-0.707106781186548,0.707106781186548,0.));
#4640=DIRECTION('',(-0.707106781186547,0.707106781186547,0.));
#4641=DIRECTION('',(0.,0.,1.));
#4642=DIRECTION('center_axis',(-0.831545806682972,0.555456183139558,0.));
#4643=DIRECTION('ref_axis',(-0.555456183139558,-0.831545806682972,0.));
#4644=DIRECTION('',(-0.555456183139558,-0.831545806682972,0.));
#4645=DIRECTION('',(0.,0.,1.));
#4646=DIRECTION('center_axis',(-0.707106781186548,-0.707106781186547,0.));
#4647=DIRECTION('ref_axis',(0.707106781186547,-0.707106781186548,0.));
#4648=DIRECTION('',(0.707106781186547,-0.707106781186548,0.));
#4649=DIRECTION('center_axis',(0.707106781186548,-0.707106781186547,0.));
#4650=DIRECTION('ref_axis',(0.707106781186547,0.707106781186548,0.));
#4651=DIRECTION('',(0.707106781186547,0.707106781186548,0.));
#4652=DIRECTION('center_axis',(0.558007563717968,0.829835862585811,0.));
#4653=DIRECTION('ref_axis',(-0.829835862585811,0.558007563717968,0.));
#4654=DIRECTION('',(0.,0.,1.));
#4655=DIRECTION('',(-0.829835862585811,0.558007563717968,0.));
#4656=DIRECTION('center_axis',(-0.707106781186548,0.707106781186547,0.));
#4657=DIRECTION('ref_axis',(-0.707106781186547,-0.707106781186548,0.));
#4658=DIRECTION('',(-0.707106781186547,-0.707106781186548,0.));
#4659=DIRECTION('',(0.,0.,1.));
#4660=DIRECTION('center_axis',(-0.707106781186547,-0.707106781186548,0.));
#4661=DIRECTION('ref_axis',(0.707106781186548,-0.707106781186547,0.));
#4662=DIRECTION('',(0.707106781186548,-0.707106781186547,0.));
#4663=DIRECTION('center_axis',(0.,0.,1.));
#4664=DIRECTION('ref_axis',(1.,0.,0.));
#4665=DIRECTION('',(0.,0.,-1.));
#4666=DIRECTION('center_axis',(0.,0.,-1.));
#4667=DIRECTION('ref_axis',(1.,0.,0.));
#4668=DIRECTION('center_axis',(0.,0.,1.));
#4669=DIRECTION('ref_axis',(1.,0.,0.));
#4670=DIRECTION('',(0.,0.,-1.));
#4671=DIRECTION('center_axis',(0.,0.,-1.));
#4672=DIRECTION('ref_axis',(1.,0.,0.));
#4673=DIRECTION('center_axis',(0.,0.,1.));
#4674=DIRECTION('ref_axis',(1.,0.,0.));
#4675=DIRECTION('',(0.,0.,-1.));
#4676=DIRECTION('center_axis',(0.,0.,-1.));
#4677=DIRECTION('ref_axis',(1.,0.,0.));
#4678=DIRECTION('center_axis',(0.,0.,1.));
#4679=DIRECTION('ref_axis',(1.,0.,0.));
#4680=DIRECTION('',(0.,0.,-1.));
#4681=DIRECTION('center_axis',(0.,0.,-1.));
#4682=DIRECTION('ref_axis',(1.,0.,0.));
#4683=DIRECTION('center_axis',(0.,0.,1.));
#4684=DIRECTION('ref_axis',(1.,0.,0.));
#4685=DIRECTION('',(0.,0.,-1.));
#4686=DIRECTION('center_axis',(0.,0.,-1.));
#4687=DIRECTION('ref_axis',(1.,0.,0.));
#4688=DIRECTION('center_axis',(0.,0.,1.));
#4689=DIRECTION('ref_axis',(1.,0.,0.));
#4690=DIRECTION('',(0.,0.,-1.));
#4691=DIRECTION('center_axis',(0.,0.,-1.));
#4692=DIRECTION('ref_axis',(1.,0.,0.));
#4693=DIRECTION('center_axis',(0.561797731573962,-0.827274627193625,0.));
#4694=DIRECTION('ref_axis',(0.827274627193625,0.561797731573962,0.));
#4695=DIRECTION('',(0.827274627193625,0.561797731573961,0.));
#4696=DIRECTION('',(0.,0.,1.));
#4697=DIRECTION('',(0.,0.,1.));
#4698=DIRECTION('center_axis',(0.707106781186548,0.707106781186548,0.));
#4699=DIRECTION('ref_axis',(-0.707106781186548,0.707106781186548,0.));
#4700=DIRECTION('',(-0.707106781186547,0.707106781186547,0.));
#4701=DIRECTION('',(0.,0.,1.));
#4702=DIRECTION('center_axis',(-0.707106781186548,0.707106781186547,0.));
#4703=DIRECTION('ref_axis',(-0.707106781186547,-0.707106781186548,0.));
#4704=DIRECTION('',(0.,0.,1.));
#4705=DIRECTION('',(-0.707106781186547,-0.707106781186548,0.));
#4706=DIRECTION('center_axis',(-0.707106781186548,-0.707106781186548,0.));
#4707=DIRECTION('ref_axis',(0.707106781186548,-0.707106781186548,0.));
#4708=DIRECTION('',(0.707106781186547,-0.707106781186547,0.));
#4709=DIRECTION('center_axis',(0.,0.,1.));
#4710=DIRECTION('ref_axis',(1.,0.,0.));
#4711=DIRECTION('',(0.,0.,-1.));
#4712=DIRECTION('center_axis',(0.,0.,-1.));
#4713=DIRECTION('ref_axis',(1.,0.,0.));
#4714=DIRECTION('center_axis',(0.,0.,1.));
#4715=DIRECTION('ref_axis',(1.,0.,0.));
#4716=DIRECTION('',(0.,0.,-1.));
#4717=DIRECTION('center_axis',(0.,0.,-1.));
#4718=DIRECTION('ref_axis',(1.,0.,0.));
#4719=DIRECTION('center_axis',(0.829002602447083,0.55924474529133,0.));
#4720=DIRECTION('ref_axis',(-0.55924474529133,0.829002602447083,0.));
#4721=DIRECTION('',(-0.55924474529133,0.829002602447083,0.));
#4722=DIRECTION('',(0.,0.,1.));
#4723=DIRECTION('',(0.,0.,1.));
#4724=DIRECTION('center_axis',(-0.707106781186548,0.707106781186547,0.));
#4725=DIRECTION('ref_axis',(-0.707106781186547,-0.707106781186548,0.));
#4726=DIRECTION('',(-0.707106781186547,-0.707106781186548,0.));
#4727=DIRECTION('',(0.,0.,1.));
#4728=DIRECTION('center_axis',(-0.707106781186548,-0.707106781186547,0.));
#4729=DIRECTION('ref_axis',(0.707106781186547,-0.707106781186548,0.));
#4730=DIRECTION('',(0.,0.,1.));
#4731=DIRECTION('',(0.707106781186547,-0.707106781186548,0.));
#4732=DIRECTION('center_axis',(0.707106781186547,-0.707106781186548,0.));
#4733=DIRECTION('ref_axis',(0.707106781186548,0.707106781186547,0.));
#4734=DIRECTION('',(0.707106781186548,0.707106781186547,0.));
#4735=DIRECTION('center_axis',(-0.965925826289068,0.25881904510252,0.));
#4736=DIRECTION('ref_axis',(-0.25881904510252,-0.965925826289068,0.));
#4737=DIRECTION('',(0.25881904510252,0.965925826289068,0.));
#4738=DIRECTION('',(0.,0.,1.));
#4739=DIRECTION('center_axis',(-0.829002602447083,-0.55924474529133,0.));
#4740=DIRECTION('ref_axis',(0.55924474529133,-0.829002602447083,0.));
#4741=DIRECTION('',(-0.55924474529133,0.829002602447083,0.));
#4742=DIRECTION('',(0.,0.,1.));
#4743=DIRECTION('center_axis',(-0.965925826289068,-0.25881904510252,0.));
#4744=DIRECTION('ref_axis',(0.25881904510252,-0.965925826289068,0.));
#4745=DIRECTION('',(-0.25881904510252,0.965925826289068,0.));
#4746=DIRECTION('',(0.,0.,1.));
#4747=DIRECTION('center_axis',(0.258819045102521,0.965925826289068,0.));
#4748=DIRECTION('ref_axis',(-0.965925826289068,0.258819045102521,0.));
#4749=DIRECTION('',(0.965925826289068,-0.258819045102521,0.));
#4750=DIRECTION('',(0.,0.,1.));
#4751=DIRECTION('center_axis',(0.559244745291329,0.829002602447083,0.));
#4752=DIRECTION('ref_axis',(-0.829002602447083,0.559244745291329,0.));
#4753=DIRECTION('',(0.829002602447083,-0.559244745291329,0.));
#4754=DIRECTION('',(0.,0.,1.));
#4755=DIRECTION('center_axis',(-0.561797731573962,0.827274627193625,0.));
#4756=DIRECTION('ref_axis',(-0.827274627193625,-0.561797731573962,0.));
#4757=DIRECTION('',(0.827274627193625,0.561797731573961,0.));
#4758=DIRECTION('',(0.,0.,1.));
#4759=DIRECTION('center_axis',(-0.25881904510252,0.965925826289069,0.));
#4760=DIRECTION('ref_axis',(-0.965925826289068,-0.25881904510252,0.));
#4761=DIRECTION('',(0.965925826289068,0.25881904510252,0.));
#4762=DIRECTION('',(0.,0.,1.));
#4763=DIRECTION('center_axis',(0.965925826289068,-0.258819045102521,0.));
#4764=DIRECTION('ref_axis',(0.258819045102521,0.965925826289068,0.));
#4765=DIRECTION('',(-0.258819045102521,-0.965925826289068,0.));
#4766=DIRECTION('',(0.,0.,1.));
#4767=DIRECTION('center_axis',(0.831545806682972,-0.555456183139558,0.));
#4768=DIRECTION('ref_axis',(0.555456183139558,0.831545806682972,0.));
#4769=DIRECTION('',(-0.555456183139558,-0.831545806682972,0.));
#4770=DIRECTION('center_axis',(0.965925826289069,0.25881904510252,0.));
#4771=DIRECTION('ref_axis',(-0.25881904510252,0.965925826289068,0.));
#4772=DIRECTION('',(0.25881904510252,-0.965925826289068,0.));
#4773=DIRECTION('',(0.,0.,1.));
#4774=DIRECTION('center_axis',(-0.258819045102521,-0.965925826289068,0.));
#4775=DIRECTION('ref_axis',(0.965925826289068,-0.258819045102521,0.));
#4776=DIRECTION('',(-0.965925826289068,0.258819045102521,0.));
#4777=DIRECTION('',(0.,0.,1.));
#4778=DIRECTION('center_axis',(-0.558007563717968,-0.829835862585812,0.));
#4779=DIRECTION('ref_axis',(0.829835862585811,-0.558007563717968,0.));
#4780=DIRECTION('',(0.,0.,1.));
#4781=DIRECTION('',(0.829835862585811,-0.558007563717968,0.));
#4782=DIRECTION('center_axis',(0.555456183139558,-0.831545806682972,0.));
#4783=DIRECTION('ref_axis',(0.831545806682972,0.555456183139558,0.));
#4784=DIRECTION('',(0.,0.,1.));
#4785=DIRECTION('',(0.831545806682972,0.555456183139558,0.));
#4786=DIRECTION('center_axis',(0.258819045102519,-0.965925826289069,0.));
#4787=DIRECTION('ref_axis',(0.965925826289069,0.258819045102519,0.));
#4788=DIRECTION('',(0.965925826289069,0.258819045102519,0.));
#4789=DIRECTION('center_axis',(0.,0.,1.));
#4790=DIRECTION('ref_axis',(1.,0.,0.));
#4791=DIRECTION('center_axis',(-9.86076131526265E-32,9.86076131526265E-32,
1.));
#4792=DIRECTION('ref_axis',(1.,2.43086534291451E-63,9.86076131526265E-32));
#4793=DIRECTION('',(-9.86076131526265E-32,9.86076131526265E-32,1.));
#4794=DIRECTION('center_axis',(-9.86076131526265E-32,9.86076131526265E-32,
1.));
#4795=DIRECTION('ref_axis',(1.,2.43086534291451E-63,9.86076131526265E-32));
#4796=DIRECTION('',(-9.86076131526265E-32,9.86076131526265E-32,1.));
#4797=DIRECTION('center_axis',(-9.86076131526265E-32,9.86076131526265E-32,
1.));
#4798=DIRECTION('ref_axis',(1.,2.43086534291451E-63,9.86076131526265E-32));
#4799=DIRECTION('',(-9.86076131526265E-32,9.86076131526265E-32,1.));
#4800=DIRECTION('center_axis',(-9.86076131526265E-32,9.86076131526265E-32,
1.));
#4801=DIRECTION('ref_axis',(1.,2.43086534291451E-63,9.86076131526265E-32));
#4802=DIRECTION('',(-9.86076131526265E-32,9.86076131526265E-32,1.));
#4803=DIRECTION('center_axis',(-0.707106781186547,-0.707106781186548,4.41139465553038E-16));
#4804=DIRECTION('ref_axis',(0.707106781186548,-0.707106781186547,8.70293239965906E-32));
#4805=DIRECTION('',(-2.91433543964101E-16,-2.91433543964102E-16,-1.));
#4806=DIRECTION('',(-0.707106781186548,0.707106781186547,-1.39452223873684E-31));
#4807=DIRECTION('',(2.91433543964101E-16,2.91433543964102E-16,1.));
#4808=DIRECTION('',(-0.707106781186548,0.707106781186547,-1.39452223873684E-31));
#4809=DIRECTION('',(2.91433543964101E-16,2.91433543964102E-16,1.));
#4810=DIRECTION('',(0.707106781186548,-0.707106781186547,1.39452223873684E-31));
#4811=DIRECTION('',(7.38507806136361E-16,-1.75663773784035E-16,1.));
#4812=DIRECTION('center_axis',(-0.707106781186547,-0.707106781186548,4.41139465553038E-16));
#4813=DIRECTION('ref_axis',(0.157134840263677,-0.157134840263677,-0.974996043043569));
#4814=DIRECTION('',(2.91433543964101E-16,2.91433543964102E-16,1.));
#4815=DIRECTION('center_axis',(0.707106781186547,0.707106781186548,-4.12149270404488E-16));
#4816=DIRECTION('ref_axis',(0.707106781186548,-0.707106781186547,1.39452223873684E-31));
#4817=DIRECTION('center_axis',(-0.707106781186547,-0.707106781186548,4.12149270404488E-16));
#4818=DIRECTION('ref_axis',(0.500000000000001,-0.5,0.707106781186547));
#4819=DIRECTION('',(-0.500000000000001,0.5,-0.707106781186547));
#4820=DIRECTION('center_axis',(0.707106781186547,0.707106781186548,-4.12149270404488E-16));
#4821=DIRECTION('ref_axis',(0.500000000000001,-0.5,0.707106781186548));
#4822=DIRECTION('center_axis',(0.707106781186547,0.707106781186548,-4.12149270404488E-16));
#4823=DIRECTION('ref_axis',(0.707106781186548,-0.707106781186547,1.39452223873684E-31));
#4824=DIRECTION('center_axis',(0.707106781186547,0.707106781186548,-4.12149270404488E-16));
#4825=DIRECTION('ref_axis',(0.500000000000001,-0.5,0.707106781186548));
#4826=DIRECTION('',(-2.54889637291114E-16,8.37756725219317E-16,1.));
#4827=DIRECTION('center_axis',(0.707106781186544,0.707106781186551,-4.12149270404488E-16));
#4828=DIRECTION('ref_axis',(-0.707106781186551,0.707106781186544,1.6908582144684E-30));
#4829=DIRECTION('center_axis',(-0.707106781186547,-0.707106781186548,4.12149270404488E-16));
#4830=DIRECTION('ref_axis',(0.500000000000001,-0.5,0.707106781186547));
#4831=DIRECTION('center_axis',(0.707106781186547,0.707106781186548,-4.12149270404488E-16));
#4832=DIRECTION('ref_axis',(0.707106781186548,-0.707106781186547,1.39452223873684E-31));
#4833=DIRECTION('center_axis',(-0.707106781186547,-0.707106781186548,-4.41139465553038E-16));
#4834=DIRECTION('ref_axis',(0.707106781186548,-0.707106781186547,8.70293239965906E-32));
#4835=DIRECTION('',(-2.91433543964102E-16,-2.91433543964102E-16,1.));
#4836=DIRECTION('center_axis',(-0.707106781186547,-0.707106781186548,-4.41139465553038E-16));
#4837=DIRECTION('ref_axis',(0.157134840263677,-0.157134840263677,-0.974996043043569));
#4838=DIRECTION('',(1.75663773784036E-16,-7.38507806136361E-16,1.));
#4839=DIRECTION('',(0.707106781186548,-0.707106781186547,1.39452223873684E-31));
#4840=DIRECTION('',(-2.91433543964102E-16,-2.91433543964102E-16,1.));
#4841=DIRECTION('',(-0.707106781186548,0.707106781186547,-1.39452223873684E-31));
#4842=DIRECTION('',(-2.91433543964102E-16,-2.91433543964102E-16,1.));
#4843=DIRECTION('',(-0.707106781186548,0.707106781186547,-1.39452223873684E-31));
#4844=DIRECTION('',(2.91433543964102E-16,2.91433543964102E-16,-1.));
#4845=DIRECTION('center_axis',(0.707106781186547,0.707106781186548,4.12149270404488E-16));
#4846=DIRECTION('ref_axis',(0.707106781186548,-0.707106781186547,1.39452223873684E-31));
#4847=DIRECTION('center_axis',(-0.707106781186547,-0.707106781186548,-4.12149270404488E-16));
#4848=DIRECTION('ref_axis',(0.5,-0.5,0.707106781186547));
#4849=DIRECTION('center_axis',(0.70710678118655,0.707106781186545,4.12149270404488E-16));
#4850=DIRECTION('ref_axis',(-0.707106781186545,0.70710678118655,1.6908582144684E-30));
#4851=DIRECTION('',(-8.37756725219318E-16,2.54889637291113E-16,1.));
#4852=DIRECTION('center_axis',(0.707106781186547,0.707106781186548,4.12149270404488E-16));
#4853=DIRECTION('ref_axis',(0.5,-0.5,0.707106781186547));
#4854=DIRECTION('center_axis',(0.707106781186547,0.707106781186548,4.12149270404488E-16));
#4855=DIRECTION('ref_axis',(0.707106781186548,-0.707106781186547,1.39452223873684E-31));
#4856=DIRECTION('center_axis',(0.707106781186547,0.707106781186548,4.12149270404488E-16));
#4857=DIRECTION('ref_axis',(0.5,-0.5,0.707106781186547));
#4858=DIRECTION('',(-0.5,0.5,-0.707106781186547));
#4859=DIRECTION('center_axis',(-0.707106781186547,-0.707106781186548,-4.12149270404488E-16));
#4860=DIRECTION('ref_axis',(0.5,-0.5,0.707106781186547));
#4861=DIRECTION('center_axis',(0.707106781186547,0.707106781186548,4.12149270404488E-16));
#4862=DIRECTION('ref_axis',(0.707106781186548,-0.707106781186547,1.39452223873684E-31));
#4863=DIRECTION('center_axis',(-0.707106781186548,0.707106781186547,-1.64104127161841E-31));
#4864=DIRECTION('ref_axis',(2.91433543964101E-16,2.91433543964102E-16,-1.));
#4865=DIRECTION('',(2.91433543964101E-16,2.91433543964102E-16,1.));
#4866=DIRECTION('',(0.707106781186547,0.707106781186548,-7.66335097677634E-47));
#4867=DIRECTION('',(-2.91433543964101E-16,-2.91433543964102E-16,1.));
#4868=DIRECTION('',(-0.707106781186547,-0.707106781186548,7.66335097677634E-47));
#4869=DIRECTION('center_axis',(0.707106781186548,-0.707106781186547,1.64104127161841E-31));
#4870=DIRECTION('ref_axis',(-2.91433543964101E-16,-2.91433543964102E-16,
1.));
#4871=DIRECTION('',(-2.91433543964101E-16,-2.91433543964102E-16,1.));
#4872=DIRECTION('',(-0.707106781186547,-0.707106781186548,7.66335097677634E-47));
#4873=DIRECTION('center_axis',(-0.707106781186547,-0.707106781186548,4.41139465553038E-16));
#4874=DIRECTION('ref_axis',(0.707106781186548,-0.707106781186547,8.70293239965906E-32));
#4875=DIRECTION('',(0.707106781186548,-0.707106781186547,1.39452223873684E-31));
#4876=DIRECTION('',(2.91433543964101E-16,2.91433543964102E-16,1.));
#4877=DIRECTION('center_axis',(-0.707106781186547,-0.707106781186548,4.41139465553038E-16));
#4878=DIRECTION('ref_axis',(0.157134840263677,-0.157134840263677,-0.974996043043569));
#4879=DIRECTION('',(7.38507806136361E-16,-1.75663773784035E-16,1.));
#4880=DIRECTION('',(-0.707106781186548,0.707106781186547,-1.39452223873684E-31));
#4881=DIRECTION('',(-2.91433543964101E-16,-2.91433543964102E-16,-1.));
#4882=DIRECTION('',(0.707106781186548,-0.707106781186547,1.39452223873684E-31));
#4883=DIRECTION('',(2.91433543964101E-16,2.91433543964102E-16,1.));
#4884=DIRECTION('center_axis',(0.707106781186547,0.707106781186548,-4.12149270404488E-16));
#4885=DIRECTION('ref_axis',(0.707106781186548,-0.707106781186547,1.39452223873684E-31));
#4886=DIRECTION('center_axis',(0.707106781186547,0.707106781186548,-4.12149270404488E-16));
#4887=DIRECTION('ref_axis',(0.707106781186548,-0.707106781186547,1.39452223873684E-31));
#4888=DIRECTION('center_axis',(-0.707106781186547,-0.707106781186548,4.12149270404488E-16));
#4889=DIRECTION('ref_axis',(0.500000000000001,-0.499999999999999,0.707106781186547));
#4890=DIRECTION('center_axis',(0.707106781186544,0.707106781186551,-4.12149270404488E-16));
#4891=DIRECTION('ref_axis',(-0.707106781186551,0.707106781186544,1.6908582144684E-30));
#4892=DIRECTION('',(-2.54889637291114E-16,8.37756725219317E-16,1.));
#4893=DIRECTION('center_axis',(0.707106781186547,0.707106781186548,-4.12149270404488E-16));
#4894=DIRECTION('ref_axis',(0.500000000000001,-0.5,0.707106781186548));
#4895=DIRECTION('center_axis',(0.707106781186547,0.707106781186548,-4.12149270404488E-16));
#4896=DIRECTION('ref_axis',(0.707106781186548,-0.707106781186547,1.39452223873684E-31));
#4897=DIRECTION('center_axis',(0.707106781186547,0.707106781186548,-4.12149270404488E-16));
#4898=DIRECTION('ref_axis',(0.500000000000001,-0.5,0.707106781186548));
#4899=DIRECTION('',(-0.500000000000001,0.5,-0.707106781186548));
#4900=DIRECTION('center_axis',(-0.707106781186547,-0.707106781186548,4.12149270404488E-16));
#4901=DIRECTION('ref_axis',(0.500000000000001,-0.499999999999999,0.707106781186547));
#4902=DIRECTION('center_axis',(-0.707106781186547,-0.707106781186548,7.66335097677634E-47));
#4903=DIRECTION('ref_axis',(0.5,-0.5,0.707106781186547));
#4904=DIRECTION('',(0.707106781186547,0.707106781186548,-7.66335097677634E-47));
#4905=DIRECTION('',(0.707106781186547,0.707106781186548,-7.66335097677634E-47));
#4906=DIRECTION('center_axis',(0.5,-0.5,-0.707106781186548));
#4907=DIRECTION('ref_axis',(-0.500000000000001,0.5,-0.707106781186548));
#4908=DIRECTION('',(0.707106781186547,0.707106781186548,-7.66335097677634E-47));
#4909=DIRECTION('center_axis',(-0.707106781186547,-0.707106781186548,7.66335097677634E-47));
#4910=DIRECTION('ref_axis',(0.5,-0.5,0.707106781186548));
#4911=DIRECTION('',(0.707106781186547,0.707106781186548,-7.66335097677634E-47));
#4912=DIRECTION('center_axis',(-0.707106781186547,-0.707106781186548,7.66335097677634E-47));
#4913=DIRECTION('ref_axis',(0.707106781186548,-0.707106781186547,1.39452223873684E-31));
#4914=DIRECTION('',(0.707106781186547,0.707106781186548,-7.66335097677634E-47));
#4915=DIRECTION('center_axis',(-0.707106781186547,-0.707106781186548,7.66335097677634E-47));
#4916=DIRECTION('ref_axis',(0.5,-0.5,0.707106781186548));
#4917=DIRECTION('',(0.707106781186547,0.707106781186548,-7.66335097677634E-47));
#4918=DIRECTION('center_axis',(-0.707106781186548,0.707106781186547,-7.72617652369941E-16));
#4919=DIRECTION('ref_axis',(-2.54889637291114E-16,8.37756725219317E-16,
1.));
#4920=DIRECTION('',(0.707106781186547,0.707106781186548,-7.66335097677634E-47));
#4921=DIRECTION('center_axis',(-0.707106781186547,-0.707106781186548,7.66335097677634E-47));
#4922=DIRECTION('ref_axis',(-0.707106781186548,0.707106781186547,1.6908582144684E-30));
#4923=DIRECTION('',(0.707106781186547,0.707106781186548,-7.66335097677634E-47));
#4924=DIRECTION('center_axis',(-0.707106781186547,-0.707106781186548,7.66335097677634E-47));
#4925=DIRECTION('ref_axis',(0.5,-0.5,0.707106781186547));
#4926=DIRECTION('',(0.707106781186547,0.707106781186548,-7.66335097677634E-47));
#4927=DIRECTION('center_axis',(-0.707106781186547,-0.707106781186548,7.66335097677634E-47));
#4928=DIRECTION('ref_axis',(0.707106781186548,-0.707106781186547,1.39452223873684E-31));
#4929=DIRECTION('center_axis',(-0.707106781186547,-0.707106781186548,7.66335097677634E-47));
#4930=DIRECTION('ref_axis',(0.707106781186548,-0.707106781186547,1.39452223873684E-31));
#4931=DIRECTION('',(-0.707106781186547,-0.707106781186548,7.66335097677634E-47));
#4932=DIRECTION('center_axis',(9.86076131526265E-32,-9.86076131526265E-32,
-1.));
#4933=DIRECTION('ref_axis',(-0.707106781186548,0.707106781186547,-1.39452223873684E-31));
#4934=DIRECTION('',(0.707106781186547,0.707106781186548,-7.66335097677634E-47));
#4935=DIRECTION('',(0.707106781186547,0.707106781186548,-7.66335097677634E-47));
#4936=DIRECTION('center_axis',(-0.707106781186548,0.707106781186547,-1.64104127161841E-31));
#4937=DIRECTION('ref_axis',(2.91433543964101E-16,2.91433543964102E-16,1.));
#4938=DIRECTION('',(0.707106781186547,0.707106781186548,-7.66335097677634E-47));
#4939=DIRECTION('center_axis',(-9.86076131526265E-32,9.86076131526265E-32,
1.));
#4940=DIRECTION('ref_axis',(0.707106781186548,-0.707106781186547,1.39452223873684E-31));
#4941=DIRECTION('',(0.707106781186547,0.707106781186548,-7.66335097677634E-47));
#4942=DIRECTION('center_axis',(-0.707106781186548,0.707106781186547,6.46416923329732E-16));
#4943=DIRECTION('ref_axis',(7.38507806136361E-16,-1.75663773784035E-16,
1.));
#4944=DIRECTION('',(0.707106781186547,0.707106781186548,-7.66335097677634E-47));
#4945=DIRECTION('center_axis',(-0.707106781186547,-0.707106781186548,7.66335097677634E-47));
#4946=DIRECTION('ref_axis',(0.157134840263677,-0.157134840263677,-0.974996043043569));
#4947=DIRECTION('',(0.707106781186547,0.707106781186548,-7.66335097677634E-47));
#4948=DIRECTION('center_axis',(9.86076131526265E-32,-9.86076131526265E-32,
-1.));
#4949=DIRECTION('ref_axis',(-0.707106781186548,0.707106781186547,-1.39452223873684E-31));
#4950=DIRECTION('',(0.707106781186548,-0.707106781186547,1.39452223873684E-31));
#4951=DIRECTION('',(0.707106781186547,0.707106781186548,-7.66335097677634E-47));
#4952=DIRECTION('center_axis',(-0.707106781186547,-0.707106781186548,-4.41139465553039E-16));
#4953=DIRECTION('ref_axis',(0.707106781186548,-0.707106781186547,8.70293239965906E-32));
#4954=DIRECTION('',(-2.91433543964101E-16,-2.91433543964102E-16,1.));
#4955=DIRECTION('',(0.707106781186548,-0.707106781186547,1.39452223873684E-31));
#4956=DIRECTION('',(2.91433543964101E-16,2.91433543964102E-16,-1.));
#4957=DIRECTION('',(-0.707106781186548,0.707106781186547,-1.39452223873684E-31));
#4958=DIRECTION('',(1.75663773784036E-16,-7.3850780613636E-16,1.));
#4959=DIRECTION('center_axis',(-0.707106781186547,-0.707106781186548,-4.41139465553039E-16));
#4960=DIRECTION('ref_axis',(0.157134840263677,-0.157134840263677,-0.974996043043569));
#4961=DIRECTION('center_axis',(0.707106781186547,0.707106781186548,4.12149270404488E-16));
#4962=DIRECTION('ref_axis',(0.707106781186548,-0.707106781186547,1.39452223873684E-31));
#4963=DIRECTION('center_axis',(0.707106781186547,0.707106781186548,4.12149270404488E-16));
#4964=DIRECTION('ref_axis',(0.707106781186548,-0.707106781186547,1.39452223873684E-31));
#4965=DIRECTION('center_axis',(-0.707106781186547,-0.707106781186548,-4.12149270404488E-16));
#4966=DIRECTION('ref_axis',(0.5,-0.5,0.707106781186547));
#4967=DIRECTION('',(-0.5,0.5,-0.707106781186548));
#4968=DIRECTION('center_axis',(0.707106781186547,0.707106781186548,4.12149270404488E-16));
#4969=DIRECTION('ref_axis',(0.5,-0.5,0.707106781186548));
#4970=DIRECTION('center_axis',(0.707106781186547,0.707106781186548,4.12149270404488E-16));
#4971=DIRECTION('ref_axis',(0.707106781186548,-0.707106781186547,1.39452223873684E-31));
#4972=DIRECTION('center_axis',(0.707106781186547,0.707106781186548,4.12149270404488E-16));
#4973=DIRECTION('ref_axis',(0.5,-0.5,0.707106781186548));
#4974=DIRECTION('',(-8.37756725219318E-16,2.54889637291113E-16,1.));
#4975=DIRECTION('center_axis',(0.70710678118655,0.707106781186545,4.12149270404488E-16));
#4976=DIRECTION('ref_axis',(-0.707106781186545,0.70710678118655,1.69085821446841E-30));
#4977=DIRECTION('center_axis',(-0.707106781186547,-0.707106781186548,-4.12149270404488E-16));
#4978=DIRECTION('ref_axis',(0.5,-0.5,0.707106781186547));
#4979=DIRECTION('center_axis',(-0.707106781186547,-0.707106781186548,7.66335097677634E-47));
#4980=DIRECTION('ref_axis',(0.5,-0.5,0.707106781186548));
#4981=DIRECTION('',(-0.707106781186547,-0.707106781186548,7.66335097677634E-47));
#4982=DIRECTION('',(-0.707106781186547,-0.707106781186548,7.66335097677634E-47));
#4983=DIRECTION('center_axis',(-0.5,0.5,0.707106781186548));
#4984=DIRECTION('ref_axis',(-0.5,0.5,-0.707106781186548));
#4985=DIRECTION('',(-0.707106781186547,-0.707106781186548,7.66335097677634E-47));
#4986=DIRECTION('center_axis',(-0.707106781186547,-0.707106781186548,7.66335097677634E-47));
#4987=DIRECTION('ref_axis',(0.5,-0.5,0.707106781186548));
#4988=DIRECTION('',(-0.707106781186547,-0.707106781186548,7.66335097677634E-47));
#4989=DIRECTION('center_axis',(-0.707106781186547,-0.707106781186548,7.66335097677634E-47));
#4990=DIRECTION('ref_axis',(0.707106781186548,-0.707106781186547,1.39452223873684E-31));
#4991=DIRECTION('',(-0.707106781186547,-0.707106781186548,7.66335097677634E-47));
#4992=DIRECTION('center_axis',(-0.707106781186547,-0.707106781186548,7.66335097677634E-47));
#4993=DIRECTION('ref_axis',(0.5,-0.5,0.707106781186548));
#4994=DIRECTION('',(-0.707106781186547,-0.707106781186548,7.66335097677634E-47));
#4995=DIRECTION('center_axis',(0.707106781186548,-0.707106781186547,7.72617652369941E-16));
#4996=DIRECTION('ref_axis',(-8.37756725219318E-16,2.54889637291113E-16,
1.));
#4997=DIRECTION('',(-0.707106781186547,-0.707106781186548,7.66335097677634E-47));
#4998=DIRECTION('center_axis',(-0.707106781186547,-0.707106781186548,7.66335097677634E-47));
#4999=DIRECTION('ref_axis',(-0.707106781186548,0.707106781186547,1.6908582144684E-30));
#5000=DIRECTION('',(-0.707106781186547,-0.707106781186548,7.66335097677634E-47));
#5001=DIRECTION('center_axis',(-0.707106781186547,-0.707106781186548,7.66335097677634E-47));
#5002=DIRECTION('ref_axis',(0.5,-0.5,0.707106781186548));
#5003=DIRECTION('',(-0.707106781186547,-0.707106781186548,7.66335097677634E-47));
#5004=DIRECTION('center_axis',(-0.707106781186547,-0.707106781186548,7.66335097677634E-47));
#5005=DIRECTION('ref_axis',(0.707106781186548,-0.707106781186547,1.39452223873684E-31));
#5006=DIRECTION('center_axis',(-0.707106781186547,-0.707106781186548,7.66335097677634E-47));
#5007=DIRECTION('ref_axis',(0.707106781186548,-0.707106781186547,1.39452223873684E-31));
#5008=DIRECTION('',(0.707106781186547,0.707106781186548,-7.66335097677634E-47));
#5009=DIRECTION('center_axis',(-9.86076131526265E-32,9.86076131526265E-32,
1.));
#5010=DIRECTION('ref_axis',(-0.707106781186548,0.707106781186547,-1.39452223873684E-31));
#5011=DIRECTION('',(-0.707106781186547,-0.707106781186548,7.66335097677634E-47));
#5012=DIRECTION('',(-0.707106781186547,-0.707106781186548,7.66335097677634E-47));
#5013=DIRECTION('center_axis',(0.707106781186548,-0.707106781186547,1.64104127161841E-31));
#5014=DIRECTION('ref_axis',(-2.91433543964101E-16,-2.91433543964102E-16,
1.));
#5015=DIRECTION('',(-0.707106781186547,-0.707106781186548,7.66335097677634E-47));
#5016=DIRECTION('center_axis',(9.86076131526265E-32,-9.86076131526265E-32,
-1.));
#5017=DIRECTION('ref_axis',(0.707106781186548,-0.707106781186547,1.39452223873684E-31));
#5018=DIRECTION('',(-0.707106781186547,-0.707106781186548,7.66335097677634E-47));
#5019=DIRECTION('center_axis',(0.707106781186548,-0.707106781186547,-6.46416923329732E-16));
#5020=DIRECTION('ref_axis',(1.75663773784036E-16,-7.3850780613636E-16,1.));
#5021=DIRECTION('',(-0.707106781186547,-0.707106781186548,7.66335097677634E-47));
#5022=DIRECTION('center_axis',(-0.707106781186547,-0.707106781186548,7.66335097677634E-47));
#5023=DIRECTION('ref_axis',(0.157134840263677,-0.157134840263677,-0.974996043043569));
#5024=DIRECTION('center_axis',(0.707106781186548,-0.707106781186547,1.64104127161841E-31));
#5025=DIRECTION('ref_axis',(-2.91433543964101E-16,-2.91433543964102E-16,
1.));
#5026=DIRECTION('center_axis',(-9.86076131526265E-32,9.86076131526265E-32,
1.));
#5027=DIRECTION('ref_axis',(-0.707106781186548,0.707106781186547,-1.39452223873684E-31));
#5028=DIRECTION('',(-0.707106781186547,-0.707106781186548,7.66335097677634E-47));
#5029=DIRECTION('center_axis',(0.707106781186548,-0.707106781186547,1.64104127161841E-31));
#5030=DIRECTION('ref_axis',(-2.91433543964101E-16,-2.91433543964102E-16,
1.));
#5031=CARTESIAN_POINT('',(0.,0.,0.));
#5032=CARTESIAN_POINT('Origin',(-26.7586143762681,-0.312453435597395,2.));
#5033=CARTESIAN_POINT('',(-26.7586143762681,-0.312453435597396,16.5));
#5034=CARTESIAN_POINT('',(-19.6875465644026,6.75861437626808,16.5));
#5035=CARTESIAN_POINT('',(-19.2971966094058,7.1489643312649,16.5));
#5036=CARTESIAN_POINT('',(-26.7586143762681,-0.312453435597396,1.99999999999999));
#5037=CARTESIAN_POINT('',(-26.7586143762681,-0.312453435597396,1.));
#5038=CARTESIAN_POINT('',(-19.6875465644026,6.75861437626808,1.99999999999999));
#5039=CARTESIAN_POINT('',(-24.9908474233017,1.45531351736898,2.));
#5040=CARTESIAN_POINT('',(-19.6875465644026,6.75861437626806,1.));
#5041=CARTESIAN_POINT('Origin',(-18.4960716381033,5.56713944996874,0.));
#5042=CARTESIAN_POINT('',(-18.4960716381033,5.56713944996874,2.));
#5043=CARTESIAN_POINT('',(-37.4693127803633,24.5403805922287,2.));
#5044=CARTESIAN_POINT('',(-18.4960716381033,5.56713944996874,0.));
#5045=CARTESIAN_POINT('',(-18.4960716381033,5.56713944996874,0.));
#5046=CARTESIAN_POINT('',(-37.4693127803633,24.5403805922287,0.));
#5047=CARTESIAN_POINT('',(-37.4693127803633,24.5403805922287,0.));
#5048=CARTESIAN_POINT('',(-37.4693127803633,24.5403805922287,2.));
#5049=CARTESIAN_POINT('',(-37.4693127803633,24.5403805922287,0.));
#5050=CARTESIAN_POINT('',(-21.4659201190868,8.53698793095224,2.));
#5051=CARTESIAN_POINT('',(-37.4693127803633,24.5403805922287,2.));
#5052=CARTESIAN_POINT('',(-21.4659201190868,8.53698793095224,18.));
#5053=CARTESIAN_POINT('',(-21.4659201190868,8.53698793095224,2.));
#5054=CARTESIAN_POINT('',(-21.465736636064,8.53680444792943,18.));
#5055=CARTESIAN_POINT('',(-21.4659201190868,8.53698793095224,18.));
#5056=CARTESIAN_POINT('',(-21.465736636064,8.53680444792943,16.5));
#5057=CARTESIAN_POINT('',(-21.465736636064,8.53680444792944,9.00000000000001));
#5058=CARTESIAN_POINT('',(-8.66189217918929,-4.26704000894525,16.5));
#5059=CARTESIAN_POINT('Origin',(-12.8497680643564,-30.5936501591024,2.));
#5060=CARTESIAN_POINT('',(-12.8497680643564,-30.5936501591024,16.5));
#5061=CARTESIAN_POINT('',(-14.5419053730713,-28.9015128503875,16.5));
#5062=CARTESIAN_POINT('',(-12.6895444418417,-30.7538737816171,16.5));
#5063=CARTESIAN_POINT('',(-12.8497680643564,-30.5936501591024,1.99999999999999));
#5064=CARTESIAN_POINT('',(-12.8497680643564,-30.5936501591024,9.25));
#5065=CARTESIAN_POINT('',(-14.4542161849219,-28.989202038537,2.));
#5066=CARTESIAN_POINT('',(-18.0357385880429,-25.4076796354159,2.));
#5067=CARTESIAN_POINT('',(-14.5419053730713,-28.9015128503875,1.99999999999999));
#5068=CARTESIAN_POINT('',(-12.8497680643564,-30.5936501591024,2.));
#5069=CARTESIAN_POINT('',(-14.5419053730713,-28.9015128503875,2.));
#5070=CARTESIAN_POINT('Origin',(-31.763867328387,-11.6795508950718,2.));
#5071=CARTESIAN_POINT('',(-31.763867328387,-11.6795508950718,16.5));
#5072=CARTESIAN_POINT('',(-33.4560046371018,-9.98741358635695,16.5));
#5073=CARTESIAN_POINT('',(-22.146594073857,-21.2968241496018,16.5));
#5074=CARTESIAN_POINT('',(-31.763867328387,-11.6795508950718,1.99999999999999));
#5075=CARTESIAN_POINT('',(-31.763867328387,-11.6795508950718,9.25));
#5076=CARTESIAN_POINT('',(-31.8480601200358,-11.595358103423,2.));
#5077=CARTESIAN_POINT('',(-31.763867328387,-11.6795508950718,2.));
#5078=CARTESIAN_POINT('',(-33.4560046371018,-9.98741358635695,1.99999999999999));
#5079=CARTESIAN_POINT('',(-31.763867328387,-11.6795508950718,2.));
#5080=CARTESIAN_POINT('',(-33.4560046371018,-9.98741358635695,2.));
#5081=CARTESIAN_POINT('Origin',(-13.2902955890356,-31.0341776837816,2.));
#5082=CARTESIAN_POINT('',(-14.9824328977505,-29.3420403750667,2.));
#5083=CARTESIAN_POINT('',(-35.7771754716484,-43.2325179009436,2.));
#5084=CARTESIAN_POINT('',(-14.9824328977505,-29.3420403750667,2.));
#5085=CARTESIAN_POINT('Origin',(-32.2043948530662,-12.120078419751,2.));
#5086=CARTESIAN_POINT('',(-32.2043948530662,-12.120078419751,2.));
#5087=CARTESIAN_POINT('',(-32.2043948530662,-12.120078419751,2.));
#5088=CARTESIAN_POINT('',(-46.2325179009436,-32.7771754716484,2.));
#5089=CARTESIAN_POINT('Origin',(-32.2043948530662,-12.120078419751,16.5));
#5090=CARTESIAN_POINT('',(-32.2043948530662,-12.120078419751,16.5));
#5091=CARTESIAN_POINT('',(-20.4296257209659,-0.345309287650816,16.5));
#5092=CARTESIAN_POINT('',(-32.2043948530662,-12.120078419751,2.));
#5093=CARTESIAN_POINT('Origin',(-33.8965321617811,-10.4279411110362,2.));
#5094=CARTESIAN_POINT('',(-33.8965321617811,-10.4279411110362,2.));
#5095=CARTESIAN_POINT('',(-27.8154138435767,-4.34682279283186,2.));
#5096=CARTESIAN_POINT('',(-33.8965321617811,-10.4279411110362,16.5));
#5097=CARTESIAN_POINT('',(-33.8965321617811,-10.4279411110362,2.));
#5098=CARTESIAN_POINT('',(-22.1217630296808,1.34682802106406,16.5));
#5099=CARTESIAN_POINT('Origin',(-13.2902955890356,-31.0341776837816,16.5));
#5100=CARTESIAN_POINT('',(-13.2902955890356,-31.0341776837816,16.5));
#5101=CARTESIAN_POINT('',(-1.5155264569354,-19.2594085516814,16.5));
#5102=CARTESIAN_POINT('',(-13.2902955890356,-31.0341776837816,2.));
#5103=CARTESIAN_POINT('',(-13.2902955890356,-31.0341776837816,2.));
#5104=CARTESIAN_POINT('',(-7.20917727083132,-24.9530593655773,2.));
#5105=CARTESIAN_POINT('Origin',(-14.9824328977505,-29.3420403750667,2.));
#5106=CARTESIAN_POINT('',(-14.9824328977505,-29.3420403750667,16.5));
#5107=CARTESIAN_POINT('',(-14.9824328977505,-29.3420403750667,2.));
#5108=CARTESIAN_POINT('',(-3.20766376565028,-17.5672712429665,16.5));
#5109=CARTESIAN_POINT('Origin',(10.664360837221,-10.0581242644756,2.));
#5110=CARTESIAN_POINT('',(10.664360837221,-10.0581242644756,16.5));
#5111=CARTESIAN_POINT('',(7.13267310087921,-13.5898120008175,16.5));
#5112=CARTESIAN_POINT('',(11.2064525079306,-9.51603259376606,16.5));
#5113=CARTESIAN_POINT('',(10.664360837221,-10.0581242644756,2.));
#5114=CARTESIAN_POINT('',(10.664360837221,-10.0581242644756,9.25000000000001));
#5115=CARTESIAN_POINT('',(7.64416049236062,-13.0783246093361,2.));
#5116=CARTESIAN_POINT('',(5.51280169403468,-15.209683407662,2.));
#5117=CARTESIAN_POINT('',(7.13267310087921,-13.5898120008175,2.));
#5118=CARTESIAN_POINT('',(10.664360837221,-10.0581242644756,2.));
#5119=CARTESIAN_POINT('',(7.13267310087921,-13.5898120008175,2.));
#5120=CARTESIAN_POINT('Origin',(-6.41018799918255,-27.1326731008792,2.));
#5121=CARTESIAN_POINT('',(-6.41018799918255,-27.1326731008792,16.5));
#5122=CARTESIAN_POINT('',(-9.94187573552438,-30.664360837221,16.5));
#5123=CARTESIAN_POINT('',(2.6691780897288,-18.0533070119678,16.5));
#5124=CARTESIAN_POINT('',(-6.41018799918255,-27.1326731008792,2.));
#5125=CARTESIAN_POINT('',(-6.41018799918255,-27.1326731008792,9.25));
#5126=CARTESIAN_POINT('',(-6.92167539066395,-27.6441604923606,2.));
#5127=CARTESIAN_POINT('',(-6.41018799918255,-27.1326731008792,2.));
#5128=CARTESIAN_POINT('',(-9.94187573552438,-30.664360837221,2.));
#5129=CARTESIAN_POINT('',(-3.0244727241671,-23.7469578258638,2.));
#5130=CARTESIAN_POINT('',(-9.94187573552437,-30.664360837221,2.));
#5131=CARTESIAN_POINT('Origin',(11.0341776837816,-10.4279411110362,16.5));
#5132=CARTESIAN_POINT('',(11.0341776837816,-10.4279411110362,16.5));
#5133=CARTESIAN_POINT('',(10.2648421312783,-9.65860555853293,16.5));
#5134=CARTESIAN_POINT('',(11.0341776837816,-10.4279411110362,2.));
#5135=CARTESIAN_POINT('',(11.0341776837816,-10.4279411110362,2.));
#5136=CARTESIAN_POINT('',(4.91864798507718,-4.31241141233174,2.));
#5137=CARTESIAN_POINT('Origin',(7.50248994743977,-13.959628847378,2.));
#5138=CARTESIAN_POINT('',(7.50248994743977,-13.959628847378,2.));
#5139=CARTESIAN_POINT('',(7.50248994743977,-13.959628847378,2.));
#5140=CARTESIAN_POINT('',(7.50248994743977,-13.959628847378,16.5));
#5141=CARTESIAN_POINT('',(7.50248994743977,-13.959628847378,2.));
#5142=CARTESIAN_POINT('',(6.73315439493651,-13.1902932948748,16.5));
#5143=CARTESIAN_POINT('Origin',(-6.04037115262198,-27.5024899474398,16.5));
#5144=CARTESIAN_POINT('',(-6.04037115262198,-27.5024899474398,16.5));
#5145=CARTESIAN_POINT('',(-6.80970670512523,-26.7331543949365,16.5));
#5146=CARTESIAN_POINT('',(-6.04037115262198,-27.5024899474398,2.));
#5147=CARTESIAN_POINT('',(-6.04037115262198,-27.5024899474398,2.));
#5148=CARTESIAN_POINT('',(-6.04037115262198,-27.5024899474398,2.));
#5149=CARTESIAN_POINT('Origin',(-9.57205888896381,-31.0341776837816,2.));
#5150=CARTESIAN_POINT('',(-9.57205888896381,-31.0341776837816,2.));
#5151=CARTESIAN_POINT('',(-15.6875885876683,-24.9186479850772,2.));
#5152=CARTESIAN_POINT('',(-9.57205888896381,-31.0341776837816,16.5));
#5153=CARTESIAN_POINT('',(-9.57205888896381,-31.0341776837816,2.));
#5154=CARTESIAN_POINT('',(-10.3413944414671,-30.2648421312784,16.5));
#5155=CARTESIAN_POINT('Origin',(-3.11795621581465,6.9531115960508,2.));
#5156=CARTESIAN_POINT('',(-3.11795621581466,6.95311159605081,16.5));
#5157=CARTESIAN_POINT('',(3.95311159605082,-0.117956215814672,16.5));
#5158=CARTESIAN_POINT('',(3.9960048833529,-0.160849503116753,16.5));
#5159=CARTESIAN_POINT('',(-3.11795621581466,6.95311159605081,2.));
#5160=CARTESIAN_POINT('',(-3.11795621581466,6.95311159605081,1.));
#5161=CARTESIAN_POINT('',(3.95311159605082,-0.117956215814672,2.));
#5162=CARTESIAN_POINT('',(-1.35018926284828,5.18534464308444,2.));
#5163=CARTESIAN_POINT('',(3.95311159605076,-0.117956215814729,1.));
#5164=CARTESIAN_POINT('Origin',(2.64213562373096,-1.42893218813453,0.));
#5165=CARTESIAN_POINT('',(2.64213562373095,-1.42893218813453,2.));
#5166=CARTESIAN_POINT('',(21.5403805922287,17.4693127803633,2.));
#5167=CARTESIAN_POINT('',(2.64213562373096,-1.42893218813453,0.));
#5168=CARTESIAN_POINT('',(2.64213562373096,-1.42893218813453,0.));
#5169=CARTESIAN_POINT('',(21.5403805922287,17.4693127803633,0.));
#5170=CARTESIAN_POINT('',(21.5403805922287,17.4693127803633,0.));
#5171=CARTESIAN_POINT('',(21.5403805922287,17.4693127803633,2.));
#5172=CARTESIAN_POINT('',(21.5403805922287,17.4693127803633,0.));
#5173=CARTESIAN_POINT('',(5.61198410471446,1.54091629284897,2.));
#5174=CARTESIAN_POINT('',(21.5403805922287,17.4693127803633,2.));
#5175=CARTESIAN_POINT('',(5.61198410471446,1.54091629284897,16.5));
#5176=CARTESIAN_POINT('',(5.61198410471446,1.54091629284897,2.));
#5177=CARTESIAN_POINT('',(3.81030303803298,-0.260764773832508,16.5));
#5178=CARTESIAN_POINT('Origin',(-11.5,-8.5,2.));
#5179=CARTESIAN_POINT('',(-30.9460699531193,-10.2671334824771,2.));
#5180=CARTESIAN_POINT('',(-46.2325179009436,-32.7771754716484,2.));
#5181=CARTESIAN_POINT('',(-25.642135623731,-15.5710678118655,2.));
#5182=CARTESIAN_POINT('',(-32.6382072618342,-8.5749961737622,2.));
#5183=CARTESIAN_POINT('',(-44.5403805922287,-34.4693127803633,2.));
#5184=CARTESIAN_POINT('',(-44.5403805922287,-34.4693127803633,2.));
#5185=CARTESIAN_POINT('',(-46.2325179009436,-32.7771754716484,2.));
#5186=CARTESIAN_POINT('',(-47.9246552096585,-31.0850381629335,2.));
#5187=CARTESIAN_POINT('',(-33.3483265802906,-13.8045738172728,2.));
#5188=CARTESIAN_POINT('',(-46.2325179009436,-32.7771754716484,2.));
#5189=CARTESIAN_POINT('',(-35.0404638890055,-12.112436508558,2.));
#5190=CARTESIAN_POINT('',(-30.0584570438936,-17.0944433536698,2.));
#5191=CARTESIAN_POINT('',(-47.9246552096585,-31.0850381629335,2.));
#5192=CARTESIAN_POINT('',(-47.9246552096585,-31.0850381629335,2.));
#5193=CARTESIAN_POINT('',(-52.990306627408,-49.990306627408,2.));
#5194=CARTESIAN_POINT('',(-50.4574809185332,-40.5376723951708,2.));
#5195=CARTESIAN_POINT('',(-34.0850381629335,-44.9246552096585,2.));
#5196=CARTESIAN_POINT('',(-43.5376723951708,-47.4574809185332,2.));
#5197=CARTESIAN_POINT('',(-14.9860153733973,-32.1668850241661,2.));
#5198=CARTESIAN_POINT('',(-34.0850381629335,-44.9246552096585,2.));
#5199=CARTESIAN_POINT('',(-16.6781526821122,-30.4747477154512,2.));
#5200=CARTESIAN_POINT('',(-20.8773014404469,-26.2755989571165,2.));
#5201=CARTESIAN_POINT('',(-35.7771754716484,-43.2325179009436,2.));
#5202=CARTESIAN_POINT('',(-35.7771754716484,-43.2325179009436,2.));
#5203=CARTESIAN_POINT('',(-37.4693127803633,-41.5403805922287,2.));
#5204=CARTESIAN_POINT('',(-37.4693127803633,-41.5403805922287,2.));
#5205=CARTESIAN_POINT('',(-18.5710678118655,-22.6421356237309,2.));
#5206=CARTESIAN_POINT('',(-37.4693127803633,-41.5403805922287,2.));
#5207=CARTESIAN_POINT('',(-13.1171411349527,-28.0960623006438,2.));
#5208=CARTESIAN_POINT('',(-32.6382072618342,-8.5749961737622,2.));
#5209=CARTESIAN_POINT('',(-35.7771754716484,-43.2325179009436,2.));
#5210=CARTESIAN_POINT('',(-11.4250038262378,-29.7881996093586,2.));
#5211=CARTESIAN_POINT('',(-34.0850381629335,-44.9246552096585,2.));
#5212=CARTESIAN_POINT('',(-11.4250038262378,-29.7881996093586,2.));
#5213=CARTESIAN_POINT('',(-9.73286651752292,-28.0960623006438,2.));
#5214=CARTESIAN_POINT('',(-0.464848717846313,-26.6062190940192,2.));
#5215=CARTESIAN_POINT('',(-7.04340126594762,-25.4065970490685,2.));
#5216=CARTESIAN_POINT('',(-11.4250038262378,-29.7881996093586,2.));
#5217=CARTESIAN_POINT('',(-10.2253817812871,-22.224616533729,2.));
#5218=CARTESIAN_POINT('',(-13.9751904693976,-18.4748078456185,2.));
#5219=CARTESIAN_POINT('',(-11.4250038262378,-23.4242385786797,2.));
#5220=CARTESIAN_POINT('',(3.42423857867971,-8.57499617376221,2.));
#5221=CARTESIAN_POINT('',(-26.2742462311553,-8.57499617376222,2.));
#5222=CARTESIAN_POINT('',(-26.2742462311553,-8.57499617376222,2.));
#5223=CARTESIAN_POINT('',(-11.4250038262378,6.27424623115529,2.));
#5224=CARTESIAN_POINT('',(-11.4250038262378,6.27424623115529,2.));
#5225=CARTESIAN_POINT('',(3.42423857867971,-8.57499617376221,2.));
#5226=CARTESIAN_POINT('',(3.42423857867971,-8.57499617376221,2.));
#5227=CARTESIAN_POINT('',(0.381219936511128,-11.6180148159308,2.));
#5228=CARTESIAN_POINT('',(3.42423857867971,-8.57499617376221,2.));
#5229=CARTESIAN_POINT('',(3.56320045185059,-14.7999953312702,2.));
#5230=CARTESIAN_POINT('',(-1.77759849392962,-9.45919638549004,2.));
#5231=CARTESIAN_POINT('',(8.09606230064375,-10.2671334824771,2.));
#5232=CARTESIAN_POINT('',(-11.4250038262378,-29.7881996093586,2.));
#5233=CARTESIAN_POINT('',(8.09606230064376,-10.2671334824771,2.));
#5234=CARTESIAN_POINT('',(9.78819960935863,-8.5749961737622,2.));
#5235=CARTESIAN_POINT('',(9.78819960935863,-8.5749961737622,2.));
#5236=CARTESIAN_POINT('',(24.9246552096585,14.0850381629335,2.));
#5237=CARTESIAN_POINT('',(24.9246552096585,14.0850381629335,2.));
#5238=CARTESIAN_POINT('',(29.990306627408,32.990306627408,2.));
#5239=CARTESIAN_POINT('',(27.4574809185332,23.5376723951708,2.));
#5240=CARTESIAN_POINT('',(11.0850381629335,27.9246552096585,2.));
#5241=CARTESIAN_POINT('',(20.5376723951708,30.4574809185332,2.));
#5242=CARTESIAN_POINT('',(-11.4250038262378,12.6382072618342,2.));
#5243=CARTESIAN_POINT('',(-11.4250038262378,12.6382072618342,2.));
#5244=CARTESIAN_POINT('',(-34.0850381629335,27.9246552096585,2.));
#5245=CARTESIAN_POINT('',(-34.0850381629335,27.9246552096585,2.));
#5246=CARTESIAN_POINT('',(-52.990306627408,32.990306627408,2.));
#5247=CARTESIAN_POINT('',(-43.5376723951708,30.4574809185332,2.));
#5248=CARTESIAN_POINT('',(-47.9246552096585,14.0850381629335,2.));
#5249=CARTESIAN_POINT('',(-50.4574809185332,23.5376723951708,2.));
#5250=CARTESIAN_POINT('',(-32.6382072618342,-8.5749961737622,2.));
#5251=CARTESIAN_POINT('',(-32.6382072618342,-8.5749961737622,2.));
#5252=CARTESIAN_POINT('',(-47.9246552096585,-31.0850381629335,2.));
#5253=CARTESIAN_POINT('',(-25.5671394499688,-1.50392836189673,2.));
#5254=CARTESIAN_POINT('',(-44.5403805922287,17.4693127803633,2.));
#5255=CARTESIAN_POINT('',(-30.9460699531193,-6.88285886504732,2.));
#5256=CARTESIAN_POINT('',(-11.4250038262378,12.6382072618342,2.));
#5257=CARTESIAN_POINT('',(-46.2325179009436,15.7771754716484,2.));
#5258=CARTESIAN_POINT('',(-46.2325179009436,15.7771754716484,2.));
#5259=CARTESIAN_POINT('',(-44.5403805922287,17.4693127803633,2.));
#5260=CARTESIAN_POINT('',(-44.5403805922287,17.4693127803633,2.));
#5261=CARTESIAN_POINT('',(-28.5369879309523,1.46592011908677,2.));
#5262=CARTESIAN_POINT('',(-44.5403805922287,17.4693127803633,2.));
#5263=CARTESIAN_POINT('',(-23.2336870720531,6.76922097798588,2.));
#5264=CARTESIAN_POINT('',(-35.7771754716484,26.2325179009436,2.));
#5265=CARTESIAN_POINT('',(-34.0850381629335,27.9246552096585,2.));
#5266=CARTESIAN_POINT('',(-13.1171411349527,10.9460699531194,2.));
#5267=CARTESIAN_POINT('',(-35.7771754716484,26.2325179009436,2.));
#5268=CARTESIAN_POINT('',(-11.4250038262378,12.6382072618342,2.));
#5269=CARTESIAN_POINT('',(23.5834523779156,27.3334523779156,2.));
#5270=CARTESIAN_POINT('Origin',(24.3334523779156,27.3334523779156,2.));
#5271=CARTESIAN_POINT('',(-42.5624447732461,25.8541028488383,2.));
#5272=CARTESIAN_POINT('Origin',(-41.8124447732461,25.8541028488383,2.));
#5273=CARTESIAN_POINT('',(20.5,25.,2.));
#5274=CARTESIAN_POINT('Origin',(22.,25.,2.));
#5275=CARTESIAN_POINT('',(5.70621909401917,-8.57499617376221,2.));
#5276=CARTESIAN_POINT('Origin',(6.60621909401918,-8.57499617376221,2.));
#5277=CARTESIAN_POINT('',(-42.5624447732461,-42.8541028488383,2.));
#5278=CARTESIAN_POINT('Origin',(-41.8124447732461,-42.8541028488383,2.));
#5279=CARTESIAN_POINT('',(22.1041028488383,21.8124447732461,2.));
#5280=CARTESIAN_POINT('Origin',(22.8541028488383,21.8124447732461,2.));
#5281=CARTESIAN_POINT('',(-46.6041028488383,-38.8124447732461,2.));
#5282=CARTESIAN_POINT('Origin',(-45.8541028488383,-38.8124447732461,2.));
#5283=CARTESIAN_POINT('',(-12.3250038262378,9.45622674649475,2.));
#5284=CARTESIAN_POINT('Origin',(-11.4250038262378,9.45622674649475,2.));
#5285=CARTESIAN_POINT('',(-46.5,-42.,2.));
#5286=CARTESIAN_POINT('Origin',(-45.,-42.,2.));
#5287=CARTESIAN_POINT('',(-48.0834523779156,27.3334523779156,2.));
#5288=CARTESIAN_POINT('Origin',(-47.3334523779156,27.3334523779156,2.));
#5289=CARTESIAN_POINT('',(-48.0834523779156,-44.3334523779156,2.));
#5290=CARTESIAN_POINT('Origin',(-47.3334523779156,-44.3334523779156,2.));
#5291=CARTESIAN_POINT('',(-46.6041028488383,21.8124447732461,2.));
#5292=CARTESIAN_POINT('Origin',(-45.8541028488383,21.8124447732461,2.));
#5293=CARTESIAN_POINT('',(-12.3250038262378,-26.6062190940192,2.));
#5294=CARTESIAN_POINT('Origin',(-11.4250038262378,-26.6062190940192,2.));
#5295=CARTESIAN_POINT('',(-30.3562267464947,-8.57499617376222,2.));
#5296=CARTESIAN_POINT('Origin',(-29.4562267464947,-8.57499617376222,2.));
#5297=CARTESIAN_POINT('',(18.0624447732461,25.8541028488383,2.));
#5298=CARTESIAN_POINT('Origin',(18.8124447732461,25.8541028488383,2.));
#5299=CARTESIAN_POINT('',(-46.5,25.,2.));
#5300=CARTESIAN_POINT('Origin',(-45.,25.,2.));
#5301=CARTESIAN_POINT('',(-4.42893218813452,5.64213562373095,2.));
#5302=CARTESIAN_POINT('',(14.4693127803633,24.5403805922287,2.));
#5303=CARTESIAN_POINT('',(-9.73286651752293,10.9460699531194,2.));
#5304=CARTESIAN_POINT('',(9.78819960935863,-8.5749961737622,2.));
#5305=CARTESIAN_POINT('',(12.7771754716484,26.2325179009436,2.));
#5306=CARTESIAN_POINT('',(12.7771754716484,26.2325179009436,2.));
#5307=CARTESIAN_POINT('',(14.4693127803633,24.5403805922287,2.));
#5308=CARTESIAN_POINT('',(11.0850381629335,27.9246552096585,2.));
#5309=CARTESIAN_POINT('',(-1.45908370715101,8.61198410471445,2.));
#5310=CARTESIAN_POINT('',(14.4693127803633,24.5403805922287,2.));
#5311=CARTESIAN_POINT('',(3.84421715174809,3.30868324581534,2.));
#5312=CARTESIAN_POINT('',(23.2325179009436,15.7771754716484,2.));
#5313=CARTESIAN_POINT('',(21.5403805922287,17.4693127803633,2.));
#5314=CARTESIAN_POINT('',(8.09606230064376,-6.88285886504733,2.));
#5315=CARTESIAN_POINT('',(23.2325179009436,15.7771754716484,2.));
#5316=CARTESIAN_POINT('',(9.78819960935863,-8.5749961737622,2.));
#5317=CARTESIAN_POINT('Origin',(11.0341776837816,-10.4279411110362,2.));
#5318=CARTESIAN_POINT('',(8.09606230064376,-10.2671334824771,2.));
#5319=CARTESIAN_POINT('Origin',(-6.04037115262198,-27.5024899474398,2.));
#5320=CARTESIAN_POINT('',(-0.464848717846313,-26.6062190940192,2.));
#5321=CARTESIAN_POINT('Origin',(10.5796899201942,-7.80508666461053,16.5));
#5322=CARTESIAN_POINT('',(-35.0404201903236,-12.1123721601125,16.5));
#5323=CARTESIAN_POINT('',(-32.8862018652758,-8.94018035229806,16.5));
#5324=CARTESIAN_POINT('',(-38.5776667172147,-8.57512563322134,16.5));
#5325=CARTESIAN_POINT('',(-35.5972116345134,-11.5555807159226,16.5));
#5326=CARTESIAN_POINT('',(-28.5368044479294,1.46573663606396,16.5));
#5327=CARTESIAN_POINT('',(-23.8670172414098,6.1355238425836,16.5));
#5328=CARTESIAN_POINT('',(-15.7329599910548,-11.3381078208107,16.5));
#5329=CARTESIAN_POINT('',(-11.4247663196513,18.5777747643421,16.5));
#5330=CARTESIAN_POINT('',(-23.8670172414098,6.1355238425836,16.5));
#5331=CARTESIAN_POINT('',(15.7161135787333,-8.5631051340425,16.5));
#5332=CARTESIAN_POINT('',(12.7688925147478,-5.61588407005698,16.5));
#5333=CARTESIAN_POINT('',(12.1668436835453,-12.1123750292305,16.5));
#5334=CARTESIAN_POINT('',(3.27386265697483,-21.005356055801,16.5));
#5335=CARTESIAN_POINT('',(19.1946713264781,-22.5637448553305,16.5));
#5336=CARTESIAN_POINT('',(6.96289841154116,-17.3163203012347,16.5));
#5337=CARTESIAN_POINT('',(6.04990285918473,-22.9958837563957,16.5));
#5338=CARTESIAN_POINT('',(-2.68367969876534,-26.9628984115412,16.5));
#5339=CARTESIAN_POINT('',(3.27386265697483,-21.005356055801,16.5));
#5340=CARTESIAN_POINT('',(-7.73195902525415,-27.7744144036636,16.5));
#5341=CARTESIAN_POINT('',(-7.88762497076947,-32.1668436835453,16.5));
#5342=CARTESIAN_POINT('',(-11.7537428005164,-29.5671452510127,16.5));
#5343=CARTESIAN_POINT('',(-11.4367868188301,-35.7160055316059,16.5));
#5344=CARTESIAN_POINT('',(3.27386265697483,-21.005356055801,16.5));
#5345=CARTESIAN_POINT('',(-14.9859505961754,-32.1668417542607,16.5));
#5346=CARTESIAN_POINT('',(-19.6873088207401,-27.465483529696,16.5));
#5347=CARTESIAN_POINT('',(-25.5541917003949,-39.226218181958,16.5));
#5348=CARTESIAN_POINT('',(-16.6780879048903,-30.4747044455458,16.5));
#5349=CARTESIAN_POINT('',(-15.7220704102719,-29.8361036320878,16.5));
#5350=CARTESIAN_POINT('',(-33.3482828816087,-13.8045094688273,16.5));
#5351=CARTESIAN_POINT('',(-19.6873088207401,-27.465483529696,16.5));
#5352=CARTESIAN_POINT('',(-38.711102198254,-21.7015231118957,16.5));
#5353=CARTESIAN_POINT('',(-1.45908370715101,8.61198410471445,16.5));
#5354=CARTESIAN_POINT('',(10.664021829942,-3.51112143237862,16.5));
#5355=CARTESIAN_POINT('',(-3.26076477383249,6.81030303803297,16.5));
#5356=CARTESIAN_POINT('',(-12.3250038262378,-26.6062190940192,16.5));
#5357=CARTESIAN_POINT('Origin',(-11.4250038262378,-26.6062190940192,16.5));
#5358=CARTESIAN_POINT('',(5.70621909401918,-8.57499617376221,16.5));
#5359=CARTESIAN_POINT('Origin',(6.60621909401918,-8.57499617376221,16.5));
#5360=CARTESIAN_POINT('',(-30.3562267464947,-8.57499617376222,16.5));
#5361=CARTESIAN_POINT('Origin',(-29.4562267464947,-8.57499617376222,16.5));
#5362=CARTESIAN_POINT('',(-12.3250038262378,9.45622674649475,16.5));
#5363=CARTESIAN_POINT('Origin',(-11.4250038262378,9.45622674649475,16.5));
#5364=CARTESIAN_POINT('Origin',(-34.1200655686147,-4.11752448462133,18.));
#5365=CARTESIAN_POINT('',(-11.4247663196513,18.5777747643421,18.));
#5366=CARTESIAN_POINT('',(-34.1200655686147,-4.11752448462134,18.));
#5367=CARTESIAN_POINT('',(-11.4247663196513,18.5777747643421,18.));
#5368=CARTESIAN_POINT('Origin',(-34.1200655686147,-4.11752448462133,18.));
#5369=CARTESIAN_POINT('',(-28.5368044479294,1.46573663606396,18.));
#5370=CARTESIAN_POINT('',(-28.5368044479294,1.46573663606397,9.00000000000001));
#5371=CARTESIAN_POINT('',(-38.5776667172147,-8.57512563322134,18.));
#5372=CARTESIAN_POINT('',(-38.5776667172147,-8.57512563322134,18.));
#5373=CARTESIAN_POINT('',(-34.1200655686147,-4.11752448462134,18.));
#5374=CARTESIAN_POINT('Origin',(2.16229063889888,4.99071780579191,16.5));
#5375=CARTESIAN_POINT('',(15.7161135787333,-8.5631051340425,18.));
#5376=CARTESIAN_POINT('',(-8.44431123695002,15.5973196816408,18.));
#5377=CARTESIAN_POINT('',(15.7161135787333,-8.56310513404251,15.));
#5378=CARTESIAN_POINT('Origin',(5.61198410471446,1.54091629284897,2.));
#5379=CARTESIAN_POINT('',(-1.45908370715101,8.61198410471445,2.));
#5380=CARTESIAN_POINT('Origin',(-6.97918567023011,-31.2584043830059,15.));
#5381=CARTESIAN_POINT('',(10.4747063748304,-13.8045123379454,18.));
#5382=CARTESIAN_POINT('',(10.4747063748304,-13.8045123379454,16.5));
#5383=CARTESIAN_POINT('',(10.4747063748304,-13.8045123379454,7.5));
#5384=CARTESIAN_POINT('',(9.89686050416876,-14.3823582086071,18.));
#5385=CARTESIAN_POINT('',(-6.97918567023011,-31.258404383006,18.));
#5386=CARTESIAN_POINT('',(9.89686050416877,-14.3823582086071,16.5));
#5387=CARTESIAN_POINT('',(9.89686050416877,-14.382358208607,7.5));
#5388=CARTESIAN_POINT('',(3.27386265697483,-21.005356055801,16.5));
#5389=CARTESIAN_POINT('Origin',(-6.97918567023011,-31.2584043830059,15.));
#5390=CARTESIAN_POINT('',(12.1668436835453,-12.1123750292305,18.));
#5391=CARTESIAN_POINT('',(12.1668436835453,-12.1123750292305,7.5));
#5392=CARTESIAN_POINT('',(13.5269109841798,-10.7523077285961,18.));
#5393=CARTESIAN_POINT('Origin',(-6.97918567023011,-31.2584043830059,15.));
#5394=CARTESIAN_POINT('',(-2.68367969876533,-26.9628984115412,18.));
#5395=CARTESIAN_POINT('',(-2.68367969876534,-26.9628984115412,7.5));
#5396=CARTESIAN_POINT('',(6.96289841154117,-17.3163203012347,18.));
#5397=CARTESIAN_POINT('',(6.96289841154117,-17.3163203012346,7.5));
#5398=CARTESIAN_POINT('',(-6.97918567023011,-31.258404383006,18.));
#5399=CARTESIAN_POINT('Origin',(-6.97918567023011,-31.2584043830059,15.));
#5400=CARTESIAN_POINT('',(-6.1954876620546,-30.4747063748304,16.5));
#5401=CARTESIAN_POINT('',(-6.1954876620546,-30.4747063748304,18.));
#5402=CARTESIAN_POINT('',(-6.1954876620546,-30.4747063748304,7.5));
#5403=CARTESIAN_POINT('',(-5.61764179139294,-29.8968605041688,16.5));
#5404=CARTESIAN_POINT('',(3.27386265697483,-21.005356055801,16.5));
#5405=CARTESIAN_POINT('',(-5.61764179139293,-29.8968605041688,18.));
#5406=CARTESIAN_POINT('',(-5.61764179139294,-29.8968605041688,7.5));
#5407=CARTESIAN_POINT('',(-6.97918567023011,-31.258404383006,18.));
#5408=CARTESIAN_POINT('Origin',(-6.97918567023011,-31.2584043830059,15.));
#5409=CARTESIAN_POINT('',(-7.88762497076947,-32.1668436835453,18.));
#5410=CARTESIAN_POINT('',(-7.88762497076947,-32.1668436835453,7.5));
#5411=CARTESIAN_POINT('',(-11.4367868188301,-35.7160055316059,18.));
#5412=CARTESIAN_POINT('',(-6.97918567023011,-31.258404383006,18.));
#5413=CARTESIAN_POINT('',(-11.4367868188301,-35.716005531606,15.));
#5414=CARTESIAN_POINT('Origin',(-14.3840078828156,-32.7687844676204,16.5));
#5415=CARTESIAN_POINT('',(-6.77754106188907,-30.0833154814755,16.5));
#5416=CARTESIAN_POINT('',(1.00256536747078,-35.314902148007,16.5));
#5417=CARTESIAN_POINT('',(-10.6953799649141,-30.7131120356562,16.5));
#5418=CARTESIAN_POINT('Origin',(-14.3840078828156,-32.7687844676204,16.5));
#5419=CARTESIAN_POINT('',(10.0833154814755,-13.2224589381109,16.5));
#5420=CARTESIAN_POINT('',(9.80597262317257,-12.8100110341463,16.5));
#5421=CARTESIAN_POINT('',(7.5657908659167,-28.8834780603753,16.5));
#5422=CARTESIAN_POINT('Origin',(-0.464848717846313,-26.6062190940192,0.));
#5423=CARTESIAN_POINT('',(-2.68355718453026,-26.9628787172543,18.));
#5424=CARTESIAN_POINT('',(-0.464848717846311,-26.6062190940192,18.));
#5425=CARTESIAN_POINT('',(-2.68355718453026,-26.9628787172543,2.));
#5426=CARTESIAN_POINT('',(-2.68355718453026,-26.9628787172543,2.));
#5427=CARTESIAN_POINT('',(-0.464848717846311,-26.6062190940192,2.));
#5428=CARTESIAN_POINT('',(-0.464848717846313,-26.6062190940192,2.));
#5429=CARTESIAN_POINT('',(-0.464848717846313,-26.6062190940192,0.));
#5430=CARTESIAN_POINT('',(-0.46484871784631,-26.6062190940192,0.));
#5431=CARTESIAN_POINT('',(-9.73286651752292,-28.0960623006438,0.));
#5432=CARTESIAN_POINT('',(-0.464848717846313,-26.6062190940192,0.));
#5433=CARTESIAN_POINT('',(-9.73286651752292,-28.0960623006438,0.));
#5434=CARTESIAN_POINT('Origin',(-6.77754106188907,-30.0833154814755,0.));
#5435=CARTESIAN_POINT('',(-6.77754106188907,-30.0833154814755,0.));
#5436=CARTESIAN_POINT('',(-6.77754106188907,-30.0833154814755,0.));
#5437=CARTESIAN_POINT('',(1.65647162571333,-28.7275394375788,0.));
#5438=CARTESIAN_POINT('',(1.65647162571333,-28.7275394375788,0.));
#5439=CARTESIAN_POINT('',(1.65647162571333,-28.7275394375788,2.));
#5440=CARTESIAN_POINT('',(1.65647162571333,-28.7275394375788,0.));
#5441=CARTESIAN_POINT('',(-5.61751927715786,-29.8968408098819,2.));
#5442=CARTESIAN_POINT('',(1.65647162571333,-28.7275394375788,2.));
#5443=CARTESIAN_POINT('',(-5.61751927715786,-29.8968408098819,18.));
#5444=CARTESIAN_POINT('',(-5.61751927715786,-29.8968408098819,2.));
#5445=CARTESIAN_POINT('',(-6.77754106188907,-30.0833154814755,18.));
#5446=CARTESIAN_POINT('Origin',(24.9246552096585,-31.0850381629335,0.));
#5447=CARTESIAN_POINT('',(12.1668850241661,-12.112436508558,18.));
#5448=CARTESIAN_POINT('',(24.9246552096585,-31.0850381629335,18.));
#5449=CARTESIAN_POINT('',(12.1668850241661,-12.112436508558,2.));
#5450=CARTESIAN_POINT('',(12.1668850241661,-12.112436508558,2.));
#5451=CARTESIAN_POINT('',(24.9246552096585,-31.0850381629335,2.));
#5452=CARTESIAN_POINT('',(9.78819960935863,-8.5749961737622,2.));
#5453=CARTESIAN_POINT('',(24.9246552096585,-31.0850381629335,0.));
#5454=CARTESIAN_POINT('',(24.9246552096585,-31.0850381629335,0.));
#5455=CARTESIAN_POINT('',(9.78819960935863,-8.5749961737622,0.));
#5456=CARTESIAN_POINT('',(9.78819960935863,-8.5749961737622,0.));
#5457=CARTESIAN_POINT('',(9.78819960935863,-8.5749961737622,0.));
#5458=CARTESIAN_POINT('Origin',(8.09606230064376,-10.2671334824771,0.));
#5459=CARTESIAN_POINT('',(10.0833154814755,-13.2224589381109,0.));
#5460=CARTESIAN_POINT('',(10.0833154814755,-13.2224589381109,0.));
#5461=CARTESIAN_POINT('',(23.2325179009436,-32.7771754716484,0.));
#5462=CARTESIAN_POINT('',(23.2325179009436,-32.7771754716484,0.));
#5463=CARTESIAN_POINT('',(23.2325179009436,-32.7771754716484,2.));
#5464=CARTESIAN_POINT('',(23.2325179009436,-32.7771754716484,0.));
#5465=CARTESIAN_POINT('',(10.4747477154512,-13.8045738172728,2.));
#5466=CARTESIAN_POINT('',(23.2325179009436,-32.7771754716484,2.));
#5467=CARTESIAN_POINT('',(10.4747477154512,-13.8045738172728,18.));
#5468=CARTESIAN_POINT('',(10.4747477154512,-13.8045738172728,2.));
#5469=CARTESIAN_POINT('',(10.0833154814755,-13.2224589381109,18.));
#5470=CARTESIAN_POINT('Origin',(-24.9906097586645,-22.1621825917715,16.5));
#5471=CARTESIAN_POINT('',(-14.9859505961754,-32.1668417542607,18.));
#5472=CARTESIAN_POINT('',(-14.9859505961754,-32.1668417542607,8.25));
#5473=CARTESIAN_POINT('',(-14.3840078828156,-32.7687844676204,18.));
#5474=CARTESIAN_POINT('Origin',(-24.9906097586645,-22.1621825917715,16.5));
#5475=CARTESIAN_POINT('',(-35.0404201903236,-12.1123721601125,18.));
#5476=CARTESIAN_POINT('',(-35.0404201903236,-12.1123721601125,8.25));
#5477=CARTESIAN_POINT('',(-14.3840078828156,-32.7687844676204,18.));
#5478=CARTESIAN_POINT('Origin',(-24.9906097586645,-22.1621825917715,16.5));
#5479=CARTESIAN_POINT('',(-33.3482828816088,-13.8045094688273,18.));
#5480=CARTESIAN_POINT('',(-33.3482828816088,-13.8045094688273,8.25));
#5481=CARTESIAN_POINT('',(-16.6780879048903,-30.4747044455458,18.));
#5482=CARTESIAN_POINT('',(-16.6780879048903,-30.4747044455458,8.25));
#5483=CARTESIAN_POINT('',(-14.3840078828156,-32.7687844676204,18.));
#5484=CARTESIAN_POINT('Origin',(-33.6224293710358,-12.1162574641545,18.));
#5485=CARTESIAN_POINT('',(-16.6781526821122,-30.4747477154512,18.));
#5486=CARTESIAN_POINT('',(-13.1171411349527,-28.0960623006438,18.));
#5487=CARTESIAN_POINT('',(-14.9860153733973,-32.1668850241661,18.));
#5488=CARTESIAN_POINT('',(-14.9860153733973,-32.1668850241661,18.));
#5489=CARTESIAN_POINT('',(-34.0850381629335,-44.9246552096585,18.));
#5490=CARTESIAN_POINT('',(-7.88756349144203,-32.1668850241661,18.));
#5491=CARTESIAN_POINT('',(-11.4250038262378,-29.7881996093586,18.));
#5492=CARTESIAN_POINT('',(-6.19542618272716,-30.4747477154513,18.));
#5493=CARTESIAN_POINT('',(-7.88756349144203,-32.1668850241661,18.));
#5494=CARTESIAN_POINT('',(12.7771754716484,-43.2325179009436,18.));
#5495=CARTESIAN_POINT('',(-7.88756349144203,-32.1668850241661,18.));
#5496=CARTESIAN_POINT('',(6.96287871725434,-17.3164428154697,18.));
#5497=CARTESIAN_POINT('',(8.09606230064375,-10.2671334824771,18.));
#5498=CARTESIAN_POINT('',(9.89684080988194,-14.3824807228421,18.));
#5499=CARTESIAN_POINT('',(6.96287871725434,-17.3164428154697,18.));
#5500=CARTESIAN_POINT('',(8.72753943757881,-21.6564716257133,18.));
#5501=CARTESIAN_POINT('',(6.96287871725434,-17.3164428154697,18.));
#5502=CARTESIAN_POINT('',(-28.5369879309523,1.46592011908677,18.));
#5503=CARTESIAN_POINT('',(-28.5369879309523,1.46592011908677,18.));
#5504=CARTESIAN_POINT('',(-27.1227743685792,0.0517065567136776,18.));
#5505=CARTESIAN_POINT('',(-35.0404638890055,-12.112436508558,18.));
#5506=CARTESIAN_POINT('',(-32.6382072618342,-8.5749961737622,18.));
#5507=CARTESIAN_POINT('',(-33.3483265802906,-13.8045738172728,18.));
#5508=CARTESIAN_POINT('',(-33.3483265802906,-13.8045738172728,18.));
#5509=CARTESIAN_POINT('',(-46.2325179009436,-32.7771754716484,18.));
#5510=CARTESIAN_POINT('',(-2.80288948196276,1.33485205042713,18.));
#5511=CARTESIAN_POINT('',(-4.92420982552241,-0.78646829313251,18.));
#5512=CARTESIAN_POINT('',(-20.1270056210332,-15.9892640886433,18.));
#5513=CARTESIAN_POINT('',(2.85396476752963,-4.32200219906524,18.));
#5514=CARTESIAN_POINT('',(6.00972056267536,-7.47775799421099,18.));
#5515=CARTESIAN_POINT('',(0.732644423969981,-6.44332254262489,18.));
#5516=CARTESIAN_POINT('',(-14.4701513715408,-21.6461183381356,18.));
#5517=CARTESIAN_POINT('',(-1.74222931018294,-3.96844880847197,18.));
#5518=CARTESIAN_POINT('',(-13.4094911997609,-20.5854581663558,18.));
#5519=CARTESIAN_POINT('',(-19.0663454492533,-14.9286039168634,18.));
#5520=CARTESIAN_POINT('',(-15.8843649339139,-18.1105844322029,18.));
#5521=CARTESIAN_POINT('',(-15.5308115433206,-22.7067785099155,18.));
#5522=CARTESIAN_POINT('',(-14.4701513715408,-21.6461183381356,18.));
#5523=CARTESIAN_POINT('',(-21.187665792813,-17.0499242604231,18.));
#5524=CARTESIAN_POINT('',(-12.3750557481748,-25.8625343050612,18.));
#5525=CARTESIAN_POINT('',(-20.1270056210332,-15.9892640886433,18.));
#5526=CARTESIAN_POINT('',(-12.3250038262378,9.45622674649475,18.));
#5527=CARTESIAN_POINT('Origin',(-11.4250038262378,9.45622674649475,18.));
#5528=CARTESIAN_POINT('',(-30.3562267464947,-8.57499617376222,18.));
#5529=CARTESIAN_POINT('Origin',(-29.4562267464947,-8.57499617376222,18.));
#5530=CARTESIAN_POINT('',(5.70621909401918,-8.57499617376221,18.));
#5531=CARTESIAN_POINT('Origin',(6.60621909401918,-8.57499617376221,18.));
#5532=CARTESIAN_POINT('',(-12.3250038262378,-26.6062190940192,18.));
#5533=CARTESIAN_POINT('Origin',(-11.4250038262378,-26.6062190940192,18.));
#5534=CARTESIAN_POINT('Origin',(-32.6382072618342,-8.5749961737622,0.));
#5535=CARTESIAN_POINT('',(-32.6382072618342,-8.5749961737622,0.));
#5536=CARTESIAN_POINT('',(-32.6382072618342,-8.5749961737622,0.));
#5537=CARTESIAN_POINT('',(-47.9246552096585,-31.0850381629335,0.));
#5538=CARTESIAN_POINT('',(-47.9246552096585,-31.0850381629335,0.));
#5539=CARTESIAN_POINT('',(-47.9246552096585,-31.0850381629335,0.));
#5540=CARTESIAN_POINT('',(-35.0404638890055,-12.112436508558,2.));
#5541=CARTESIAN_POINT('Origin',(-13.1171411349527,-28.0960623006438,0.));
#5542=CARTESIAN_POINT('',(-13.1171411349527,-28.0960623006438,0.));
#5543=CARTESIAN_POINT('',(-13.1171411349527,-28.0960623006438,0.));
#5544=CARTESIAN_POINT('',(-35.7771754716484,-43.2325179009436,0.));
#5545=CARTESIAN_POINT('',(-35.7771754716484,-43.2325179009436,0.));
#5546=CARTESIAN_POINT('',(-35.7771754716484,-43.2325179009436,0.));
#5547=CARTESIAN_POINT('',(-16.6781526821122,-30.4747477154512,2.));
#5548=CARTESIAN_POINT('Origin',(-35.0404638890055,-12.112436508558,2.));
#5549=CARTESIAN_POINT('',(-33.3483265802906,-13.8045738172728,2.));
#5550=CARTESIAN_POINT('Origin',(10.4747477154512,-13.8045738172728,2.));
#5551=CARTESIAN_POINT('',(6.30720424090665,-17.9721172918174,2.));
#5552=CARTESIAN_POINT('Origin',(6.96287871725434,-17.3164428154697,2.));
#5553=CARTESIAN_POINT('',(9.89684080988194,-14.3824807228421,2.));
#5554=CARTESIAN_POINT('',(6.96287871725434,-17.3164428154697,2.));
#5555=CARTESIAN_POINT('',(4.55126974180819,-19.7280517909159,2.));
#5556=CARTESIAN_POINT('',(9.89684080988194,-14.3824807228421,2.));
#5557=CARTESIAN_POINT('',(6.96287871725434,-17.3164428154697,2.));
#5558=CARTESIAN_POINT('Origin',(-11.5,-8.5,2.));
#5559=CARTESIAN_POINT('',(21.5403805922287,-34.4693127803633,2.));
#5560=CARTESIAN_POINT('',(24.9246552096585,-31.0850381629335,2.));
#5561=CARTESIAN_POINT('',(8.72753943757881,-21.6564716257133,2.));
#5562=CARTESIAN_POINT('',(21.5403805922287,-34.4693127803633,2.));
#5563=CARTESIAN_POINT('',(8.72753943757881,-21.6564716257133,2.));
#5564=CARTESIAN_POINT('',(6.60621909401917,-19.5351512821537,2.));
#5565=CARTESIAN_POINT('',(8.09606230064376,-10.2671334824771,2.));
#5566=CARTESIAN_POINT('',(1.30291823512006,-24.8384521410528,2.));
#5567=CARTESIAN_POINT('',(-1.7389292553979,-26.018250788122,2.));
#5568=CARTESIAN_POINT('',(14.4693127803633,-41.5403805922287,2.));
#5569=CARTESIAN_POINT('',(14.4693127803633,-41.5403805922287,2.));
#5570=CARTESIAN_POINT('',(12.7771754716484,-43.2325179009436,2.));
#5571=CARTESIAN_POINT('',(14.4693127803633,-41.5403805922287,2.));
#5572=CARTESIAN_POINT('',(-6.19542618272716,-30.4747477154513,2.));
#5573=CARTESIAN_POINT('',(12.7771754716484,-43.2325179009436,2.));
#5574=CARTESIAN_POINT('',(-7.88756349144203,-32.1668850241661,2.));
#5575=CARTESIAN_POINT('',(-2.87395136253999,-27.1532728952641,2.));
#5576=CARTESIAN_POINT('',(11.0850381629335,-44.9246552096585,2.));
#5577=CARTESIAN_POINT('',(-11.4250038262378,-29.7881996093586,2.));
#5578=CARTESIAN_POINT('',(29.990306627408,-49.990306627408,2.));
#5579=CARTESIAN_POINT('',(20.5376723951708,-47.4574809185332,2.));
#5580=CARTESIAN_POINT('',(27.4574809185332,-40.5376723951708,2.));
#5581=CARTESIAN_POINT('',(23.5834523779156,-44.3334523779156,2.));
#5582=CARTESIAN_POINT('Origin',(24.3334523779156,-44.3334523779156,2.));
#5583=CARTESIAN_POINT('',(22.1041028488383,-38.8124447732461,2.));
#5584=CARTESIAN_POINT('Origin',(22.8541028488383,-38.8124447732461,2.));
#5585=CARTESIAN_POINT('',(18.0624447732461,-42.8541028488383,2.));
#5586=CARTESIAN_POINT('Origin',(18.8124447732461,-42.8541028488383,2.));
#5587=CARTESIAN_POINT('',(20.5,-42.,2.));
#5588=CARTESIAN_POINT('Origin',(22.,-42.,2.));
#5589=CARTESIAN_POINT('Origin',(-16.6781526821122,-30.4747477154512,2.));
#5590=CARTESIAN_POINT('',(-14.9860153733973,-32.1668850241661,2.));
#5591=CARTESIAN_POINT('Origin',(-5.61751927715786,-29.8968408098819,2.));
#5592=CARTESIAN_POINT('Origin',(-7.88756349144203,-32.1668850241661,2.));
#5593=CARTESIAN_POINT('',(-6.19542618272716,-30.4747477154513,2.));
#5594=CARTESIAN_POINT('',(-7.88756349144203,-32.1668850241661,2.));
#5595=CARTESIAN_POINT('Origin',(-21.4659201190868,8.53698793095224,2.));
#5596=CARTESIAN_POINT('',(-28.5369879309523,1.46592011908677,2.));
#5597=CARTESIAN_POINT('Origin',(8.09606230064376,-10.2671334824771,0.));
#5598=CARTESIAN_POINT('',(8.09606230064376,-10.2671334824771,0.));
#5599=CARTESIAN_POINT('',(8.09606230064376,-10.2671334824771,0.));
#5600=CARTESIAN_POINT('',(6.60621909401917,-19.5351512821537,0.));
#5601=CARTESIAN_POINT('',(8.09606230064376,-10.2671334824771,0.));
#5602=CARTESIAN_POINT('',(6.60621909401917,-19.5351512821537,0.));
#5603=CARTESIAN_POINT('Origin',(8.72753943757881,-21.6564716257133,0.));
#5604=CARTESIAN_POINT('',(8.72753943757881,-21.6564716257133,0.));
#5605=CARTESIAN_POINT('',(8.72753943757881,-21.6564716257133,0.));
#5606=CARTESIAN_POINT('',(8.72753943757881,-21.6564716257133,0.));
#5607=CARTESIAN_POINT('Origin',(3.56320045185059,-14.7999953312702,0.));
#5608=CARTESIAN_POINT('',(0.381219936511128,-11.6180148159308,0.));
#5609=CARTESIAN_POINT('',(0.381219936511129,-11.6180148159308,0.));
#5610=CARTESIAN_POINT('',(3.56320045185059,-14.7999953312702,0.));
#5611=CARTESIAN_POINT('',(-1.77759849392962,-9.45919638549004,0.));
#5612=CARTESIAN_POINT('',(3.56320045185059,-14.7999953312702,0.));
#5613=CARTESIAN_POINT('Origin',(-0.464848717846312,-26.6062190940192,0.));
#5614=CARTESIAN_POINT('',(1.30291823512006,-24.8384521410528,0.));
#5615=CARTESIAN_POINT('Origin',(-10.2253817812871,-22.224616533729,0.));
#5616=CARTESIAN_POINT('',(-7.04340126594762,-25.4065970490685,0.));
#5617=CARTESIAN_POINT('',(-7.04340126594762,-25.4065970490685,0.));
#5618=CARTESIAN_POINT('',(-10.2253817812871,-22.224616533729,0.));
#5619=CARTESIAN_POINT('',(-13.9751904693976,-18.4748078456185,0.));
#5620=CARTESIAN_POINT('',(-10.2253817812871,-22.224616533729,0.));
#5621=CARTESIAN_POINT('Origin',(3.42423857867971,-8.57499617376221,0.));
#5622=CARTESIAN_POINT('',(-11.4250038262378,-23.4242385786797,0.));
#5623=CARTESIAN_POINT('',(3.42423857867971,-8.57499617376221,0.));
#5624=CARTESIAN_POINT('',(-11.4250038262378,-23.4242385786797,0.));
#5625=CARTESIAN_POINT('Origin',(3.42423857867971,-8.57499617376221,0.));
#5626=CARTESIAN_POINT('',(3.42423857867971,-8.57499617376221,0.));
#5627=CARTESIAN_POINT('',(3.42423857867971,-8.57499617376221,0.));
#5628=CARTESIAN_POINT('',(3.42423857867971,-8.57499617376221,0.));
#5629=CARTESIAN_POINT('Origin',(21.5403805922287,-34.4693127803633,0.));
#5630=CARTESIAN_POINT('',(21.5403805922287,-34.4693127803633,0.));
#5631=CARTESIAN_POINT('',(21.5403805922287,-34.4693127803633,0.));
#5632=CARTESIAN_POINT('',(21.5403805922287,-34.4693127803633,0.));
#5633=CARTESIAN_POINT('Origin',(2.71713179749316,-15.6460639856277,0.));
#5634=CARTESIAN_POINT('',(-11.4250038262378,-29.7881996093586,0.));
#5635=CARTESIAN_POINT('Origin',(23.2325179009436,-32.7771754716484,0.));
#5636=CARTESIAN_POINT('',(24.9246552096585,-31.0850381629335,0.));
#5637=CARTESIAN_POINT('Origin',(24.3334523779156,27.3334523779156,0.));
#5638=CARTESIAN_POINT('',(23.5834523779156,27.3334523779156,0.));
#5639=CARTESIAN_POINT('',(23.5834523779156,27.3334523779156,0.));
#5640=CARTESIAN_POINT('Origin',(24.3334523779156,27.3334523779156,0.));
#5641=CARTESIAN_POINT('Origin',(22.,-42.,0.));
#5642=CARTESIAN_POINT('',(20.5,-42.,0.));
#5643=CARTESIAN_POINT('',(20.5,-42.,0.));
#5644=CARTESIAN_POINT('Origin',(22.,-42.,0.));
#5645=CARTESIAN_POINT('Origin',(-41.8124447732461,25.8541028488383,0.));
#5646=CARTESIAN_POINT('',(-42.5624447732461,25.8541028488383,0.));
#5647=CARTESIAN_POINT('',(-42.5624447732461,25.8541028488383,0.));
#5648=CARTESIAN_POINT('Origin',(-41.8124447732461,25.8541028488383,0.));
#5649=CARTESIAN_POINT('Origin',(22.,25.,0.));
#5650=CARTESIAN_POINT('',(20.5,25.,0.));
#5651=CARTESIAN_POINT('',(20.5,25.,0.));
#5652=CARTESIAN_POINT('Origin',(22.,25.,0.));
#5653=CARTESIAN_POINT('Origin',(-26.2742462311553,-8.57499617376222,0.));
#5654=CARTESIAN_POINT('',(-26.2742462311553,-8.57499617376222,0.));
#5655=CARTESIAN_POINT('',(-11.4250038262378,6.27424623115529,0.));
#5656=CARTESIAN_POINT('',(-11.4250038262378,6.27424623115529,0.));
#5657=CARTESIAN_POINT('',(-11.4250038262378,6.27424623115529,0.));
#5658=CARTESIAN_POINT('',(-26.2742462311553,-8.57499617376222,0.));
#5659=CARTESIAN_POINT('Origin',(-11.4250038262378,-23.4242385786797,0.));
#5660=CARTESIAN_POINT('',(-26.2742462311553,-8.57499617376222,0.));
#5661=CARTESIAN_POINT('Origin',(-11.4250038262378,6.27424623115529,0.));
#5662=CARTESIAN_POINT('',(3.42423857867971,-8.57499617376221,0.));
#5663=CARTESIAN_POINT('Origin',(6.60621909401918,-8.57499617376221,0.));
#5664=CARTESIAN_POINT('',(5.70621909401917,-8.57499617376221,0.));
#5665=CARTESIAN_POINT('',(5.70621909401917,-8.57499617376221,0.));
#5666=CARTESIAN_POINT('Origin',(6.60621909401918,-8.57499617376221,0.));
#5667=CARTESIAN_POINT('Origin',(-41.8124447732461,-42.8541028488383,0.));
#5668=CARTESIAN_POINT('',(-42.5624447732461,-42.8541028488383,0.));
#5669=CARTESIAN_POINT('',(-42.5624447732461,-42.8541028488383,0.));
#5670=CARTESIAN_POINT('Origin',(-41.8124447732461,-42.8541028488383,0.));
#5671=CARTESIAN_POINT('Origin',(22.8541028488383,21.8124447732461,0.));
#5672=CARTESIAN_POINT('',(22.1041028488383,21.8124447732461,0.));
#5673=CARTESIAN_POINT('',(22.1041028488383,21.8124447732461,0.));
#5674=CARTESIAN_POINT('Origin',(22.8541028488383,21.8124447732461,0.));
#5675=CARTESIAN_POINT('Origin',(18.8124447732461,-42.8541028488383,0.));
#5676=CARTESIAN_POINT('',(18.0624447732461,-42.8541028488383,0.));
#5677=CARTESIAN_POINT('',(18.0624447732461,-42.8541028488383,0.));
#5678=CARTESIAN_POINT('Origin',(18.8124447732461,-42.8541028488383,0.));
#5679=CARTESIAN_POINT('Origin',(-13.1171411349527,10.9460699531194,0.));
#5680=CARTESIAN_POINT('',(-13.1171411349527,10.9460699531194,0.));
#5681=CARTESIAN_POINT('',(-11.4250038262378,12.6382072618342,0.));
#5682=CARTESIAN_POINT('',(-13.1171411349527,10.9460699531194,0.));
#5683=CARTESIAN_POINT('Origin',(-35.7771754716484,26.2325179009436,0.));
#5684=CARTESIAN_POINT('',(-35.7771754716484,26.2325179009436,0.));
#5685=CARTESIAN_POINT('',(-35.7771754716484,26.2325179009436,0.));
#5686=CARTESIAN_POINT('',(-35.7771754716484,26.2325179009436,0.));
#5687=CARTESIAN_POINT('Origin',(-37.4693127803633,24.5403805922287,0.));
#5688=CARTESIAN_POINT('',(-34.0850381629335,27.9246552096585,0.));
#5689=CARTESIAN_POINT('Origin',(-45.8541028488383,-38.8124447732461,0.));
#5690=CARTESIAN_POINT('',(-46.6041028488383,-38.8124447732461,0.));
#5691=CARTESIAN_POINT('',(-46.6041028488383,-38.8124447732461,0.));
#5692=CARTESIAN_POINT('Origin',(-45.8541028488383,-38.8124447732461,0.));
#5693=CARTESIAN_POINT('Origin',(-11.4250038262378,9.45622674649475,0.));
#5694=CARTESIAN_POINT('',(-12.3250038262378,9.45622674649475,0.));
#5695=CARTESIAN_POINT('',(-12.3250038262378,9.45622674649475,0.));
#5696=CARTESIAN_POINT('Origin',(-11.4250038262378,9.45622674649475,0.));
#5697=CARTESIAN_POINT('Origin',(-18.5710678118655,-22.6421356237309,0.));
#5698=CARTESIAN_POINT('',(-18.5710678118655,-22.6421356237309,0.));
#5699=CARTESIAN_POINT('',(-32.6382072618342,-8.5749961737622,0.));
#5700=CARTESIAN_POINT('',(-18.5710678118655,-22.6421356237309,0.));
#5701=CARTESIAN_POINT('Origin',(-37.4693127803633,-41.5403805922287,0.));
#5702=CARTESIAN_POINT('',(-37.4693127803633,-41.5403805922287,0.));
#5703=CARTESIAN_POINT('',(-37.4693127803633,-41.5403805922287,0.));
#5704=CARTESIAN_POINT('',(-37.4693127803633,-41.5403805922287,0.));
#5705=CARTESIAN_POINT('Origin',(-35.7771754716484,-43.2325179009436,0.));
#5706=CARTESIAN_POINT('',(-37.4693127803633,-41.5403805922287,0.));
#5707=CARTESIAN_POINT('Origin',(22.8541028488383,-38.8124447732461,0.));
#5708=CARTESIAN_POINT('',(22.1041028488383,-38.8124447732461,0.));
#5709=CARTESIAN_POINT('',(22.1041028488383,-38.8124447732461,0.));
#5710=CARTESIAN_POINT('Origin',(22.8541028488383,-38.8124447732461,0.));
#5711=CARTESIAN_POINT('Origin',(-30.9460699531193,-10.2671334824771,0.));
#5712=CARTESIAN_POINT('',(-30.9460699531193,-10.2671334824771,0.));
#5713=CARTESIAN_POINT('',(-25.642135623731,-15.5710678118655,0.));
#5714=CARTESIAN_POINT('',(-32.6382072618342,-8.5749961737622,0.));
#5715=CARTESIAN_POINT('',(-25.642135623731,-15.5710678118655,0.));
#5716=CARTESIAN_POINT('',(-30.9460699531193,-10.2671334824771,0.));
#5717=CARTESIAN_POINT('Origin',(-46.2325179009436,-32.7771754716484,0.));
#5718=CARTESIAN_POINT('',(-46.2325179009436,-32.7771754716484,0.));
#5719=CARTESIAN_POINT('',(-46.2325179009436,-32.7771754716484,0.));
#5720=CARTESIAN_POINT('',(-46.2325179009436,-32.7771754716484,0.));
#5721=CARTESIAN_POINT('Origin',(-44.5403805922287,-34.4693127803633,0.));
#5722=CARTESIAN_POINT('',(-44.5403805922287,-34.4693127803633,0.));
#5723=CARTESIAN_POINT('',(-47.9246552096585,-31.0850381629335,0.));
#5724=CARTESIAN_POINT('',(-44.5403805922287,-34.4693127803633,0.));
#5725=CARTESIAN_POINT('Origin',(-25.642135623731,-15.5710678118655,0.));
#5726=CARTESIAN_POINT('',(-44.5403805922287,-34.4693127803633,0.));
#5727=CARTESIAN_POINT('Origin',(-45.,-42.,0.));
#5728=CARTESIAN_POINT('',(-46.5,-42.,0.));
#5729=CARTESIAN_POINT('',(-46.5,-42.,0.));
#5730=CARTESIAN_POINT('Origin',(-45.,-42.,0.));
#5731=CARTESIAN_POINT('Origin',(8.09606230064376,-6.88285886504733,0.));
#5732=CARTESIAN_POINT('',(8.09606230064376,-6.88285886504733,0.));
#5733=CARTESIAN_POINT('',(9.78819960935863,-8.5749961737622,0.));
#5734=CARTESIAN_POINT('',(8.09606230064376,-6.88285886504733,0.));
#5735=CARTESIAN_POINT('Origin',(23.2325179009436,15.7771754716484,0.));
#5736=CARTESIAN_POINT('',(23.2325179009436,15.7771754716484,0.));
#5737=CARTESIAN_POINT('',(23.2325179009436,15.7771754716484,0.));
#5738=CARTESIAN_POINT('',(23.2325179009436,15.7771754716484,0.));
#5739=CARTESIAN_POINT('Origin',(21.5403805922287,17.4693127803633,0.));
#5740=CARTESIAN_POINT('',(21.5403805922287,17.4693127803633,0.));
#5741=CARTESIAN_POINT('Origin',(-9.73286651752292,-28.0960623006438,0.));
#5742=CARTESIAN_POINT('',(-11.4250038262378,-29.7881996093586,0.));
#5743=CARTESIAN_POINT('Origin',(12.7771754716484,-43.2325179009436,0.));
#5744=CARTESIAN_POINT('',(12.7771754716484,-43.2325179009436,0.));
#5745=CARTESIAN_POINT('',(12.7771754716484,-43.2325179009436,0.));
#5746=CARTESIAN_POINT('',(12.7771754716484,-43.2325179009436,0.));
#5747=CARTESIAN_POINT('Origin',(14.4693127803633,-41.5403805922287,0.));
#5748=CARTESIAN_POINT('',(14.4693127803633,-41.5403805922287,0.));
#5749=CARTESIAN_POINT('',(14.4693127803633,-41.5403805922287,0.));
#5750=CARTESIAN_POINT('',(14.4693127803633,-41.5403805922287,0.));
#5751=CARTESIAN_POINT('Origin',(-4.35393601437232,-22.7171317974932,0.));
#5752=CARTESIAN_POINT('',(14.4693127803633,-41.5403805922287,0.));
#5753=CARTESIAN_POINT('Origin',(-47.3334523779156,27.3334523779156,0.));
#5754=CARTESIAN_POINT('',(-48.0834523779156,27.3334523779156,0.));
#5755=CARTESIAN_POINT('',(-48.0834523779156,27.3334523779156,0.));
#5756=CARTESIAN_POINT('Origin',(-47.3334523779156,27.3334523779156,0.));
#5757=CARTESIAN_POINT('Origin',(-47.3334523779156,-44.3334523779156,0.));
#5758=CARTESIAN_POINT('',(-48.0834523779156,-44.3334523779156,0.));
#5759=CARTESIAN_POINT('',(-48.0834523779156,-44.3334523779156,0.));
#5760=CARTESIAN_POINT('Origin',(-47.3334523779156,-44.3334523779156,0.));
#5761=CARTESIAN_POINT('Origin',(-45.8541028488383,21.8124447732461,0.));
#5762=CARTESIAN_POINT('',(-46.6041028488383,21.8124447732461,0.));
#5763=CARTESIAN_POINT('',(-46.6041028488383,21.8124447732461,0.));
#5764=CARTESIAN_POINT('Origin',(-45.8541028488383,21.8124447732461,0.));
#5765=CARTESIAN_POINT('Origin',(-11.4250038262378,-26.6062190940192,0.));
#5766=CARTESIAN_POINT('',(-12.3250038262378,-26.6062190940192,0.));
#5767=CARTESIAN_POINT('',(-12.3250038262378,-26.6062190940192,0.));
#5768=CARTESIAN_POINT('Origin',(-11.4250038262378,-26.6062190940192,0.));
#5769=CARTESIAN_POINT('Origin',(-29.4562267464947,-8.57499617376222,0.));
#5770=CARTESIAN_POINT('',(-30.3562267464947,-8.57499617376222,0.));
#5771=CARTESIAN_POINT('',(-30.3562267464947,-8.57499617376222,0.));
#5772=CARTESIAN_POINT('Origin',(-29.4562267464947,-8.57499617376222,0.));
#5773=CARTESIAN_POINT('Origin',(18.8124447732461,25.8541028488383,0.));
#5774=CARTESIAN_POINT('',(18.0624447732461,25.8541028488383,0.));
#5775=CARTESIAN_POINT('',(18.0624447732461,25.8541028488383,0.));
#5776=CARTESIAN_POINT('Origin',(18.8124447732461,25.8541028488383,0.));
#5777=CARTESIAN_POINT('Origin',(-9.73286651752293,10.9460699531194,0.));
#5778=CARTESIAN_POINT('',(-9.73286651752293,10.9460699531194,0.));
#5779=CARTESIAN_POINT('',(12.7771754716484,26.2325179009436,0.));
#5780=CARTESIAN_POINT('',(12.7771754716484,26.2325179009436,0.));
#5781=CARTESIAN_POINT('',(12.7771754716484,26.2325179009436,0.));
#5782=CARTESIAN_POINT('',(-9.73286651752293,10.9460699531194,0.));
#5783=CARTESIAN_POINT('Origin',(-4.42893218813452,5.64213562373095,0.));
#5784=CARTESIAN_POINT('',(-4.42893218813452,5.64213562373095,0.));
#5785=CARTESIAN_POINT('',(9.78819960935863,-8.5749961737622,0.));
#5786=CARTESIAN_POINT('',(-4.42893218813452,5.64213562373095,0.));
#5787=CARTESIAN_POINT('Origin',(14.4693127803633,24.5403805922287,0.));
#5788=CARTESIAN_POINT('',(14.4693127803633,24.5403805922287,0.));
#5789=CARTESIAN_POINT('',(14.4693127803633,24.5403805922287,0.));
#5790=CARTESIAN_POINT('',(14.4693127803633,24.5403805922287,0.));
#5791=CARTESIAN_POINT('Origin',(12.7771754716484,26.2325179009436,0.));
#5792=CARTESIAN_POINT('',(11.0850381629335,27.9246552096585,0.));
#5793=CARTESIAN_POINT('Origin',(-45.,25.,0.));
#5794=CARTESIAN_POINT('',(-46.5,25.,0.));
#5795=CARTESIAN_POINT('',(-46.5,25.,0.));
#5796=CARTESIAN_POINT('Origin',(-45.,25.,0.));
#5797=CARTESIAN_POINT('Origin',(24.3334523779156,-44.3334523779156,0.));
#5798=CARTESIAN_POINT('',(23.5834523779156,-44.3334523779156,0.));
#5799=CARTESIAN_POINT('',(23.5834523779156,-44.3334523779156,0.));
#5800=CARTESIAN_POINT('Origin',(24.3334523779156,-44.3334523779156,0.));
#5801=CARTESIAN_POINT('Origin',(-30.9460699531193,-6.88285886504732,0.));
#5802=CARTESIAN_POINT('',(-30.9460699531193,-6.88285886504732,0.));
#5803=CARTESIAN_POINT('',(-46.2325179009436,15.7771754716484,0.));
#5804=CARTESIAN_POINT('',(-46.2325179009436,15.7771754716484,0.));
#5805=CARTESIAN_POINT('',(-46.2325179009436,15.7771754716484,0.));
#5806=CARTESIAN_POINT('',(-30.9460699531193,-6.88285886504732,0.));
#5807=CARTESIAN_POINT('Origin',(-25.5671394499688,-1.50392836189673,0.));
#5808=CARTESIAN_POINT('',(-25.5671394499688,-1.50392836189673,0.));
#5809=CARTESIAN_POINT('',(-11.4250038262378,12.6382072618342,0.));
#5810=CARTESIAN_POINT('',(-25.5671394499688,-1.50392836189673,0.));
#5811=CARTESIAN_POINT('Origin',(-44.5403805922287,17.4693127803633,0.));
#5812=CARTESIAN_POINT('',(-44.5403805922287,17.4693127803633,0.));
#5813=CARTESIAN_POINT('',(-44.5403805922287,17.4693127803633,0.));
#5814=CARTESIAN_POINT('',(-44.5403805922287,17.4693127803633,0.));
#5815=CARTESIAN_POINT('Origin',(-46.2325179009436,15.7771754716484,0.));
#5816=CARTESIAN_POINT('',(-44.5403805922287,17.4693127803633,0.));
#5817=CARTESIAN_POINT('Origin',(-47.9246552096585,-31.0850381629335,0.));
#5818=CARTESIAN_POINT('',(-52.990306627408,-49.990306627408,0.));
#5819=CARTESIAN_POINT('',(-50.4574809185332,-40.5376723951708,0.));
#5820=CARTESIAN_POINT('',(-52.990306627408,-49.990306627408,0.));
#5821=CARTESIAN_POINT('Origin',(-47.9246552096585,14.0850381629335,0.));
#5822=CARTESIAN_POINT('',(-47.9246552096585,14.0850381629335,0.));
#5823=CARTESIAN_POINT('',(-32.6382072618342,-8.5749961737622,0.));
#5824=CARTESIAN_POINT('',(-47.9246552096585,14.0850381629335,0.));
#5825=CARTESIAN_POINT('Origin',(-52.990306627408,32.990306627408,0.));
#5826=CARTESIAN_POINT('',(-52.990306627408,32.990306627408,0.));
#5827=CARTESIAN_POINT('',(-50.4574809185332,23.5376723951708,0.));
#5828=CARTESIAN_POINT('',(-52.990306627408,32.990306627408,0.));
#5829=CARTESIAN_POINT('Origin',(-34.0850381629335,27.9246552096585,0.));
#5830=CARTESIAN_POINT('',(-34.0850381629335,27.9246552096585,0.));
#5831=CARTESIAN_POINT('',(-43.5376723951708,30.4574809185332,0.));
#5832=CARTESIAN_POINT('',(-34.0850381629335,27.9246552096585,0.));
#5833=CARTESIAN_POINT('Origin',(-11.4250038262378,12.6382072618342,0.));
#5834=CARTESIAN_POINT('',(-11.4250038262378,12.6382072618342,0.));
#5835=CARTESIAN_POINT('',(-34.0850381629335,27.9246552096585,0.));
#5836=CARTESIAN_POINT('',(-11.4250038262378,12.6382072618342,0.));
#5837=CARTESIAN_POINT('Origin',(11.0850381629335,27.9246552096585,0.));
#5838=CARTESIAN_POINT('',(11.0850381629335,27.9246552096585,0.));
#5839=CARTESIAN_POINT('',(-11.4250038262378,12.6382072618342,0.));
#5840=CARTESIAN_POINT('',(11.0850381629335,27.9246552096585,0.));
#5841=CARTESIAN_POINT('Origin',(29.990306627408,32.990306627408,0.));
#5842=CARTESIAN_POINT('',(29.990306627408,32.990306627408,0.));
#5843=CARTESIAN_POINT('',(20.5376723951708,30.4574809185332,0.));
#5844=CARTESIAN_POINT('',(29.990306627408,32.990306627408,0.));
#5845=CARTESIAN_POINT('Origin',(24.9246552096585,14.0850381629335,0.));
#5846=CARTESIAN_POINT('',(24.9246552096585,14.0850381629335,0.));
#5847=CARTESIAN_POINT('',(27.4574809185332,23.5376723951708,0.));
#5848=CARTESIAN_POINT('',(24.9246552096585,14.0850381629335,0.));
#5849=CARTESIAN_POINT('Origin',(9.78819960935863,-8.5749961737622,0.));
#5850=CARTESIAN_POINT('',(24.9246552096585,14.0850381629335,0.));
#5851=CARTESIAN_POINT('Origin',(29.990306627408,-49.990306627408,0.));
#5852=CARTESIAN_POINT('',(29.990306627408,-49.990306627408,0.));
#5853=CARTESIAN_POINT('',(27.4574809185332,-40.5376723951708,0.));
#5854=CARTESIAN_POINT('',(29.990306627408,-49.990306627408,0.));
#5855=CARTESIAN_POINT('Origin',(11.0850381629335,-44.9246552096585,0.));
#5856=CARTESIAN_POINT('',(11.0850381629335,-44.9246552096585,0.));
#5857=CARTESIAN_POINT('',(20.5376723951708,-47.4574809185332,0.));
#5858=CARTESIAN_POINT('',(11.0850381629335,-44.9246552096585,0.));
#5859=CARTESIAN_POINT('Origin',(-11.4250038262378,-29.7881996093586,0.));
#5860=CARTESIAN_POINT('',(-11.4250038262378,-29.7881996093586,0.));
#5861=CARTESIAN_POINT('',(-11.4250038262378,-29.7881996093586,0.));
#5862=CARTESIAN_POINT('',(-11.4250038262378,-29.7881996093586,0.));
#5863=CARTESIAN_POINT('Origin',(-34.0850381629335,-44.9246552096585,0.));
#5864=CARTESIAN_POINT('',(-34.0850381629335,-44.9246552096585,0.));
#5865=CARTESIAN_POINT('',(-34.0850381629335,-44.9246552096585,0.));
#5866=CARTESIAN_POINT('',(-34.0850381629335,-44.9246552096585,0.));
#5867=CARTESIAN_POINT('Origin',(-52.990306627408,-49.990306627408,0.));
#5868=CARTESIAN_POINT('',(-43.5376723951708,-47.4574809185332,0.));
#5869=CARTESIAN_POINT('Origin',(-11.5,-8.5,0.));
#5870=CARTESIAN_POINT('Origin',(-11.4250038262378,-26.6062190940192,-0.0500000000000123));
#5871=CARTESIAN_POINT('',(-12.3250038262378,-26.6062190940192,-0.0500000000000123));
#5872=CARTESIAN_POINT('Origin',(6.60621909401918,-8.57499617376221,-0.0500000000000123));
#5873=CARTESIAN_POINT('',(5.70621909401918,-8.57499617376221,-0.0500000000000123));
#5874=CARTESIAN_POINT('Origin',(-29.4562267464947,-8.57499617376222,-0.0500000000000123));
#5875=CARTESIAN_POINT('',(-30.3562267464947,-8.57499617376222,-0.0500000000000123));
#5876=CARTESIAN_POINT('Origin',(-11.4250038262378,9.45622674649475,-0.0500000000000123));
#5877=CARTESIAN_POINT('',(-12.3250038262378,9.45622674649475,-0.0500000000000123));
#5878=CARTESIAN_POINT('Origin',(3.56107154871617,-5.02910898025178,30.75));
#5879=CARTESIAN_POINT('',(-2.80288948196276,1.33485205042714,46.5));
#5880=CARTESIAN_POINT('',(-2.80288948196276,1.33485205042714,43.5));
#5881=CARTESIAN_POINT('',(2.85396476752963,-4.32200219906523,46.5));
#5882=CARTESIAN_POINT('',(-2.80288948196276,1.33485205042714,46.5));
#5883=CARTESIAN_POINT('',(2.85396476752963,-4.32200219906523,40.5));
#5884=CARTESIAN_POINT('',(2.85396476752963,-4.32200219906524,40.5));
#5885=CARTESIAN_POINT('',(9.92503257939511,-11.3930700109307,40.5));
#5886=CARTESIAN_POINT('',(2.85396476752962,-4.32200219906524,40.5));
#5887=CARTESIAN_POINT('',(9.9250325793951,-11.3930700109307,30.5));
#5888=CARTESIAN_POINT('',(9.92503257939511,-11.3930700109307,40.5));
#5889=CARTESIAN_POINT('',(3.91215893066246,-5.38019636219807,30.5));
#5890=CARTESIAN_POINT('',(9.9250325793951,-11.3930700109307,30.5));
#5891=CARTESIAN_POINT('',(3.91215893066245,-5.38019636219807,22.1624848487387));
#5892=CARTESIAN_POINT('',(3.91215893066245,-5.38019636219807,22.1624848487387));
#5893=CARTESIAN_POINT('',(2.85396476752963,-4.32200219906524,21.006258903152));
#5894=CARTESIAN_POINT('Origin',(2.50041137693635,-3.96844880847197,23.2));
#5895=CARTESIAN_POINT('',(2.85396476752962,-4.32200219906524,15.));
#5896=CARTESIAN_POINT('',(1.3560703860692,-2.8241078176048,37.7434375));
#5897=CARTESIAN_POINT('',(0.728644002190197,-2.1966814337258,37.7434375));
#5898=CARTESIAN_POINT('Origin',(1.0423571941297,-2.5103946256653,38.75));
#5899=CARTESIAN_POINT('',(8.5423571941297,-10.0103946256653,33.3566017177982));
#5900=CARTESIAN_POINT('Origin',(1.04235719412969,-2.5103946256653,22.75));
#5901=CARTESIAN_POINT('',(9.5423571941297,-11.0103946256653,34.7708152801713));
#5902=CARTESIAN_POINT('',(8.5423571941297,-10.0103946256653,33.3566017177982));
#5903=CARTESIAN_POINT('',(1.37633468857638,-2.84437212011198,39.7434375));
#5904=CARTESIAN_POINT('Origin',(1.04235719412969,-2.5103946256653,22.75));
#5905=CARTESIAN_POINT('',(0.708379699683017,-2.17641713121862,39.7434375));
#5906=CARTESIAN_POINT('Origin',(1.0423571941297,-2.5103946256653,38.75));
#5907=CARTESIAN_POINT('',(-0.681569138403113,-0.786468293132496,39.5742728223243));
#5908=CARTESIAN_POINT('Origin',(1.04235719412969,-2.5103946256653,22.75));
#5909=CARTESIAN_POINT('',(-0.681569138403111,-0.786468293132501,37.5923950617759));
#5910=CARTESIAN_POINT('',(-0.681569138403111,-0.786468293132501,37.5923950617759));
#5911=CARTESIAN_POINT('',(-0.680953904376227,-0.787083527159385,37.5506890959689));
#5912=CARTESIAN_POINT('Origin',(0.0255376427834419,-1.49357507431904,37.5923950617759));
#5913=CARTESIAN_POINT('Origin',(1.04235719412969,-2.5103946256653,22.75));
#5914=CARTESIAN_POINT('',(0.26453973482448,-1.7325771663601,22.75));
#5915=CARTESIAN_POINT('Origin',(1.04235719412969,-2.5103946256653,22.75));
#5916=CARTESIAN_POINT('Origin',(-14.823704762134,-23.413885291102,30.75));
#5917=CARTESIAN_POINT('',(-15.5308115433206,-22.7067785099155,21.006258903152));
#5918=CARTESIAN_POINT('',(-15.5308115433206,-22.7067785099155,15.));
#5919=CARTESIAN_POINT('',(-14.4726173801878,-23.7649726730483,22.1624848487387));
#5920=CARTESIAN_POINT('Origin',(-15.8843649339139,-22.3532251193222,23.2));
#5921=CARTESIAN_POINT('',(-14.4726173801878,-23.7649726730483,30.5));
#5922=CARTESIAN_POINT('',(-14.4726173801878,-23.7649726730483,22.1624848487387));
#5923=CARTESIAN_POINT('',(-8.45974373145511,-29.7778463217809,30.5));
#5924=CARTESIAN_POINT('',(-8.45974373145511,-29.7778463217809,30.5));
#5925=CARTESIAN_POINT('',(-8.45974373145511,-29.777846321781,40.5));
#5926=CARTESIAN_POINT('',(-8.45974373145511,-29.777846321781,40.5));
#5927=CARTESIAN_POINT('',(-15.5308115433206,-22.7067785099155,40.5));
#5928=CARTESIAN_POINT('',(-15.5308115433206,-22.7067785099155,40.5));
#5929=CARTESIAN_POINT('',(-15.5308115433206,-22.7067785099155,46.5));
#5930=CARTESIAN_POINT('',(-15.5308115433206,-22.7067785099155,40.5));
#5931=CARTESIAN_POINT('',(-21.187665792813,-17.0499242604231,46.5));
#5932=CARTESIAN_POINT('',(-21.187665792813,-17.0499242604231,46.5));
#5933=CARTESIAN_POINT('',(-21.187665792813,-17.0499242604231,43.5));
#5934=CARTESIAN_POINT('',(-17.028705924781,-21.208884128455,37.7434375));
#5935=CARTESIAN_POINT('',(-17.65613230866,-20.581457744576,37.7434375));
#5936=CARTESIAN_POINT('Origin',(-17.3424191167205,-20.8951709365155,38.75));
#5937=CARTESIAN_POINT('',(-19.0657302152264,-19.1718598380096,37.5506890959689));
#5938=CARTESIAN_POINT('Origin',(-17.3424191167205,-20.8951709365155,22.75));
#5939=CARTESIAN_POINT('',(-19.0663454492533,-19.1712446039827,37.5923950617759));
#5940=CARTESIAN_POINT('Origin',(-18.3592386680668,-19.8783513851693,37.5923950617759));
#5941=CARTESIAN_POINT('',(-19.0663454492533,-19.1712446039827,39.5742728223243));
#5942=CARTESIAN_POINT('',(-19.0663454492533,-19.1712446039827,37.5923950617759));
#5943=CARTESIAN_POINT('',(-17.6763966111672,-20.5611934420689,39.7434375));
#5944=CARTESIAN_POINT('Origin',(-17.3424191167205,-20.8951709365155,22.75));
#5945=CARTESIAN_POINT('',(-17.0084416222738,-21.2291484309622,39.7434375));
#5946=CARTESIAN_POINT('Origin',(-17.3424191167205,-20.8951709365155,38.75));
#5947=CARTESIAN_POINT('',(-8.84241911672052,-29.3951709365155,34.7708152801713));
#5948=CARTESIAN_POINT('Origin',(-17.3424191167205,-20.8951709365155,22.75));
#5949=CARTESIAN_POINT('',(-9.84241911672052,-28.3951709365155,33.3566017177982));
#5950=CARTESIAN_POINT('',(-9.84241911672052,-28.3951709365155,33.3566017177982));
#5951=CARTESIAN_POINT('Origin',(-17.3424191167205,-20.8951709365155,22.75));
#5952=CARTESIAN_POINT('',(-18.1202365760257,-20.1173534772103,22.75));
#5953=CARTESIAN_POINT('Origin',(-17.3424191167205,-20.8951709365155,22.75));
#5954=CARTESIAN_POINT('Origin',(-19.0663454492533,-14.9286039168635,46.5));
#5955=CARTESIAN_POINT('',(-4.9242098255224,-0.786468293132503,43.5));
#5956=CARTESIAN_POINT('',(-4.9242098255224,-0.786468293132503,43.5));
#5957=CARTESIAN_POINT('',(-19.0663454492533,-14.9286039168635,43.5));
#5958=CARTESIAN_POINT('',(-19.0663454492533,-14.9286039168635,43.5));
#5959=CARTESIAN_POINT('',(-19.0663454492533,-14.9286039168635,43.5));
#5960=CARTESIAN_POINT('',(-19.0663454492533,-14.9286039168635,46.5));
#5961=CARTESIAN_POINT('Origin',(-13.4094911997609,-20.5854581663558,15.));
#5962=CARTESIAN_POINT('',(-13.4094911997609,-20.5854581663558,21.006258903152));
#5963=CARTESIAN_POINT('',(-13.4094911997609,-20.5854581663558,15.));
#5964=CARTESIAN_POINT('',(-13.4094911997609,-20.5854581663558,21.006258903152));
#5965=CARTESIAN_POINT('Origin',(1.43975120515653,-7.15042932381143,30.75));
#5966=CARTESIAN_POINT('',(0.73264442396999,-6.44332254262488,43.5));
#5967=CARTESIAN_POINT('',(1.08619781456326,-6.79687593321815,43.5));
#5968=CARTESIAN_POINT('',(0.732644423969986,-6.44332254262489,21.006258903152));
#5969=CARTESIAN_POINT('',(0.732644423969981,-6.44332254262489,15.));
#5970=CARTESIAN_POINT('',(1.79083858710281,-7.50151670575771,22.1624848487387));
#5971=CARTESIAN_POINT('Origin',(0.379091033376713,-6.08976915203161,23.2));
#5972=CARTESIAN_POINT('',(1.79083858710282,-7.50151670575771,30.5));
#5973=CARTESIAN_POINT('',(1.79083858710281,-7.50151670575771,22.1624848487387));
#5974=CARTESIAN_POINT('',(7.80371223583546,-13.5143903544904,30.5));
#5975=CARTESIAN_POINT('',(7.80371223583546,-13.5143903544904,30.5));
#5976=CARTESIAN_POINT('',(7.80371223583546,-13.5143903544903,40.5));
#5977=CARTESIAN_POINT('',(7.80371223583546,-13.5143903544903,40.5));
#5978=CARTESIAN_POINT('',(0.732644423969986,-6.44332254262488,40.5));
#5979=CARTESIAN_POINT('',(0.732644423969986,-6.44332254262488,40.5));
#5980=CARTESIAN_POINT('',(0.73264442396999,-6.44332254262488,40.5));
#5981=CARTESIAN_POINT('',(-1.85678060873516,-3.85389750991975,22.75));
#5982=CARTESIAN_POINT('Origin',(-1.07896314942996,-4.63171496922495,22.75));
#5983=CARTESIAN_POINT('',(-0.765249957490448,-4.94542816116445,37.7434375));
#5984=CARTESIAN_POINT('',(-1.39267634136945,-4.31800177728545,37.7434375));
#5985=CARTESIAN_POINT('Origin',(-1.07896314942995,-4.63171496922494,38.75));
#5986=CARTESIAN_POINT('',(-2.80227424793587,-2.90840387071903,37.5506890959689));
#5987=CARTESIAN_POINT('Origin',(-1.07896314942996,-4.63171496922495,22.75));
#5988=CARTESIAN_POINT('',(-2.80288948196275,-2.90778863669215,37.5923950617759));
#5989=CARTESIAN_POINT('Origin',(-2.0957827007762,-3.61489541787869,37.5923950617759));
#5990=CARTESIAN_POINT('',(-2.80288948196275,-2.90778863669214,39.5742728223243));
#5991=CARTESIAN_POINT('',(-2.80288948196275,-2.90778863669215,37.5923950617759));
#5992=CARTESIAN_POINT('',(-1.41294064387663,-4.29773747477827,39.7434375));
#5993=CARTESIAN_POINT('Origin',(-1.07896314942996,-4.63171496922495,22.75));
#5994=CARTESIAN_POINT('',(-0.744985654983263,-4.96569246367163,39.7434375));
#5995=CARTESIAN_POINT('Origin',(-1.07896314942995,-4.63171496922494,38.75));
#5996=CARTESIAN_POINT('',(7.42103685057005,-13.1317149692249,34.7708152801713));
#5997=CARTESIAN_POINT('Origin',(-1.07896314942996,-4.63171496922495,22.75));
#5998=CARTESIAN_POINT('',(6.42103685057005,-12.1317149692249,33.3566017177982));
#5999=CARTESIAN_POINT('',(6.42103685057005,-12.1317149692249,33.3566017177982));
#6000=CARTESIAN_POINT('Origin',(-1.07896314942996,-4.63171496922495,22.75));
#6001=CARTESIAN_POINT('Origin',(-1.07896314942996,-4.63171496922495,22.75));
#6002=CARTESIAN_POINT('',(6.42103685057005,-12.1317149692249,33.3566017177982));
#6003=CARTESIAN_POINT('',(-0.765249957490448,-4.94542816116445,37.7434375));
#6004=CARTESIAN_POINT('Origin',(7.42103685057005,-13.1317149692249,34.7708152801713));
#6005=CARTESIAN_POINT('',(7.42103685057005,-13.1317149692249,34.7708152801713));
#6006=CARTESIAN_POINT('Origin',(-1.07896314942996,-4.63171496922495,22.75));
#6007=CARTESIAN_POINT('',(-0.744985654983263,-4.96569246367163,39.7434375));
#6008=CARTESIAN_POINT('Origin',(-1.07896314942995,-4.63171496922494,38.75));
#6009=CARTESIAN_POINT('',(-1.41294064387663,-4.29773747477827,39.7434375));
#6010=CARTESIAN_POINT('Origin',(-1.07896314942996,-4.63171496922495,22.75));
#6011=CARTESIAN_POINT('',(-2.80288948196275,-2.90778863669214,39.5742728223243));
#6012=CARTESIAN_POINT('Origin',(-2.80288948196275,-2.90778863669215,37.5923950617759));
#6013=CARTESIAN_POINT('',(-2.80288948196275,-2.90778863669215,37.5923950617759));
#6014=CARTESIAN_POINT('Origin',(-2.0957827007762,-3.61489541787869,37.5923950617759));
#6015=CARTESIAN_POINT('',(-2.80227424793587,-2.90840387071903,37.5506890959689));
#6016=CARTESIAN_POINT('Origin',(-1.07896314942996,-4.63171496922495,22.75));
#6017=CARTESIAN_POINT('',(-1.39267634136945,-4.31800177728545,37.7434375));
#6018=CARTESIAN_POINT('Origin',(-1.07896314942995,-4.63171496922494,38.75));
#6019=CARTESIAN_POINT('Origin',(-1.07896314942996,-4.63171496922495,22.75));
#6020=CARTESIAN_POINT('',(-1.85678060873516,-3.85389750991975,22.75));
#6021=CARTESIAN_POINT('Origin',(7.80371223583546,-13.5143903544903,40.5));
#6022=CARTESIAN_POINT('',(7.80371223583546,-13.5143903544903,40.5));
#6023=CARTESIAN_POINT('',(0.732644423969986,-6.44332254262488,40.5));
#6024=CARTESIAN_POINT('Origin',(7.80371223583546,-13.5143903544904,30.5));
#6025=CARTESIAN_POINT('',(7.80371223583546,-13.5143903544904,30.5));
#6026=CARTESIAN_POINT('Origin',(1.79083858710281,-7.50151670575771,30.5));
#6027=CARTESIAN_POINT('',(1.79083858710282,-7.50151670575771,30.5));
#6028=CARTESIAN_POINT('Origin',(1.79083858710281,-7.50151670575771,22.1624848487387));
#6029=CARTESIAN_POINT('',(1.79083858710281,-7.50151670575771,22.1624848487387));
#6030=CARTESIAN_POINT('Origin',(0.379091033376713,-6.08976915203161,23.2));
#6031=CARTESIAN_POINT('',(0.732644423969986,-6.44332254262489,21.006258903152));
#6032=CARTESIAN_POINT('Origin',(-13.409491199761,-20.5854581663558,43.5));
#6033=CARTESIAN_POINT('',(-13.409491199761,-20.5854581663558,43.5));
#6034=CARTESIAN_POINT('',(-13.0559378091677,-20.9390115569491,43.5));
#6035=CARTESIAN_POINT('',(-13.409491199761,-20.5854581663558,43.5));
#6036=CARTESIAN_POINT('Origin',(-12.7023844185744,-21.2925649475424,30.75));
#6037=CARTESIAN_POINT('',(-13.409491199761,-20.5854581663558,40.5));
#6038=CARTESIAN_POINT('',(-13.409491199761,-20.5854581663558,40.5));
#6039=CARTESIAN_POINT('',(-6.33842338789548,-27.6565259782213,40.5));
#6040=CARTESIAN_POINT('',(-13.409491199761,-20.5854581663558,40.5));
#6041=CARTESIAN_POINT('',(-6.33842338789547,-27.6565259782213,30.5));
#6042=CARTESIAN_POINT('',(-6.33842338789548,-27.6565259782213,40.5));
#6043=CARTESIAN_POINT('',(-12.3512970366281,-21.6436523294887,30.5));
#6044=CARTESIAN_POINT('',(-6.33842338789547,-27.6565259782213,30.5));
#6045=CARTESIAN_POINT('',(-12.3512970366281,-21.6436523294887,22.1624848487387));
#6046=CARTESIAN_POINT('',(-12.3512970366281,-21.6436523294887,22.1624848487387));
#6047=CARTESIAN_POINT('Origin',(-13.7630445903542,-20.2319047757626,23.2));
#6048=CARTESIAN_POINT('',(-15.9989162324661,-17.9960331336507,22.75));
#6049=CARTESIAN_POINT('Origin',(-15.2210987731609,-18.7738505929559,22.75));
#6050=CARTESIAN_POINT('',(-14.9073855812214,-19.0875637848954,37.7434375));
#6051=CARTESIAN_POINT('',(-15.5348119651004,-18.4601374010164,37.7434375));
#6052=CARTESIAN_POINT('Origin',(-15.2210987731609,-18.7738505929559,38.75));
#6053=CARTESIAN_POINT('',(-7.72109877316088,-26.2738505929559,33.3566017177982));
#6054=CARTESIAN_POINT('Origin',(-15.2210987731609,-18.7738505929559,22.75));
#6055=CARTESIAN_POINT('',(-6.72109877316088,-27.2738505929559,34.7708152801713));
#6056=CARTESIAN_POINT('',(-7.72109877316088,-26.2738505929559,33.3566017177982));
#6057=CARTESIAN_POINT('',(-14.8871212787142,-19.1078280874026,39.7434375));
#6058=CARTESIAN_POINT('Origin',(-15.2210987731609,-18.7738505929559,22.75));
#6059=CARTESIAN_POINT('',(-15.5550762676076,-18.4398730985092,39.7434375));
#6060=CARTESIAN_POINT('Origin',(-15.2210987731609,-18.7738505929559,38.75));
#6061=CARTESIAN_POINT('',(-16.9450251056937,-17.0499242604231,39.5742728223243));
#6062=CARTESIAN_POINT('Origin',(-15.2210987731609,-18.7738505929559,22.75));
#6063=CARTESIAN_POINT('',(-16.9450251056937,-17.0499242604231,37.5923950617759));
#6064=CARTESIAN_POINT('',(-16.9450251056937,-17.0499242604231,37.5923950617759));
#6065=CARTESIAN_POINT('',(-16.9444098716668,-17.05053949445,37.5506890959689));
#6066=CARTESIAN_POINT('Origin',(-16.2379183245071,-17.7570310416096,37.5923950617759));
#6067=CARTESIAN_POINT('Origin',(-15.2210987731609,-18.7738505929559,22.75));
#6068=CARTESIAN_POINT('Origin',(-15.2210987731609,-18.7738505929559,22.75));
#6069=CARTESIAN_POINT('',(-14.9073855812214,-19.0875637848954,37.7434375));
#6070=CARTESIAN_POINT('',(-7.72109877316088,-26.2738505929559,33.3566017177982));
#6071=CARTESIAN_POINT('Origin',(-6.72109877316088,-27.2738505929559,34.7708152801713));
#6072=CARTESIAN_POINT('',(-6.72109877316088,-27.2738505929559,34.7708152801713));
#6073=CARTESIAN_POINT('Origin',(-15.2210987731609,-18.7738505929559,22.75));
#6074=CARTESIAN_POINT('',(-14.8871212787142,-19.1078280874026,39.7434375));
#6075=CARTESIAN_POINT('Origin',(-15.2210987731609,-18.7738505929559,38.75));
#6076=CARTESIAN_POINT('',(-15.5550762676076,-18.4398730985092,39.7434375));
#6077=CARTESIAN_POINT('Origin',(-15.2210987731609,-18.7738505929559,22.75));
#6078=CARTESIAN_POINT('',(-16.9450251056937,-17.0499242604231,39.5742728223243));
#6079=CARTESIAN_POINT('Origin',(-16.9450251056937,-17.0499242604231,37.5923950617759));
#6080=CARTESIAN_POINT('',(-16.9450251056937,-17.0499242604231,37.5923950617759));
#6081=CARTESIAN_POINT('Origin',(-16.2379183245071,-17.7570310416096,37.5923950617759));
#6082=CARTESIAN_POINT('',(-16.9444098716668,-17.05053949445,37.5506890959689));
#6083=CARTESIAN_POINT('Origin',(-15.2210987731609,-18.7738505929559,22.75));
#6084=CARTESIAN_POINT('',(-15.5348119651004,-18.4601374010164,37.7434375));
#6085=CARTESIAN_POINT('Origin',(-15.2210987731609,-18.7738505929559,38.75));
#6086=CARTESIAN_POINT('Origin',(-15.2210987731609,-18.7738505929559,22.75));
#6087=CARTESIAN_POINT('',(-15.9989162324661,-17.9960331336507,22.75));
#6088=CARTESIAN_POINT('Origin',(-6.33842338789547,-27.6565259782213,40.5));
#6089=CARTESIAN_POINT('',(-13.409491199761,-20.5854581663558,40.5));
#6090=CARTESIAN_POINT('',(-6.33842338789548,-27.6565259782213,40.5));
#6091=CARTESIAN_POINT('Origin',(-6.33842338789547,-27.6565259782213,30.5));
#6092=CARTESIAN_POINT('',(-6.33842338789547,-27.6565259782213,30.5));
#6093=CARTESIAN_POINT('Origin',(-12.3512970366281,-21.6436523294887,30.5));
#6094=CARTESIAN_POINT('',(-12.3512970366281,-21.6436523294887,30.5));
#6095=CARTESIAN_POINT('Origin',(-12.3512970366281,-21.6436523294887,22.1624848487387));
#6096=CARTESIAN_POINT('',(-12.3512970366281,-21.6436523294887,22.1624848487387));
#6097=CARTESIAN_POINT('Origin',(-13.7630445903542,-20.2319047757626,23.2));
#6098=CARTESIAN_POINT('Origin',(-13.4094911997609,-20.5854581663558,15.));
#6099=CARTESIAN_POINT('Origin',(-13.409491199761,-20.5854581663558,46.5));
#6100=CARTESIAN_POINT('',(-13.409491199761,-20.5854581663558,46.5));
#6101=CARTESIAN_POINT('Origin',(-13.409491199761,-20.5854581663558,40.5));
#6102=UNCERTAINTY_MEASURE_WITH_UNIT(LENGTH_MEASURE(0.01),#6106,
'DISTANCE_ACCURACY_VALUE',
'Maximum model space distance between geometric entities at asserted c
onnectivities');
#6103=UNCERTAINTY_MEASURE_WITH_UNIT(LENGTH_MEASURE(0.01),#6106,
'DISTANCE_ACCURACY_VALUE',
'Maximum model space distance between geometric entities at asserted c
onnectivities');
#6104=(
GEOMETRIC_REPRESENTATION_CONTEXT(3)
GLOBAL_UNCERTAINTY_ASSIGNED_CONTEXT((#6102))
GLOBAL_UNIT_ASSIGNED_CONTEXT((#6106,#6107,#6108))
REPRESENTATION_CONTEXT('','3D')
);
#6105=(
GEOMETRIC_REPRESENTATION_CONTEXT(3)
GLOBAL_UNCERTAINTY_ASSIGNED_CONTEXT((#6103))
GLOBAL_UNIT_ASSIGNED_CONTEXT((#6106,#6107,#6108))
REPRESENTATION_CONTEXT('','3D')
);
#6106=(
LENGTH_UNIT()
NAMED_UNIT(*)
SI_UNIT(.MILLI.,.METRE.)
);
#6107=(
NAMED_UNIT(*)
PLANE_ANGLE_UNIT()
SI_UNIT($,.RADIAN.)
);
#6108=(
NAMED_UNIT(*)
SI_UNIT($,.STERADIAN.)
SOLID_ANGLE_UNIT()
);
#6109=SHAPE_DEFINITION_REPRESENTATION(#6110,#6111);
#6110=PRODUCT_DEFINITION_SHAPE('',$,#6113);
#6111=SHAPE_REPRESENTATION('',(#3814),#6104);
#6112=PRODUCT_DEFINITION_CONTEXT('part definition',#6117,'design');
#6113=PRODUCT_DEFINITION('2.2 inch quad','2.2 inch quad v7',#6114,#6112);
#6114=PRODUCT_DEFINITION_FORMATION('',$,#6119);
#6115=PRODUCT_RELATED_PRODUCT_CATEGORY('2.2 inch quad v7',
'2.2 inch quad v7',(#6119));
#6116=APPLICATION_PROTOCOL_DEFINITION('international standard',
'automotive_design',2009,#6117);
#6117=APPLICATION_CONTEXT(
'Core Data for Automotive Mechanical Design Process');
#6118=PRODUCT_CONTEXT('part definition',#6117,'mechanical');
#6119=PRODUCT('2.2 inch quad','2.2 inch quad v7',$,(#6118));
#6120=PRESENTATION_STYLE_ASSIGNMENT((#6121));
#6121=SURFACE_STYLE_USAGE(.BOTH.,#6122);
#6122=SURFACE_SIDE_STYLE('',(#6123));
#6123=SURFACE_STYLE_FILL_AREA(#6124);
#6124=FILL_AREA_STYLE('Steel - Satin',(#6125));
#6125=FILL_AREA_STYLE_COLOUR('Steel - Satin',#6126);
#6126=COLOUR_RGB('Steel - Satin',0.627450980392157,0.627450980392157,0.627450980392157);
ENDSEC;
END-ISO-10303-21;
