ISO-10303-21;
HEADER;
/* Generated by software containing ST-Developer
 * from STEP Tools, Inc. (www.steptools.com) 
 */

FILE_DESCRIPTION(
/* description */ (''),
/* implementation_level */ '2;1');

FILE_NAME(
/* name */ 'Full Assembly.step',
/* time_stamp */ '2026-07-29T19:05:13-06:00',
/* author */ (''),
/* organization */ (''),
/* preprocessor_version */ 'ST-DEVELOPER v20.1',
/* originating_system */ 'Autodesk Translation Framework v15.8.0.0',
/* authorisation */ '');

FILE_SCHEMA (('AUTOMOTIVE_DESIGN { 1 0 10303 214 3 1 1 }'));
ENDSEC;

DATA;
#10=MECHANICAL_DESIGN_GEOMETRIC_PRESENTATION_REPRESENTATION('',(#13,#14,
#15),#6719);
#11=SHAPE_REPRESENTATION_RELATIONSHIP('SRR','None',#6725,#12);
#12=ADVANCED_BREP_SHAPE_REPRESENTATION('',(#16,#17,#18),#6718);
#13=STYLED_ITEM('',(#6734),#16);
#14=STYLED_ITEM('',(#6734),#17);
#15=STYLED_ITEM('',(#6734),#18);
#16=MANIFOLD_SOLID_BREP('Body6',#4185);
#17=MANIFOLD_SOLID_BREP('Body10',#4186);
#18=MANIFOLD_SOLID_BREP('Body11',#4187);
#19=CYLINDRICAL_SURFACE('',#4278,0.750000000000002);
#20=CYLINDRICAL_SURFACE('',#4280,1.49999999999999);
#21=CYLINDRICAL_SURFACE('',#4282,0.750000000000002);
#22=CYLINDRICAL_SURFACE('',#4284,1.5);
#23=CYLINDRICAL_SURFACE('',#4289,0.900000000000001);
#24=CYLINDRICAL_SURFACE('',#4291,0.750000000000002);
#25=CYLINDRICAL_SURFACE('',#4293,0.750000000000002);
#26=CYLINDRICAL_SURFACE('',#4295,0.75);
#27=CYLINDRICAL_SURFACE('',#4300,0.750000000000002);
#28=CYLINDRICAL_SURFACE('',#4302,0.899999999999999);
#29=CYLINDRICAL_SURFACE('',#4307,0.749999999999997);
#30=CYLINDRICAL_SURFACE('',#4313,1.5);
#31=CYLINDRICAL_SURFACE('',#4322,0.750000000000002);
#32=CYLINDRICAL_SURFACE('',#4324,0.750000000000002);
#33=CYLINDRICAL_SURFACE('',#4326,0.750000000000002);
#34=CYLINDRICAL_SURFACE('',#4328,0.900000000000001);
#35=CYLINDRICAL_SURFACE('',#4330,0.899999999999999);
#36=CYLINDRICAL_SURFACE('',#4332,0.75);
#37=CYLINDRICAL_SURFACE('',#4338,1.5);
#38=CYLINDRICAL_SURFACE('',#4340,0.750000000000002);
#39=CYLINDRICAL_SURFACE('',#4361,0.900000000000001);
#40=CYLINDRICAL_SURFACE('',#4362,0.900000000000001);
#41=CYLINDRICAL_SURFACE('',#4363,0.899999999999999);
#42=CYLINDRICAL_SURFACE('',#4364,0.899999999999999);
#43=CYLINDRICAL_SURFACE('',#4397,15.);
#44=CYLINDRICAL_SURFACE('',#4399,17.);
#45=CYLINDRICAL_SURFACE('',#4400,1.1);
#46=CYLINDRICAL_SURFACE('',#4401,17.);
#47=CYLINDRICAL_SURFACE('',#4403,1.);
#48=CYLINDRICAL_SURFACE('',#4404,15.);
#49=CYLINDRICAL_SURFACE('',#4405,1.1);
#50=CYLINDRICAL_SURFACE('',#4406,1.1);
#51=CYLINDRICAL_SURFACE('',#4411,2.25);
#52=CYLINDRICAL_SURFACE('',#4423,15.);
#53=CYLINDRICAL_SURFACE('',#4425,17.);
#54=CYLINDRICAL_SURFACE('',#4426,1.1);
#55=CYLINDRICAL_SURFACE('',#4427,17.);
#56=CYLINDRICAL_SURFACE('',#4429,1.);
#57=CYLINDRICAL_SURFACE('',#4430,15.);
#58=CYLINDRICAL_SURFACE('',#4431,1.1);
#59=CYLINDRICAL_SURFACE('',#4432,1.1);
#60=CYLINDRICAL_SURFACE('',#4437,2.25);
#61=CYLINDRICAL_SURFACE('',#4441,0.899999999999999);
#62=CYLINDRICAL_SURFACE('',#4444,0.900000000000001);
#63=CYLINDRICAL_SURFACE('',#4447,0.900000000000001);
#64=CYLINDRICAL_SURFACE('',#4450,0.899999999999999);
#65=CYLINDRICAL_SURFACE('',#4459,0.899999999999999);
#66=CYLINDRICAL_SURFACE('',#4462,0.900000000000001);
#67=CYLINDRICAL_SURFACE('',#4465,0.900000000000001);
#68=CYLINDRICAL_SURFACE('',#4468,0.899999999999999);
#69=CIRCLE('',#4208,0.750000000000002);
#70=CIRCLE('',#4209,0.750000000000002);
#71=CIRCLE('',#4210,1.5);
#72=CIRCLE('',#4211,0.900000000000001);
#73=CIRCLE('',#4212,0.750000000000002);
#74=CIRCLE('',#4213,0.750000000000002);
#75=CIRCLE('',#4214,0.750000000000002);
#76=CIRCLE('',#4215,0.899999999999999);
#77=CIRCLE('',#4216,1.5);
#78=CIRCLE('',#4217,0.750000000000002);
#79=CIRCLE('',#4218,0.750000000000002);
#80=CIRCLE('',#4219,0.750000000000002);
#81=CIRCLE('',#4220,0.900000000000001);
#82=CIRCLE('',#4221,0.899999999999999);
#83=CIRCLE('',#4222,0.75);
#84=CIRCLE('',#4223,1.5);
#85=CIRCLE('',#4227,0.900000000000001);
#86=CIRCLE('',#4228,0.900000000000001);
#87=CIRCLE('',#4229,0.899999999999999);
#88=CIRCLE('',#4230,0.899999999999999);
#89=CIRCLE('',#4250,0.899999999999999);
#90=CIRCLE('',#4251,0.899999999999999);
#91=CIRCLE('',#4252,0.900000000000001);
#92=CIRCLE('',#4253,0.900000000000001);
#93=CIRCLE('',#4260,0.750000000000002);
#94=CIRCLE('',#4261,0.749999999999997);
#95=CIRCLE('',#4262,0.75);
#96=CIRCLE('',#4263,1.49999999999999);
#97=CIRCLE('',#4279,0.750000000000002);
#98=CIRCLE('',#4281,1.49999999999999);
#99=CIRCLE('',#4283,0.750000000000002);
#100=CIRCLE('',#4285,1.5);
#101=CIRCLE('',#4290,0.900000000000001);
#102=CIRCLE('',#4292,0.750000000000002);
#103=CIRCLE('',#4294,0.750000000000002);
#104=CIRCLE('',#4296,0.75);
#105=CIRCLE('',#4301,0.750000000000002);
#106=CIRCLE('',#4303,0.899999999999999);
#107=CIRCLE('',#4308,0.749999999999997);
#108=CIRCLE('',#4314,1.5);
#109=CIRCLE('',#4323,0.750000000000002);
#110=CIRCLE('',#4325,0.750000000000002);
#111=CIRCLE('',#4327,0.750000000000002);
#112=CIRCLE('',#4329,0.900000000000001);
#113=CIRCLE('',#4331,0.899999999999999);
#114=CIRCLE('',#4333,0.75);
#115=CIRCLE('',#4339,1.5);
#116=CIRCLE('',#4341,0.750000000000002);
#117=CIRCLE('',#4366,2.25);
#118=CIRCLE('',#4367,1.1);
#119=CIRCLE('',#4368,15.);
#120=CIRCLE('',#4369,17.);
#121=CIRCLE('',#4370,1.1);
#122=CIRCLE('',#4371,17.);
#123=CIRCLE('',#4372,1.);
#124=CIRCLE('',#4373,15.);
#125=CIRCLE('',#4374,1.1);
#126=CIRCLE('',#4376,2.25);
#127=CIRCLE('',#4377,1.1);
#128=CIRCLE('',#4378,15.);
#129=CIRCLE('',#4379,1.);
#130=CIRCLE('',#4380,17.);
#131=CIRCLE('',#4381,1.1);
#132=CIRCLE('',#4382,17.);
#133=CIRCLE('',#4383,15.);
#134=CIRCLE('',#4384,1.1);
#135=CIRCLE('',#4388,2.25);
#136=CIRCLE('',#4389,1.1);
#137=CIRCLE('',#4390,1.1);
#138=CIRCLE('',#4391,15.);
#139=CIRCLE('',#4392,1.);
#140=CIRCLE('',#4393,17.);
#141=CIRCLE('',#4394,1.1);
#142=CIRCLE('',#4395,17.);
#143=CIRCLE('',#4396,15.);
#144=CIRCLE('',#4414,2.25);
#145=CIRCLE('',#4415,1.1);
#146=CIRCLE('',#4416,1.1);
#147=CIRCLE('',#4417,15.);
#148=CIRCLE('',#4418,17.);
#149=CIRCLE('',#4419,1.1);
#150=CIRCLE('',#4420,17.);
#151=CIRCLE('',#4421,1.);
#152=CIRCLE('',#4422,15.);
#153=CIRCLE('',#4442,0.899999999999999);
#154=CIRCLE('',#4443,0.899999999999999);
#155=CIRCLE('',#4445,0.900000000000001);
#156=CIRCLE('',#4446,0.900000000000001);
#157=CIRCLE('',#4448,0.900000000000001);
#158=CIRCLE('',#4449,0.900000000000001);
#159=CIRCLE('',#4451,0.899999999999999);
#160=CIRCLE('',#4452,0.899999999999999);
#161=CIRCLE('',#4460,0.899999999999999);
#162=CIRCLE('',#4461,0.899999999999999);
#163=CIRCLE('',#4463,0.900000000000001);
#164=CIRCLE('',#4464,0.900000000000001);
#165=CIRCLE('',#4466,0.900000000000001);
#166=CIRCLE('',#4467,0.900000000000001);
#167=CIRCLE('',#4469,0.899999999999999);
#168=CIRCLE('',#4470,0.899999999999999);
#169=FACE_BOUND('',#462,.T.);
#170=FACE_BOUND('',#463,.T.);
#171=FACE_BOUND('',#464,.T.);
#172=FACE_BOUND('',#465,.T.);
#173=FACE_BOUND('',#466,.T.);
#174=FACE_BOUND('',#467,.T.);
#175=FACE_BOUND('',#468,.T.);
#176=FACE_BOUND('',#469,.T.);
#177=FACE_BOUND('',#470,.T.);
#178=FACE_BOUND('',#471,.T.);
#179=FACE_BOUND('',#472,.T.);
#180=FACE_BOUND('',#473,.T.);
#181=FACE_BOUND('',#474,.T.);
#182=FACE_BOUND('',#475,.T.);
#183=FACE_BOUND('',#476,.T.);
#184=FACE_BOUND('',#477,.T.);
#185=FACE_BOUND('',#478,.T.);
#186=FACE_BOUND('',#479,.T.);
#187=FACE_BOUND('',#483,.T.);
#188=FACE_BOUND('',#484,.T.);
#189=FACE_BOUND('',#485,.T.);
#190=FACE_BOUND('',#486,.T.);
#191=FACE_BOUND('',#487,.T.);
#192=FACE_BOUND('',#507,.T.);
#193=FACE_BOUND('',#508,.T.);
#194=FACE_BOUND('',#509,.T.);
#195=FACE_BOUND('',#510,.T.);
#196=FACE_BOUND('',#511,.T.);
#197=FACE_BOUND('',#512,.T.);
#198=FACE_BOUND('',#519,.T.);
#199=FACE_BOUND('',#520,.T.);
#200=FACE_BOUND('',#521,.T.);
#201=FACE_BOUND('',#522,.T.);
#202=FACE_BOUND('',#600,.T.);
#203=FACE_BOUND('',#601,.T.);
#204=FACE_BOUND('',#602,.T.);
#205=FACE_BOUND('',#603,.T.);
#206=FACE_BOUND('',#604,.T.);
#207=FACE_BOUND('',#605,.T.);
#208=FACE_BOUND('',#606,.T.);
#209=FACE_BOUND('',#607,.T.);
#210=FACE_BOUND('',#608,.T.);
#211=FACE_BOUND('',#609,.T.);
#212=FACE_BOUND('',#610,.T.);
#213=FACE_BOUND('',#611,.T.);
#214=FACE_BOUND('',#612,.T.);
#215=FACE_BOUND('',#613,.T.);
#216=FACE_BOUND('',#614,.T.);
#217=FACE_BOUND('',#615,.T.);
#218=FACE_BOUND('',#616,.T.);
#219=FACE_BOUND('',#617,.T.);
#220=FACE_BOUND('',#618,.T.);
#221=FACE_BOUND('',#619,.T.);
#222=FACE_BOUND('',#620,.T.);
#223=FACE_BOUND('',#621,.T.);
#224=FACE_BOUND('',#622,.T.);
#225=FACE_BOUND('',#623,.T.);
#226=FACE_BOUND('',#624,.T.);
#227=FACE_BOUND('',#625,.T.);
#228=FACE_BOUND('',#626,.T.);
#229=FACE_BOUND('',#627,.T.);
#230=FACE_BOUND('',#628,.T.);
#231=FACE_BOUND('',#634,.T.);
#232=FACE_BOUND('',#635,.T.);
#233=FACE_BOUND('',#637,.T.);
#234=FACE_BOUND('',#638,.T.);
#235=FACE_BOUND('',#642,.T.);
#236=FACE_BOUND('',#643,.T.);
#237=FACE_BOUND('',#661,.T.);
#238=FACE_BOUND('',#662,.T.);
#239=FACE_BOUND('',#687,.T.);
#240=FACE_BOUND('',#688,.T.);
#241=FACE_BOUND('',#689,.T.);
#242=FACE_BOUND('',#690,.T.);
#243=FACE_BOUND('',#693,.T.);
#244=FACE_BOUND('',#694,.T.);
#245=FACE_BOUND('',#695,.T.);
#246=FACE_BOUND('',#696,.T.);
#247=FACE_BOUND('',#705,.T.);
#248=FACE_BOUND('',#706,.T.);
#249=FACE_BOUND('',#707,.T.);
#250=FACE_BOUND('',#708,.T.);
#251=FACE_BOUND('',#711,.T.);
#252=FACE_BOUND('',#712,.T.);
#253=FACE_BOUND('',#713,.T.);
#254=FACE_BOUND('',#714,.T.);
#255=FACE_OUTER_BOUND('',#443,.T.);
#256=FACE_OUTER_BOUND('',#444,.T.);
#257=FACE_OUTER_BOUND('',#445,.T.);
#258=FACE_OUTER_BOUND('',#446,.T.);
#259=FACE_OUTER_BOUND('',#447,.T.);
#260=FACE_OUTER_BOUND('',#448,.T.);
#261=FACE_OUTER_BOUND('',#449,.T.);
#262=FACE_OUTER_BOUND('',#450,.T.);
#263=FACE_OUTER_BOUND('',#451,.T.);
#264=FACE_OUTER_BOUND('',#452,.T.);
#265=FACE_OUTER_BOUND('',#453,.T.);
#266=FACE_OUTER_BOUND('',#454,.T.);
#267=FACE_OUTER_BOUND('',#455,.T.);
#268=FACE_OUTER_BOUND('',#456,.T.);
#269=FACE_OUTER_BOUND('',#457,.T.);
#270=FACE_OUTER_BOUND('',#458,.T.);
#271=FACE_OUTER_BOUND('',#459,.T.);
#272=FACE_OUTER_BOUND('',#460,.T.);
#273=FACE_OUTER_BOUND('',#461,.T.);
#274=FACE_OUTER_BOUND('',#480,.T.);
#275=FACE_OUTER_BOUND('',#481,.T.);
#276=FACE_OUTER_BOUND('',#482,.T.);
#277=FACE_OUTER_BOUND('',#488,.T.);
#278=FACE_OUTER_BOUND('',#489,.T.);
#279=FACE_OUTER_BOUND('',#490,.T.);
#280=FACE_OUTER_BOUND('',#491,.T.);
#281=FACE_OUTER_BOUND('',#492,.T.);
#282=FACE_OUTER_BOUND('',#493,.T.);
#283=FACE_OUTER_BOUND('',#494,.T.);
#284=FACE_OUTER_BOUND('',#495,.T.);
#285=FACE_OUTER_BOUND('',#496,.T.);
#286=FACE_OUTER_BOUND('',#497,.T.);
#287=FACE_OUTER_BOUND('',#498,.T.);
#288=FACE_OUTER_BOUND('',#499,.T.);
#289=FACE_OUTER_BOUND('',#500,.T.);
#290=FACE_OUTER_BOUND('',#501,.T.);
#291=FACE_OUTER_BOUND('',#502,.T.);
#292=FACE_OUTER_BOUND('',#503,.T.);
#293=FACE_OUTER_BOUND('',#504,.T.);
#294=FACE_OUTER_BOUND('',#505,.T.);
#295=FACE_OUTER_BOUND('',#506,.T.);
#296=FACE_OUTER_BOUND('',#513,.T.);
#297=FACE_OUTER_BOUND('',#514,.T.);
#298=FACE_OUTER_BOUND('',#515,.T.);
#299=FACE_OUTER_BOUND('',#516,.T.);
#300=FACE_OUTER_BOUND('',#517,.T.);
#301=FACE_OUTER_BOUND('',#518,.T.);
#302=FACE_OUTER_BOUND('',#523,.T.);
#303=FACE_OUTER_BOUND('',#524,.T.);
#304=FACE_OUTER_BOUND('',#525,.T.);
#305=FACE_OUTER_BOUND('',#526,.T.);
#306=FACE_OUTER_BOUND('',#527,.T.);
#307=FACE_OUTER_BOUND('',#528,.T.);
#308=FACE_OUTER_BOUND('',#529,.T.);
#309=FACE_OUTER_BOUND('',#530,.T.);
#310=FACE_OUTER_BOUND('',#531,.T.);
#311=FACE_OUTER_BOUND('',#532,.T.);
#312=FACE_OUTER_BOUND('',#533,.T.);
#313=FACE_OUTER_BOUND('',#534,.T.);
#314=FACE_OUTER_BOUND('',#535,.T.);
#315=FACE_OUTER_BOUND('',#536,.T.);
#316=FACE_OUTER_BOUND('',#537,.T.);
#317=FACE_OUTER_BOUND('',#538,.T.);
#318=FACE_OUTER_BOUND('',#539,.T.);
#319=FACE_OUTER_BOUND('',#540,.T.);
#320=FACE_OUTER_BOUND('',#541,.T.);
#321=FACE_OUTER_BOUND('',#542,.T.);
#322=FACE_OUTER_BOUND('',#543,.T.);
#323=FACE_OUTER_BOUND('',#544,.T.);
#324=FACE_OUTER_BOUND('',#545,.T.);
#325=FACE_OUTER_BOUND('',#546,.T.);
#326=FACE_OUTER_BOUND('',#547,.T.);
#327=FACE_OUTER_BOUND('',#548,.T.);
#328=FACE_OUTER_BOUND('',#549,.T.);
#329=FACE_OUTER_BOUND('',#550,.T.);
#330=FACE_OUTER_BOUND('',#551,.T.);
#331=FACE_OUTER_BOUND('',#552,.T.);
#332=FACE_OUTER_BOUND('',#553,.T.);
#333=FACE_OUTER_BOUND('',#554,.T.);
#334=FACE_OUTER_BOUND('',#555,.T.);
#335=FACE_OUTER_BOUND('',#556,.T.);
#336=FACE_OUTER_BOUND('',#557,.T.);
#337=FACE_OUTER_BOUND('',#558,.T.);
#338=FACE_OUTER_BOUND('',#559,.T.);
#339=FACE_OUTER_BOUND('',#560,.T.);
#340=FACE_OUTER_BOUND('',#561,.T.);
#341=FACE_OUTER_BOUND('',#562,.T.);
#342=FACE_OUTER_BOUND('',#563,.T.);
#343=FACE_OUTER_BOUND('',#564,.T.);
#344=FACE_OUTER_BOUND('',#565,.T.);
#345=FACE_OUTER_BOUND('',#566,.T.);
#346=FACE_OUTER_BOUND('',#567,.T.);
#347=FACE_OUTER_BOUND('',#568,.T.);
#348=FACE_OUTER_BOUND('',#569,.T.);
#349=FACE_OUTER_BOUND('',#570,.T.);
#350=FACE_OUTER_BOUND('',#571,.T.);
#351=FACE_OUTER_BOUND('',#572,.T.);
#352=FACE_OUTER_BOUND('',#573,.T.);
#353=FACE_OUTER_BOUND('',#574,.T.);
#354=FACE_OUTER_BOUND('',#575,.T.);
#355=FACE_OUTER_BOUND('',#576,.T.);
#356=FACE_OUTER_BOUND('',#577,.T.);
#357=FACE_OUTER_BOUND('',#578,.T.);
#358=FACE_OUTER_BOUND('',#579,.T.);
#359=FACE_OUTER_BOUND('',#580,.T.);
#360=FACE_OUTER_BOUND('',#581,.T.);
#361=FACE_OUTER_BOUND('',#582,.T.);
#362=FACE_OUTER_BOUND('',#583,.T.);
#363=FACE_OUTER_BOUND('',#584,.T.);
#364=FACE_OUTER_BOUND('',#585,.T.);
#365=FACE_OUTER_BOUND('',#586,.T.);
#366=FACE_OUTER_BOUND('',#587,.T.);
#367=FACE_OUTER_BOUND('',#588,.T.);
#368=FACE_OUTER_BOUND('',#589,.T.);
#369=FACE_OUTER_BOUND('',#590,.T.);
#370=FACE_OUTER_BOUND('',#591,.T.);
#371=FACE_OUTER_BOUND('',#592,.T.);
#372=FACE_OUTER_BOUND('',#593,.T.);
#373=FACE_OUTER_BOUND('',#594,.T.);
#374=FACE_OUTER_BOUND('',#595,.T.);
#375=FACE_OUTER_BOUND('',#596,.T.);
#376=FACE_OUTER_BOUND('',#597,.T.);
#377=FACE_OUTER_BOUND('',#598,.T.);
#378=FACE_OUTER_BOUND('',#599,.T.);
#379=FACE_OUTER_BOUND('',#629,.T.);
#380=FACE_OUTER_BOUND('',#630,.T.);
#381=FACE_OUTER_BOUND('',#631,.T.);
#382=FACE_OUTER_BOUND('',#632,.T.);
#383=FACE_OUTER_BOUND('',#633,.T.);
#384=FACE_OUTER_BOUND('',#636,.T.);
#385=FACE_OUTER_BOUND('',#639,.T.);
#386=FACE_OUTER_BOUND('',#640,.T.);
#387=FACE_OUTER_BOUND('',#641,.T.);
#388=FACE_OUTER_BOUND('',#644,.T.);
#389=FACE_OUTER_BOUND('',#645,.T.);
#390=FACE_OUTER_BOUND('',#646,.T.);
#391=FACE_OUTER_BOUND('',#647,.T.);
#392=FACE_OUTER_BOUND('',#648,.T.);
#393=FACE_OUTER_BOUND('',#649,.T.);
#394=FACE_OUTER_BOUND('',#650,.T.);
#395=FACE_OUTER_BOUND('',#651,.T.);
#396=FACE_OUTER_BOUND('',#652,.T.);
#397=FACE_OUTER_BOUND('',#653,.T.);
#398=FACE_OUTER_BOUND('',#654,.T.);
#399=FACE_OUTER_BOUND('',#655,.T.);
#400=FACE_OUTER_BOUND('',#656,.T.);
#401=FACE_OUTER_BOUND('',#657,.T.);
#402=FACE_OUTER_BOUND('',#658,.T.);
#403=FACE_OUTER_BOUND('',#659,.T.);
#404=FACE_OUTER_BOUND('',#660,.T.);
#405=FACE_OUTER_BOUND('',#663,.T.);
#406=FACE_OUTER_BOUND('',#664,.T.);
#407=FACE_OUTER_BOUND('',#665,.T.);
#408=FACE_OUTER_BOUND('',#666,.T.);
#409=FACE_OUTER_BOUND('',#667,.T.);
#410=FACE_OUTER_BOUND('',#668,.T.);
#411=FACE_OUTER_BOUND('',#669,.T.);
#412=FACE_OUTER_BOUND('',#670,.T.);
#413=FACE_OUTER_BOUND('',#671,.T.);
#414=FACE_OUTER_BOUND('',#672,.T.);
#415=FACE_OUTER_BOUND('',#673,.T.);
#416=FACE_OUTER_BOUND('',#674,.T.);
#417=FACE_OUTER_BOUND('',#675,.T.);
#418=FACE_OUTER_BOUND('',#676,.T.);
#419=FACE_OUTER_BOUND('',#677,.T.);
#420=FACE_OUTER_BOUND('',#678,.T.);
#421=FACE_OUTER_BOUND('',#679,.T.);
#422=FACE_OUTER_BOUND('',#680,.T.);
#423=FACE_OUTER_BOUND('',#681,.T.);
#424=FACE_OUTER_BOUND('',#682,.T.);
#425=FACE_OUTER_BOUND('',#683,.T.);
#426=FACE_OUTER_BOUND('',#684,.T.);
#427=FACE_OUTER_BOUND('',#685,.T.);
#428=FACE_OUTER_BOUND('',#686,.T.);
#429=FACE_OUTER_BOUND('',#691,.T.);
#430=FACE_OUTER_BOUND('',#692,.T.);
#431=FACE_OUTER_BOUND('',#697,.T.);
#432=FACE_OUTER_BOUND('',#698,.T.);
#433=FACE_OUTER_BOUND('',#699,.T.);
#434=FACE_OUTER_BOUND('',#700,.T.);
#435=FACE_OUTER_BOUND('',#701,.T.);
#436=FACE_OUTER_BOUND('',#702,.T.);
#437=FACE_OUTER_BOUND('',#703,.T.);
#438=FACE_OUTER_BOUND('',#704,.T.);
#439=FACE_OUTER_BOUND('',#709,.T.);
#440=FACE_OUTER_BOUND('',#710,.T.);
#441=FACE_OUTER_BOUND('',#715,.T.);
#442=FACE_OUTER_BOUND('',#716,.T.);
#443=EDGE_LOOP('',(#2679,#2680,#2681,#2682));
#444=EDGE_LOOP('',(#2683,#2684,#2685,#2686,#2687,#2688,#2689,#2690,#2691,
#2692));
#445=EDGE_LOOP('',(#2693,#2694,#2695,#2696,#2697));
#446=EDGE_LOOP('',(#2698,#2699,#2700,#2701,#2702));
#447=EDGE_LOOP('',(#2703,#2704,#2705));
#448=EDGE_LOOP('',(#2706,#2707,#2708));
#449=EDGE_LOOP('',(#2709,#2710,#2711,#2712));
#450=EDGE_LOOP('',(#2713,#2714,#2715,#2716));
#451=EDGE_LOOP('',(#2717,#2718,#2719,#2720));
#452=EDGE_LOOP('',(#2721,#2722,#2723,#2724));
#453=EDGE_LOOP('',(#2725,#2726,#2727,#2728,#2729));
#454=EDGE_LOOP('',(#2730,#2731,#2732,#2733,#2734));
#455=EDGE_LOOP('',(#2735,#2736,#2737,#2738));
#456=EDGE_LOOP('',(#2739,#2740,#2741,#2742));
#457=EDGE_LOOP('',(#2743,#2744,#2745,#2746));
#458=EDGE_LOOP('',(#2747,#2748,#2749,#2750));
#459=EDGE_LOOP('',(#2751,#2752,#2753,#2754));
#460=EDGE_LOOP('',(#2755,#2756,#2757,#2758,#2759,#2760,#2761,#2762));
#461=EDGE_LOOP('',(#2763,#2764,#2765,#2766,#2767,#2768,#2769,#2770,#2771,
#2772,#2773,#2774,#2775,#2776,#2777,#2778,#2779,#2780,#2781,#2782,#2783,
#2784,#2785,#2786,#2787,#2788,#2789,#2790,#2791,#2792,#2793,#2794,#2795,
#2796,#2797,#2798,#2799,#2800,#2801,#2802,#2803,#2804,#2805,#2806,#2807,
#2808,#2809));
#462=EDGE_LOOP('',(#2810,#2811,#2812,#2813,#2814,#2815,#2816,#2817,#2818,
#2819,#2820,#2821));
#463=EDGE_LOOP('',(#2822));
#464=EDGE_LOOP('',(#2823));
#465=EDGE_LOOP('',(#2824));
#466=EDGE_LOOP('',(#2825));
#467=EDGE_LOOP('',(#2826));
#468=EDGE_LOOP('',(#2827));
#469=EDGE_LOOP('',(#2828));
#470=EDGE_LOOP('',(#2829));
#471=EDGE_LOOP('',(#2830));
#472=EDGE_LOOP('',(#2831));
#473=EDGE_LOOP('',(#2832));
#474=EDGE_LOOP('',(#2833));
#475=EDGE_LOOP('',(#2834));
#476=EDGE_LOOP('',(#2835));
#477=EDGE_LOOP('',(#2836));
#478=EDGE_LOOP('',(#2837));
#479=EDGE_LOOP('',(#2838,#2839,#2840,#2841,#2842,#2843,#2844,#2845,#2846,
#2847,#2848,#2849));
#480=EDGE_LOOP('',(#2850,#2851,#2852));
#481=EDGE_LOOP('',(#2853,#2854,#2855));
#482=EDGE_LOOP('',(#2856,#2857,#2858,#2859,#2860,#2861,#2862,#2863,#2864,
#2865,#2866,#2867,#2868,#2869,#2870,#2871,#2872,#2873,#2874,#2875,#2876,
#2877,#2878,#2879,#2880,#2881,#2882,#2883,#2884,#2885,#2886,#2887));
#483=EDGE_LOOP('',(#2888,#2889,#2890,#2891));
#484=EDGE_LOOP('',(#2892));
#485=EDGE_LOOP('',(#2893));
#486=EDGE_LOOP('',(#2894));
#487=EDGE_LOOP('',(#2895));
#488=EDGE_LOOP('',(#2896,#2897,#2898,#2899));
#489=EDGE_LOOP('',(#2900,#2901,#2902,#2903));
#490=EDGE_LOOP('',(#2904,#2905,#2906,#2907));
#491=EDGE_LOOP('',(#2908,#2909,#2910,#2911));
#492=EDGE_LOOP('',(#2912,#2913,#2914,#2915));
#493=EDGE_LOOP('',(#2916,#2917,#2918,#2919));
#494=EDGE_LOOP('',(#2920,#2921,#2922,#2923));
#495=EDGE_LOOP('',(#2924,#2925,#2926,#2927));
#496=EDGE_LOOP('',(#2928,#2929,#2930,#2931));
#497=EDGE_LOOP('',(#2932,#2933,#2934));
#498=EDGE_LOOP('',(#2935,#2936,#2937));
#499=EDGE_LOOP('',(#2938,#2939,#2940,#2941,#2942,#2943,#2944,#2945,#2946,
#2947,#2948));
#500=EDGE_LOOP('',(#2949,#2950,#2951,#2952,#2953,#2954,#2955,#2956));
#501=EDGE_LOOP('',(#2957,#2958,#2959,#2960,#2961,#2962,#2963,#2964,#2965,
#2966));
#502=EDGE_LOOP('',(#2967,#2968,#2969,#2970,#2971,#2972,#2973,#2974));
#503=EDGE_LOOP('',(#2975,#2976,#2977,#2978));
#504=EDGE_LOOP('',(#2979,#2980,#2981,#2982));
#505=EDGE_LOOP('',(#2983,#2984,#2985,#2986));
#506=EDGE_LOOP('',(#2987,#2988,#2989,#2990,#2991,#2992,#2993,#2994,#2995,
#2996,#2997,#2998,#2999,#3000,#3001,#3002,#3003,#3004,#3005,#3006,#3007,
#3008,#3009,#3010,#3011,#3012,#3013,#3014,#3015,#3016,#3017,#3018));
#507=EDGE_LOOP('',(#3019,#3020,#3021,#3022));
#508=EDGE_LOOP('',(#3023,#3024,#3025,#3026));
#509=EDGE_LOOP('',(#3027));
#510=EDGE_LOOP('',(#3028));
#511=EDGE_LOOP('',(#3029));
#512=EDGE_LOOP('',(#3030));
#513=EDGE_LOOP('',(#3031,#3032,#3033,#3034,#3035,#3036,#3037,#3038,#3039,
#3040));
#514=EDGE_LOOP('',(#3041,#3042,#3043,#3044,#3045,#3046,#3047,#3048,#3049,
#3050,#3051));
#515=EDGE_LOOP('',(#3052,#3053,#3054,#3055));
#516=EDGE_LOOP('',(#3056,#3057,#3058,#3059));
#517=EDGE_LOOP('',(#3060,#3061,#3062,#3063));
#518=EDGE_LOOP('',(#3064,#3065,#3066,#3067,#3068,#3069,#3070,#3071,#3072,
#3073,#3074,#3075,#3076,#3077,#3078,#3079,#3080,#3081,#3082));
#519=EDGE_LOOP('',(#3083));
#520=EDGE_LOOP('',(#3084));
#521=EDGE_LOOP('',(#3085));
#522=EDGE_LOOP('',(#3086));
#523=EDGE_LOOP('',(#3087,#3088,#3089,#3090));
#524=EDGE_LOOP('',(#3091,#3092,#3093,#3094));
#525=EDGE_LOOP('',(#3095,#3096,#3097,#3098));
#526=EDGE_LOOP('',(#3099,#3100,#3101,#3102));
#527=EDGE_LOOP('',(#3103,#3104,#3105,#3106,#3107,#3108,#3109,#3110,#3111,
#3112,#3113));
#528=EDGE_LOOP('',(#3114,#3115,#3116,#3117,#3118,#3119,#3120,#3121));
#529=EDGE_LOOP('',(#3122,#3123,#3124,#3125));
#530=EDGE_LOOP('',(#3126,#3127,#3128,#3129));
#531=EDGE_LOOP('',(#3130,#3131,#3132,#3133));
#532=EDGE_LOOP('',(#3134,#3135,#3136,#3137));
#533=EDGE_LOOP('',(#3138,#3139,#3140,#3141));
#534=EDGE_LOOP('',(#3142,#3143,#3144,#3145));
#535=EDGE_LOOP('',(#3146,#3147,#3148,#3149));
#536=EDGE_LOOP('',(#3150,#3151,#3152,#3153));
#537=EDGE_LOOP('',(#3154,#3155,#3156,#3157));
#538=EDGE_LOOP('',(#3158,#3159,#3160,#3161));
#539=EDGE_LOOP('',(#3162,#3163,#3164,#3165));
#540=EDGE_LOOP('',(#3166,#3167,#3168,#3169));
#541=EDGE_LOOP('',(#3170,#3171,#3172,#3173));
#542=EDGE_LOOP('',(#3174,#3175,#3176,#3177));
#543=EDGE_LOOP('',(#3178,#3179,#3180,#3181));
#544=EDGE_LOOP('',(#3182,#3183,#3184,#3185));
#545=EDGE_LOOP('',(#3186,#3187,#3188,#3189));
#546=EDGE_LOOP('',(#3190,#3191,#3192,#3193));
#547=EDGE_LOOP('',(#3194,#3195,#3196,#3197));
#548=EDGE_LOOP('',(#3198,#3199,#3200,#3201));
#549=EDGE_LOOP('',(#3202,#3203,#3204,#3205));
#550=EDGE_LOOP('',(#3206,#3207,#3208,#3209));
#551=EDGE_LOOP('',(#3210,#3211,#3212,#3213));
#552=EDGE_LOOP('',(#3214,#3215,#3216,#3217));
#553=EDGE_LOOP('',(#3218,#3219,#3220,#3221));
#554=EDGE_LOOP('',(#3222,#3223,#3224,#3225));
#555=EDGE_LOOP('',(#3226,#3227,#3228,#3229));
#556=EDGE_LOOP('',(#3230,#3231,#3232,#3233));
#557=EDGE_LOOP('',(#3234,#3235,#3236,#3237));
#558=EDGE_LOOP('',(#3238,#3239,#3240,#3241,#3242,#3243,#3244,#3245,#3246,
#3247,#3248));
#559=EDGE_LOOP('',(#3249,#3250,#3251,#3252));
#560=EDGE_LOOP('',(#3253,#3254,#3255,#3256));
#561=EDGE_LOOP('',(#3257,#3258,#3259,#3260));
#562=EDGE_LOOP('',(#3261,#3262,#3263,#3264));
#563=EDGE_LOOP('',(#3265,#3266,#3267,#3268));
#564=EDGE_LOOP('',(#3269,#3270,#3271,#3272));
#565=EDGE_LOOP('',(#3273,#3274,#3275,#3276));
#566=EDGE_LOOP('',(#3277,#3278,#3279,#3280,#3281,#3282,#3283,#3284));
#567=EDGE_LOOP('',(#3285,#3286,#3287,#3288));
#568=EDGE_LOOP('',(#3289,#3290,#3291,#3292));
#569=EDGE_LOOP('',(#3293,#3294,#3295,#3296));
#570=EDGE_LOOP('',(#3297,#3298,#3299,#3300));
#571=EDGE_LOOP('',(#3301,#3302,#3303,#3304));
#572=EDGE_LOOP('',(#3305,#3306,#3307,#3308));
#573=EDGE_LOOP('',(#3309,#3310,#3311,#3312));
#574=EDGE_LOOP('',(#3313,#3314,#3315,#3316));
#575=EDGE_LOOP('',(#3317,#3318,#3319,#3320));
#576=EDGE_LOOP('',(#3321,#3322,#3323,#3324));
#577=EDGE_LOOP('',(#3325,#3326,#3327,#3328,#3329,#3330,#3331,#3332));
#578=EDGE_LOOP('',(#3333,#3334,#3335,#3336));
#579=EDGE_LOOP('',(#3337,#3338,#3339,#3340));
#580=EDGE_LOOP('',(#3341,#3342,#3343,#3344));
#581=EDGE_LOOP('',(#3345,#3346,#3347,#3348));
#582=EDGE_LOOP('',(#3349,#3350,#3351,#3352));
#583=EDGE_LOOP('',(#3353,#3354,#3355,#3356,#3357,#3358,#3359,#3360,#3361,
#3362));
#584=EDGE_LOOP('',(#3363,#3364,#3365,#3366));
#585=EDGE_LOOP('',(#3367,#3368,#3369,#3370));
#586=EDGE_LOOP('',(#3371,#3372,#3373,#3374));
#587=EDGE_LOOP('',(#3375,#3376,#3377,#3378));
#588=EDGE_LOOP('',(#3379,#3380,#3381,#3382));
#589=EDGE_LOOP('',(#3383,#3384,#3385,#3386));
#590=EDGE_LOOP('',(#3387,#3388,#3389,#3390));
#591=EDGE_LOOP('',(#3391,#3392,#3393,#3394));
#592=EDGE_LOOP('',(#3395,#3396,#3397,#3398));
#593=EDGE_LOOP('',(#3399,#3400,#3401,#3402));
#594=EDGE_LOOP('',(#3403,#3404,#3405,#3406));
#595=EDGE_LOOP('',(#3407,#3408,#3409,#3410));
#596=EDGE_LOOP('',(#3411,#3412,#3413,#3414,#3415,#3416,#3417,#3418,#3419,
#3420));
#597=EDGE_LOOP('',(#3421,#3422,#3423,#3424,#3425,#3426,#3427,#3428,#3429,
#3430));
#598=EDGE_LOOP('',(#3431,#3432,#3433,#3434));
#599=EDGE_LOOP('',(#3435,#3436,#3437,#3438,#3439,#3440,#3441,#3442,#3443,
#3444,#3445,#3446,#3447,#3448,#3449,#3450));
#600=EDGE_LOOP('',(#3451,#3452,#3453,#3454));
#601=EDGE_LOOP('',(#3455,#3456,#3457,#3458,#3459,#3460,#3461,#3462,#3463,
#3464,#3465,#3466));
#602=EDGE_LOOP('',(#3467));
#603=EDGE_LOOP('',(#3468));
#604=EDGE_LOOP('',(#3469));
#605=EDGE_LOOP('',(#3470));
#606=EDGE_LOOP('',(#3471));
#607=EDGE_LOOP('',(#3472));
#608=EDGE_LOOP('',(#3473));
#609=EDGE_LOOP('',(#3474));
#610=EDGE_LOOP('',(#3475,#3476,#3477,#3478));
#611=EDGE_LOOP('',(#3479));
#612=EDGE_LOOP('',(#3480));
#613=EDGE_LOOP('',(#3481,#3482,#3483,#3484));
#614=EDGE_LOOP('',(#3485));
#615=EDGE_LOOP('',(#3486,#3487,#3488,#3489));
#616=EDGE_LOOP('',(#3490));
#617=EDGE_LOOP('',(#3491,#3492,#3493,#3494));
#618=EDGE_LOOP('',(#3495));
#619=EDGE_LOOP('',(#3496));
#620=EDGE_LOOP('',(#3497));
#621=EDGE_LOOP('',(#3498));
#622=EDGE_LOOP('',(#3499));
#623=EDGE_LOOP('',(#3500));
#624=EDGE_LOOP('',(#3501,#3502,#3503,#3504));
#625=EDGE_LOOP('',(#3505));
#626=EDGE_LOOP('',(#3506));
#627=EDGE_LOOP('',(#3507,#3508,#3509,#3510));
#628=EDGE_LOOP('',(#3511,#3512,#3513,#3514));
#629=EDGE_LOOP('',(#3515,#3516,#3517,#3518));
#630=EDGE_LOOP('',(#3519,#3520,#3521,#3522));
#631=EDGE_LOOP('',(#3523,#3524,#3525,#3526));
#632=EDGE_LOOP('',(#3527,#3528,#3529,#3530));
#633=EDGE_LOOP('',(#3531,#3532,#3533,#3534,#3535,#3536,#3537,#3538,#3539,
#3540));
#634=EDGE_LOOP('',(#3541,#3542,#3543,#3544,#3545,#3546,#3547,#3548,#3549));
#635=EDGE_LOOP('',(#3550));
#636=EDGE_LOOP('',(#3551,#3552,#3553,#3554,#3555,#3556,#3557,#3558,#3559,
#3560));
#637=EDGE_LOOP('',(#3561,#3562,#3563,#3564,#3565,#3566,#3567,#3568,#3569));
#638=EDGE_LOOP('',(#3570));
#639=EDGE_LOOP('',(#3571,#3572,#3573,#3574,#3575,#3576,#3577,#3578));
#640=EDGE_LOOP('',(#3579,#3580,#3581,#3582));
#641=EDGE_LOOP('',(#3583,#3584,#3585,#3586,#3587,#3588,#3589,#3590,#3591,
#3592));
#642=EDGE_LOOP('',(#3593));
#643=EDGE_LOOP('',(#3594,#3595,#3596,#3597,#3598,#3599,#3600,#3601,#3602));
#644=EDGE_LOOP('',(#3603,#3604,#3605,#3606));
#645=EDGE_LOOP('',(#3607,#3608,#3609,#3610));
#646=EDGE_LOOP('',(#3611,#3612,#3613,#3614));
#647=EDGE_LOOP('',(#3615,#3616,#3617,#3618));
#648=EDGE_LOOP('',(#3619,#3620,#3621,#3622));
#649=EDGE_LOOP('',(#3623,#3624,#3625,#3626));
#650=EDGE_LOOP('',(#3627,#3628,#3629,#3630));
#651=EDGE_LOOP('',(#3631,#3632,#3633,#3634));
#652=EDGE_LOOP('',(#3635,#3636,#3637,#3638));
#653=EDGE_LOOP('',(#3639,#3640,#3641,#3642));
#654=EDGE_LOOP('',(#3643,#3644,#3645,#3646));
#655=EDGE_LOOP('',(#3647,#3648,#3649,#3650));
#656=EDGE_LOOP('',(#3651,#3652,#3653,#3654));
#657=EDGE_LOOP('',(#3655,#3656,#3657,#3658));
#658=EDGE_LOOP('',(#3659,#3660,#3661,#3662));
#659=EDGE_LOOP('',(#3663,#3664,#3665,#3666));
#660=EDGE_LOOP('',(#3667,#3668,#3669,#3670,#3671,#3672,#3673,#3674,#3675,
#3676));
#661=EDGE_LOOP('',(#3677));
#662=EDGE_LOOP('',(#3678,#3679,#3680,#3681,#3682,#3683,#3684,#3685,#3686));
#663=EDGE_LOOP('',(#3687,#3688,#3689,#3690));
#664=EDGE_LOOP('',(#3691,#3692,#3693,#3694));
#665=EDGE_LOOP('',(#3695,#3696,#3697,#3698));
#666=EDGE_LOOP('',(#3699,#3700,#3701,#3702));
#667=EDGE_LOOP('',(#3703,#3704,#3705,#3706));
#668=EDGE_LOOP('',(#3707,#3708,#3709,#3710));
#669=EDGE_LOOP('',(#3711,#3712,#3713,#3714));
#670=EDGE_LOOP('',(#3715,#3716,#3717,#3718));
#671=EDGE_LOOP('',(#3719,#3720,#3721,#3722));
#672=EDGE_LOOP('',(#3723,#3724,#3725,#3726));
#673=EDGE_LOOP('',(#3727,#3728,#3729,#3730));
#674=EDGE_LOOP('',(#3731,#3732,#3733,#3734));
#675=EDGE_LOOP('',(#3735,#3736,#3737,#3738));
#676=EDGE_LOOP('',(#3739,#3740,#3741,#3742));
#677=EDGE_LOOP('',(#3743,#3744,#3745,#3746));
#678=EDGE_LOOP('',(#3747,#3748,#3749,#3750));
#679=EDGE_LOOP('',(#3751,#3752,#3753,#3754));
#680=EDGE_LOOP('',(#3755,#3756,#3757,#3758,#3759,#3760,#3761,#3762));
#681=EDGE_LOOP('',(#3763,#3764,#3765,#3766));
#682=EDGE_LOOP('',(#3767,#3768,#3769,#3770));
#683=EDGE_LOOP('',(#3771,#3772,#3773,#3774));
#684=EDGE_LOOP('',(#3775,#3776,#3777,#3778));
#685=EDGE_LOOP('',(#3779,#3780,#3781,#3782));
#686=EDGE_LOOP('',(#3783,#3784,#3785,#3786));
#687=EDGE_LOOP('',(#3787));
#688=EDGE_LOOP('',(#3788));
#689=EDGE_LOOP('',(#3789));
#690=EDGE_LOOP('',(#3790));
#691=EDGE_LOOP('',(#3791,#3792,#3793,#3794));
#692=EDGE_LOOP('',(#3795,#3796,#3797,#3798));
#693=EDGE_LOOP('',(#3799));
#694=EDGE_LOOP('',(#3800));
#695=EDGE_LOOP('',(#3801));
#696=EDGE_LOOP('',(#3802));
#697=EDGE_LOOP('',(#3803,#3804,#3805,#3806));
#698=EDGE_LOOP('',(#3807,#3808,#3809,#3810));
#699=EDGE_LOOP('',(#3811,#3812,#3813,#3814));
#700=EDGE_LOOP('',(#3815,#3816,#3817,#3818));
#701=EDGE_LOOP('',(#3819,#3820,#3821,#3822));
#702=EDGE_LOOP('',(#3823,#3824,#3825,#3826));
#703=EDGE_LOOP('',(#3827,#3828,#3829,#3830));
#704=EDGE_LOOP('',(#3831,#3832,#3833,#3834));
#705=EDGE_LOOP('',(#3835));
#706=EDGE_LOOP('',(#3836));
#707=EDGE_LOOP('',(#3837));
#708=EDGE_LOOP('',(#3838));
#709=EDGE_LOOP('',(#3839,#3840,#3841,#3842));
#710=EDGE_LOOP('',(#3843,#3844,#3845,#3846));
#711=EDGE_LOOP('',(#3847));
#712=EDGE_LOOP('',(#3848));
#713=EDGE_LOOP('',(#3849));
#714=EDGE_LOOP('',(#3850));
#715=EDGE_LOOP('',(#3851,#3852,#3853,#3854));
#716=EDGE_LOOP('',(#3855,#3856,#3857,#3858));
#717=LINE('',#5549,#1207);
#718=LINE('',#5551,#1208);
#719=LINE('',#5553,#1209);
#720=LINE('',#5554,#1210);
#721=LINE('',#5557,#1211);
#722=LINE('',#5559,#1212);
#723=LINE('',#5561,#1213);
#724=LINE('',#5563,#1214);
#725=LINE('',#5565,#1215);
#726=LINE('',#5567,#1216);
#727=LINE('',#5569,#1217);
#728=LINE('',#5571,#1218);
#729=LINE('',#5572,#1219);
#730=LINE('',#5576,#1220);
#731=LINE('',#5578,#1221);
#732=LINE('',#5580,#1222);
#733=LINE('',#5582,#1223);
#734=LINE('',#5583,#1224);
#735=LINE('',#5587,#1225);
#736=LINE('',#5589,#1226);
#737=LINE('',#5591,#1227);
#738=LINE('',#5593,#1228);
#739=LINE('',#5594,#1229);
#740=LINE('',#5597,#1230);
#741=LINE('',#5598,#1231);
#742=LINE('',#5601,#1232);
#743=LINE('',#5602,#1233);
#744=LINE('',#5605,#1234);
#745=LINE('',#5606,#1235);
#746=LINE('',#5609,#1236);
#747=LINE('',#5611,#1237);
#748=LINE('',#5612,#1238);
#749=LINE('',#5615,#1239);
#750=LINE('',#5617,#1240);
#751=LINE('',#5618,#1241);
#752=LINE('',#5621,#1242);
#753=LINE('',#5622,#1243);
#754=LINE('',#5626,#1244);
#755=LINE('',#5628,#1245);
#756=LINE('',#5630,#1246);
#757=LINE('',#5632,#1247);
#758=LINE('',#5633,#1248);
#759=LINE('',#5637,#1249);
#760=LINE('',#5639,#1250);
#761=LINE('',#5641,#1251);
#762=LINE('',#5643,#1252);
#763=LINE('',#5644,#1253);
#764=LINE('',#5647,#1254);
#765=LINE('',#5649,#1255);
#766=LINE('',#5650,#1256);
#767=LINE('',#5653,#1257);
#768=LINE('',#5655,#1258);
#769=LINE('',#5656,#1259);
#770=LINE('',#5659,#1260);
#771=LINE('',#5661,#1261);
#772=LINE('',#5662,#1262);
#773=LINE('',#5665,#1263);
#774=LINE('',#5667,#1264);
#775=LINE('',#5668,#1265);
#776=LINE('',#5672,#1266);
#777=LINE('',#5674,#1267);
#778=LINE('',#5676,#1268);
#779=LINE('',#5677,#1269);
#780=LINE('',#5680,#1270);
#781=LINE('',#5682,#1271);
#782=LINE('',#5684,#1272);
#783=LINE('',#5686,#1273);
#784=LINE('',#5688,#1274);
#785=LINE('',#5690,#1275);
#786=LINE('',#5691,#1276);
#787=LINE('',#5694,#1277);
#788=LINE('',#5696,#1278);
#789=LINE('',#5698,#1279);
#790=LINE('',#5700,#1280);
#791=LINE('',#5702,#1281);
#792=LINE('',#5704,#1282);
#793=LINE('',#5706,#1283);
#794=LINE('',#5708,#1284);
#795=LINE('',#5710,#1285);
#796=LINE('',#5712,#1286);
#797=LINE('',#5714,#1287);
#798=LINE('',#5716,#1288);
#799=LINE('',#5718,#1289);
#800=LINE('',#5720,#1290);
#801=LINE('',#5722,#1291);
#802=LINE('',#5723,#1292);
#803=LINE('',#5725,#1293);
#804=LINE('',#5726,#1294);
#805=LINE('',#5728,#1295);
#806=LINE('',#5730,#1296);
#807=LINE('',#5732,#1297);
#808=LINE('',#5734,#1298);
#809=LINE('',#5736,#1299);
#810=LINE('',#5738,#1300);
#811=LINE('',#5740,#1301);
#812=LINE('',#5742,#1302);
#813=LINE('',#5744,#1303);
#814=LINE('',#5746,#1304);
#815=LINE('',#5747,#1305);
#816=LINE('',#5749,#1306);
#817=LINE('',#5751,#1307);
#818=LINE('',#5753,#1308);
#819=LINE('',#5755,#1309);
#820=LINE('',#5757,#1310);
#821=LINE('',#5759,#1311);
#822=LINE('',#5761,#1312);
#823=LINE('',#5763,#1313);
#824=LINE('',#5765,#1314);
#825=LINE('',#5766,#1315);
#826=LINE('',#5768,#1316);
#827=LINE('',#5770,#1317);
#828=LINE('',#5772,#1318);
#829=LINE('',#5774,#1319);
#830=LINE('',#5776,#1320);
#831=LINE('',#5777,#1321);
#832=LINE('',#5779,#1322);
#833=LINE('',#5781,#1323);
#834=LINE('',#5782,#1324);
#835=LINE('',#5816,#1325);
#836=LINE('',#5818,#1326);
#837=LINE('',#5820,#1327);
#838=LINE('',#5822,#1328);
#839=LINE('',#5824,#1329);
#840=LINE('',#5825,#1330);
#841=LINE('',#5827,#1331);
#842=LINE('',#5829,#1332);
#843=LINE('',#5830,#1333);
#844=LINE('',#5832,#1334);
#845=LINE('',#5834,#1335);
#846=LINE('',#5837,#1336);
#847=LINE('',#5839,#1337);
#848=LINE('',#5841,#1338);
#849=LINE('',#5842,#1339);
#850=LINE('',#5844,#1340);
#851=LINE('',#5846,#1341);
#852=LINE('',#5848,#1342);
#853=LINE('',#5849,#1343);
#854=LINE('',#5851,#1344);
#855=LINE('',#5853,#1345);
#856=LINE('',#5854,#1346);
#857=LINE('',#5856,#1347);
#858=LINE('',#5858,#1348);
#859=LINE('',#5860,#1349);
#860=LINE('',#5861,#1350);
#861=LINE('',#5863,#1351);
#862=LINE('',#5865,#1352);
#863=LINE('',#5866,#1353);
#864=LINE('',#5868,#1354);
#865=LINE('',#5869,#1355);
#866=LINE('',#5880,#1356);
#867=LINE('',#5881,#1357);
#868=LINE('',#5884,#1358);
#869=LINE('',#5886,#1359);
#870=LINE('',#5887,#1360);
#871=LINE('',#5890,#1361);
#872=LINE('',#5891,#1362);
#873=LINE('',#5893,#1363);
#874=LINE('',#5897,#1364);
#875=LINE('',#5899,#1365);
#876=LINE('',#5901,#1366);
#877=LINE('',#5902,#1367);
#878=LINE('',#5905,#1368);
#879=LINE('',#5906,#1369);
#880=LINE('',#5909,#1370);
#881=LINE('',#5911,#1371);
#882=LINE('',#5912,#1372);
#883=LINE('',#5916,#1373);
#884=LINE('',#5918,#1374);
#885=LINE('',#5920,#1375);
#886=LINE('',#5921,#1376);
#887=LINE('',#5924,#1377);
#888=LINE('',#5926,#1378);
#889=LINE('',#5927,#1379);
#890=LINE('',#5930,#1380);
#891=LINE('',#5931,#1381);
#892=LINE('',#5934,#1382);
#893=LINE('',#5935,#1383);
#894=LINE('',#5938,#1384);
#895=LINE('',#5940,#1385);
#896=LINE('',#5942,#1386);
#897=LINE('',#5944,#1387);
#898=LINE('',#5946,#1388);
#899=LINE('',#5947,#1389);
#900=LINE('',#5950,#1390);
#901=LINE('',#5952,#1391);
#902=LINE('',#5954,#1392);
#903=LINE('',#5956,#1393);
#904=LINE('',#5958,#1394);
#905=LINE('',#5959,#1395);
#906=LINE('',#5962,#1396);
#907=LINE('',#5964,#1397);
#908=LINE('',#5966,#1398);
#909=LINE('',#5968,#1399);
#910=LINE('',#5970,#1400);
#911=LINE('',#5971,#1401);
#912=LINE('',#5974,#1402);
#913=LINE('',#5976,#1403);
#914=LINE('',#5978,#1404);
#915=LINE('',#5980,#1405);
#916=LINE('',#5982,#1406);
#917=LINE('',#5983,#1407);
#918=LINE('',#5986,#1408);
#919=LINE('',#5987,#1409);
#920=LINE('',#5990,#1410);
#921=LINE('',#5991,#1411);
#922=LINE('',#5994,#1412);
#923=LINE('',#5996,#1413);
#924=LINE('',#5997,#1414);
#925=LINE('',#6000,#1415);
#926=LINE('',#6002,#1416);
#927=LINE('',#6003,#1417);
#928=LINE('',#6005,#1418);
#929=LINE('',#6007,#1419);
#930=LINE('',#6008,#1420);
#931=LINE('',#6009,#1421);
#932=LINE('',#6011,#1422);
#933=LINE('',#6013,#1423);
#934=LINE('',#6014,#1424);
#935=LINE('',#6015,#1425);
#936=LINE('',#6017,#1426);
#937=LINE('',#6018,#1427);
#938=LINE('',#6020,#1428);
#939=LINE('',#6022,#1429);
#940=LINE('',#6023,#1430);
#941=LINE('',#6026,#1431);
#942=LINE('',#6028,#1432);
#943=LINE('',#6030,#1433);
#944=LINE('',#6031,#1434);
#945=LINE('',#6034,#1435);
#946=LINE('',#6036,#1436);
#947=LINE('',#6038,#1437);
#948=LINE('',#6039,#1438);
#949=LINE('',#6050,#1439);
#950=LINE('',#6052,#1440);
#951=LINE('',#6053,#1441);
#952=LINE('',#6054,#1442);
#953=LINE('',#6057,#1443);
#954=LINE('',#6059,#1444);
#955=LINE('',#6060,#1445);
#956=LINE('',#6061,#1446);
#957=LINE('',#6063,#1447);
#958=LINE('',#6065,#1448);
#959=LINE('',#6069,#1449);
#960=LINE('',#6070,#1450);
#961=LINE('',#6071,#1451);
#962=LINE('',#6074,#1452);
#963=LINE('',#6076,#1453);
#964=LINE('',#6077,#1454);
#965=LINE('',#6079,#1455);
#966=LINE('',#6080,#1456);
#967=LINE('',#6081,#1457);
#968=LINE('',#6083,#1458);
#969=LINE('',#6085,#1459);
#970=LINE('',#6087,#1460);
#971=LINE('',#6089,#1461);
#972=LINE('',#6091,#1462);
#973=LINE('',#6093,#1463);
#974=LINE('',#6094,#1464);
#975=LINE('',#6104,#1465);
#976=LINE('',#6107,#1466);
#977=LINE('',#6108,#1467);
#978=LINE('',#6110,#1468);
#979=LINE('',#6113,#1469);
#980=LINE('',#6115,#1470);
#981=LINE('',#6116,#1471);
#982=LINE('',#6119,#1472);
#983=LINE('',#6120,#1473);
#984=LINE('',#6123,#1474);
#985=LINE('',#6125,#1475);
#986=LINE('',#6126,#1476);
#987=LINE('',#6128,#1477);
#988=LINE('',#6131,#1478);
#989=LINE('',#6133,#1479);
#990=LINE('',#6134,#1480);
#991=LINE('',#6137,#1481);
#992=LINE('',#6138,#1482);
#993=LINE('',#6141,#1483);
#994=LINE('',#6142,#1484);
#995=LINE('',#6145,#1485);
#996=LINE('',#6146,#1486);
#997=LINE('',#6148,#1487);
#998=LINE('',#6150,#1488);
#999=LINE('',#6153,#1489);
#1000=LINE('',#6157,#1490);
#1001=LINE('',#6161,#1491);
#1002=LINE('',#6165,#1492);
#1003=LINE('',#6170,#1493);
#1004=LINE('',#6171,#1494);
#1005=LINE('',#6172,#1495);
#1006=LINE('',#6174,#1496);
#1007=LINE('',#6176,#1497);
#1008=LINE('',#6179,#1498);
#1009=LINE('',#6183,#1499);
#1010=LINE('',#6187,#1500);
#1011=LINE('',#6191,#1501);
#1012=LINE('',#6195,#1502);
#1013=LINE('',#6196,#1503);
#1014=LINE('',#6199,#1504);
#1015=LINE('',#6200,#1505);
#1016=LINE('',#6202,#1506);
#1017=LINE('',#6205,#1507);
#1018=LINE('',#6209,#1508);
#1019=LINE('',#6213,#1509);
#1020=LINE('',#6214,#1510);
#1021=LINE('',#6217,#1511);
#1022=LINE('',#6218,#1512);
#1023=LINE('',#6220,#1513);
#1024=LINE('',#6223,#1514);
#1025=LINE('',#6228,#1515);
#1026=LINE('',#6229,#1516);
#1027=LINE('',#6230,#1517);
#1028=LINE('',#6233,#1518);
#1029=LINE('',#6234,#1519);
#1030=LINE('',#6237,#1520);
#1031=LINE('',#6238,#1521);
#1032=LINE('',#6240,#1522);
#1033=LINE('',#6243,#1523);
#1034=LINE('',#6247,#1524);
#1035=LINE('',#6248,#1525);
#1036=LINE('',#6251,#1526);
#1037=LINE('',#6252,#1527);
#1038=LINE('',#6254,#1528);
#1039=LINE('',#6256,#1529);
#1040=LINE('',#6259,#1530);
#1041=LINE('',#6260,#1531);
#1042=LINE('',#6263,#1532);
#1043=LINE('',#6264,#1533);
#1044=LINE('',#6266,#1534);
#1045=LINE('',#6269,#1535);
#1046=LINE('',#6273,#1536);
#1047=LINE('',#6277,#1537);
#1048=LINE('',#6281,#1538);
#1049=LINE('',#6285,#1539);
#1050=LINE('',#6289,#1540);
#1051=LINE('',#6294,#1541);
#1052=LINE('',#6295,#1542);
#1053=LINE('',#6296,#1543);
#1054=LINE('',#6299,#1544);
#1055=LINE('',#6300,#1545);
#1056=LINE('',#6303,#1546);
#1057=LINE('',#6304,#1547);
#1058=LINE('',#6306,#1548);
#1059=LINE('',#6309,#1549);
#1060=LINE('',#6313,#1550);
#1061=LINE('',#6318,#1551);
#1062=LINE('',#6319,#1552);
#1063=LINE('',#6320,#1553);
#1064=LINE('',#6323,#1554);
#1065=LINE('',#6324,#1555);
#1066=LINE('',#6327,#1556);
#1067=LINE('',#6328,#1557);
#1068=LINE('',#6330,#1558);
#1069=LINE('',#6333,#1559);
#1070=LINE('',#6334,#1560);
#1071=LINE('',#6337,#1561);
#1072=LINE('',#6338,#1562);
#1073=LINE('',#6341,#1563);
#1074=LINE('',#6342,#1564);
#1075=LINE('',#6345,#1565);
#1076=LINE('',#6346,#1566);
#1077=LINE('',#6349,#1567);
#1078=LINE('',#6350,#1568);
#1079=LINE('',#6353,#1569);
#1080=LINE('',#6354,#1570);
#1081=LINE('',#6357,#1571);
#1082=LINE('',#6358,#1572);
#1083=LINE('',#6361,#1573);
#1084=LINE('',#6362,#1574);
#1085=LINE('',#6364,#1575);
#1086=LINE('',#6367,#1576);
#1087=LINE('',#6368,#1577);
#1088=LINE('',#6371,#1578);
#1089=LINE('',#6372,#1579);
#1090=LINE('',#6375,#1580);
#1091=LINE('',#6376,#1581);
#1092=LINE('',#6379,#1582);
#1093=LINE('',#6380,#1583);
#1094=LINE('',#6382,#1584);
#1095=LINE('',#6385,#1585);
#1096=LINE('',#6387,#1586);
#1097=LINE('',#6389,#1587);
#1098=LINE('',#6391,#1588);
#1099=LINE('',#6394,#1589);
#1100=LINE('',#6396,#1590);
#1101=LINE('',#6398,#1591);
#1102=LINE('',#6400,#1592);
#1103=LINE('',#6402,#1593);
#1104=LINE('',#6404,#1594);
#1105=LINE('',#6406,#1595);
#1106=LINE('',#6409,#1596);
#1107=LINE('',#6416,#1597);
#1108=LINE('',#6424,#1598);
#1109=LINE('',#6432,#1599);
#1110=LINE('',#6436,#1600);
#1111=LINE('',#6438,#1601);
#1112=LINE('',#6440,#1602);
#1113=LINE('',#6442,#1603);
#1114=LINE('',#6444,#1604);
#1115=LINE('',#6446,#1605);
#1116=LINE('',#6447,#1606);
#1117=LINE('',#6456,#1607);
#1118=LINE('',#6464,#1608);
#1119=LINE('',#6470,#1609);
#1120=LINE('',#6472,#1610);
#1121=LINE('',#6473,#1611);
#1122=LINE('',#6474,#1612);
#1123=LINE('',#6477,#1613);
#1124=LINE('',#6478,#1614);
#1125=LINE('',#6481,#1615);
#1126=LINE('',#6483,#1616);
#1127=LINE('',#6487,#1617);
#1128=LINE('',#6489,#1618);
#1129=LINE('',#6491,#1619);
#1130=LINE('',#6493,#1620);
#1131=LINE('',#6494,#1621);
#1132=LINE('',#6505,#1622);
#1133=LINE('',#6513,#1623);
#1134=LINE('',#6516,#1624);
#1135=LINE('',#6517,#1625);
#1136=LINE('',#6519,#1626);
#1137=LINE('',#6521,#1627);
#1138=LINE('',#6523,#1628);
#1139=LINE('',#6525,#1629);
#1140=LINE('',#6527,#1630);
#1141=LINE('',#6529,#1631);
#1142=LINE('',#6531,#1632);
#1143=LINE('',#6534,#1633);
#1144=LINE('',#6536,#1634);
#1145=LINE('',#6537,#1635);
#1146=LINE('',#6539,#1636);
#1147=LINE('',#6541,#1637);
#1148=LINE('',#6543,#1638);
#1149=LINE('',#6545,#1639);
#1150=LINE('',#6548,#1640);
#1151=LINE('',#6549,#1641);
#1152=LINE('',#6552,#1642);
#1153=LINE('',#6554,#1643);
#1154=LINE('',#6556,#1644);
#1155=LINE('',#6558,#1645);
#1156=LINE('',#6560,#1646);
#1157=LINE('',#6570,#1647);
#1158=LINE('',#6578,#1648);
#1159=LINE('',#6583,#1649);
#1160=LINE('',#6584,#1650);
#1161=LINE('',#6586,#1651);
#1162=LINE('',#6588,#1652);
#1163=LINE('',#6590,#1653);
#1164=LINE('',#6592,#1654);
#1165=LINE('',#6594,#1655);
#1166=LINE('',#6596,#1656);
#1167=LINE('',#6598,#1657);
#1168=LINE('',#6601,#1658);
#1169=LINE('',#6603,#1659);
#1170=LINE('',#6604,#1660);
#1171=LINE('',#6606,#1661);
#1172=LINE('',#6608,#1662);
#1173=LINE('',#6610,#1663);
#1174=LINE('',#6614,#1664);
#1175=LINE('',#6620,#1665);
#1176=LINE('',#6626,#1666);
#1177=LINE('',#6632,#1667);
#1178=LINE('',#6638,#1668);
#1179=LINE('',#6643,#1669);
#1180=LINE('',#6645,#1670);
#1181=LINE('',#6647,#1671);
#1182=LINE('',#6648,#1672);
#1183=LINE('',#6651,#1673);
#1184=LINE('',#6653,#1674);
#1185=LINE('',#6654,#1675);
#1186=LINE('',#6657,#1676);
#1187=LINE('',#6659,#1677);
#1188=LINE('',#6660,#1678);
#1189=LINE('',#6662,#1679);
#1190=LINE('',#6663,#1680);
#1191=LINE('',#6670,#1681);
#1192=LINE('',#6676,#1682);
#1193=LINE('',#6682,#1683);
#1194=LINE('',#6688,#1684);
#1195=LINE('',#6693,#1685);
#1196=LINE('',#6695,#1686);
#1197=LINE('',#6697,#1687);
#1198=LINE('',#6698,#1688);
#1199=LINE('',#6701,#1689);
#1200=LINE('',#6703,#1690);
#1201=LINE('',#6704,#1691);
#1202=LINE('',#6707,#1692);
#1203=LINE('',#6709,#1693);
#1204=LINE('',#6710,#1694);
#1205=LINE('',#6712,#1695);
#1206=LINE('',#6713,#1696);
#1207=VECTOR('',#4481,10.);
#1208=VECTOR('',#4482,10.);
#1209=VECTOR('',#4483,10.);
#1210=VECTOR('',#4484,10.);
#1211=VECTOR('',#4487,10.);
#1212=VECTOR('',#4488,10.);
#1213=VECTOR('',#4489,10.);
#1214=VECTOR('',#4490,10.);
#1215=VECTOR('',#4491,10.);
#1216=VECTOR('',#4492,10.);
#1217=VECTOR('',#4493,10.);
#1218=VECTOR('',#4494,10.);
#1219=VECTOR('',#4495,10.);
#1220=VECTOR('',#4498,10.);
#1221=VECTOR('',#4499,10.);
#1222=VECTOR('',#4500,10.);
#1223=VECTOR('',#4501,10.);
#1224=VECTOR('',#4502,10.);
#1225=VECTOR('',#4505,10.);
#1226=VECTOR('',#4506,10.);
#1227=VECTOR('',#4507,10.);
#1228=VECTOR('',#4508,10.);
#1229=VECTOR('',#4509,10.);
#1230=VECTOR('',#4512,10.);
#1231=VECTOR('',#4513,10.);
#1232=VECTOR('',#4516,10.);
#1233=VECTOR('',#4517,10.);
#1234=VECTOR('',#4520,10.);
#1235=VECTOR('',#4521,10.);
#1236=VECTOR('',#4524,10.);
#1237=VECTOR('',#4525,10.);
#1238=VECTOR('',#4526,10.);
#1239=VECTOR('',#4529,10.);
#1240=VECTOR('',#4530,10.);
#1241=VECTOR('',#4531,10.);
#1242=VECTOR('',#4534,10.);
#1243=VECTOR('',#4535,10.);
#1244=VECTOR('',#4538,10.);
#1245=VECTOR('',#4539,10.);
#1246=VECTOR('',#4540,10.);
#1247=VECTOR('',#4541,10.);
#1248=VECTOR('',#4542,10.);
#1249=VECTOR('',#4545,10.);
#1250=VECTOR('',#4546,10.);
#1251=VECTOR('',#4547,10.);
#1252=VECTOR('',#4548,10.);
#1253=VECTOR('',#4549,10.);
#1254=VECTOR('',#4552,10.);
#1255=VECTOR('',#4553,10.);
#1256=VECTOR('',#4554,10.);
#1257=VECTOR('',#4557,10.);
#1258=VECTOR('',#4558,10.);
#1259=VECTOR('',#4559,10.);
#1260=VECTOR('',#4562,10.);
#1261=VECTOR('',#4563,10.);
#1262=VECTOR('',#4564,10.);
#1263=VECTOR('',#4567,10.);
#1264=VECTOR('',#4568,10.);
#1265=VECTOR('',#4569,10.);
#1266=VECTOR('',#4572,10.);
#1267=VECTOR('',#4573,10.);
#1268=VECTOR('',#4574,10.);
#1269=VECTOR('',#4575,10.);
#1270=VECTOR('',#4578,10.);
#1271=VECTOR('',#4579,10.);
#1272=VECTOR('',#4580,10.);
#1273=VECTOR('',#4581,10.);
#1274=VECTOR('',#4582,10.);
#1275=VECTOR('',#4583,10.);
#1276=VECTOR('',#4584,10.);
#1277=VECTOR('',#4587,10.);
#1278=VECTOR('',#4588,10.);
#1279=VECTOR('',#4589,10.);
#1280=VECTOR('',#4590,10.);
#1281=VECTOR('',#4591,10.);
#1282=VECTOR('',#4592,10.);
#1283=VECTOR('',#4593,10.);
#1284=VECTOR('',#4594,10.);
#1285=VECTOR('',#4595,10.);
#1286=VECTOR('',#4596,10.);
#1287=VECTOR('',#4597,10.);
#1288=VECTOR('',#4598,10.);
#1289=VECTOR('',#4599,10.);
#1290=VECTOR('',#4600,10.);
#1291=VECTOR('',#4601,10.);
#1292=VECTOR('',#4602,10.);
#1293=VECTOR('',#4603,10.);
#1294=VECTOR('',#4604,10.);
#1295=VECTOR('',#4605,10.);
#1296=VECTOR('',#4606,10.);
#1297=VECTOR('',#4607,10.);
#1298=VECTOR('',#4608,10.);
#1299=VECTOR('',#4609,10.);
#1300=VECTOR('',#4610,10.);
#1301=VECTOR('',#4611,10.);
#1302=VECTOR('',#4612,10.);
#1303=VECTOR('',#4613,10.);
#1304=VECTOR('',#4614,10.);
#1305=VECTOR('',#4615,10.);
#1306=VECTOR('',#4616,10.);
#1307=VECTOR('',#4617,10.);
#1308=VECTOR('',#4618,10.);
#1309=VECTOR('',#4619,10.);
#1310=VECTOR('',#4620,10.);
#1311=VECTOR('',#4621,10.);
#1312=VECTOR('',#4622,10.);
#1313=VECTOR('',#4623,10.);
#1314=VECTOR('',#4624,10.);
#1315=VECTOR('',#4625,10.);
#1316=VECTOR('',#4626,10.);
#1317=VECTOR('',#4627,10.);
#1318=VECTOR('',#4628,10.);
#1319=VECTOR('',#4629,10.);
#1320=VECTOR('',#4630,10.);
#1321=VECTOR('',#4631,10.);
#1322=VECTOR('',#4632,10.);
#1323=VECTOR('',#4633,10.);
#1324=VECTOR('',#4634,10.);
#1325=VECTOR('',#4667,10.);
#1326=VECTOR('',#4668,10.);
#1327=VECTOR('',#4669,10.);
#1328=VECTOR('',#4670,10.);
#1329=VECTOR('',#4671,10.);
#1330=VECTOR('',#4672,10.);
#1331=VECTOR('',#4673,10.);
#1332=VECTOR('',#4674,10.);
#1333=VECTOR('',#4675,10.);
#1334=VECTOR('',#4678,10.);
#1335=VECTOR('',#4681,10.);
#1336=VECTOR('',#4684,10.);
#1337=VECTOR('',#4685,10.);
#1338=VECTOR('',#4686,10.);
#1339=VECTOR('',#4687,10.);
#1340=VECTOR('',#4688,10.);
#1341=VECTOR('',#4689,10.);
#1342=VECTOR('',#4690,10.);
#1343=VECTOR('',#4691,10.);
#1344=VECTOR('',#4692,10.);
#1345=VECTOR('',#4693,10.);
#1346=VECTOR('',#4694,10.);
#1347=VECTOR('',#4695,10.);
#1348=VECTOR('',#4696,10.);
#1349=VECTOR('',#4697,10.);
#1350=VECTOR('',#4698,10.);
#1351=VECTOR('',#4699,10.);
#1352=VECTOR('',#4700,10.);
#1353=VECTOR('',#4701,10.);
#1354=VECTOR('',#4702,10.);
#1355=VECTOR('',#4703,10.);
#1356=VECTOR('',#4714,10.);
#1357=VECTOR('',#4715,10.);
#1358=VECTOR('',#4718,10.);
#1359=VECTOR('',#4719,10.);
#1360=VECTOR('',#4720,10.);
#1361=VECTOR('',#4723,10.);
#1362=VECTOR('',#4724,10.);
#1363=VECTOR('',#4727,10.);
#1364=VECTOR('',#4730,10.);
#1365=VECTOR('',#4731,10.);
#1366=VECTOR('',#4732,10.);
#1367=VECTOR('',#4733,10.);
#1368=VECTOR('',#4736,10.);
#1369=VECTOR('',#4737,10.);
#1370=VECTOR('',#4740,10.);
#1371=VECTOR('',#4741,10.);
#1372=VECTOR('',#4742,10.);
#1373=VECTOR('',#4745,10.);
#1374=VECTOR('',#4746,10.);
#1375=VECTOR('',#4747,10.);
#1376=VECTOR('',#4748,10.);
#1377=VECTOR('',#4751,10.);
#1378=VECTOR('',#4752,10.);
#1379=VECTOR('',#4753,10.);
#1380=VECTOR('',#4756,10.);
#1381=VECTOR('',#4757,10.);
#1382=VECTOR('',#4760,10.);
#1383=VECTOR('',#4761,10.);
#1384=VECTOR('',#4764,10.);
#1385=VECTOR('',#4765,10.);
#1386=VECTOR('',#4766,10.);
#1387=VECTOR('',#4767,10.);
#1388=VECTOR('',#4768,10.);
#1389=VECTOR('',#4769,10.);
#1390=VECTOR('',#4772,10.);
#1391=VECTOR('',#4773,10.);
#1392=VECTOR('',#4774,10.);
#1393=VECTOR('',#4775,10.);
#1394=VECTOR('',#4776,10.);
#1395=VECTOR('',#4777,10.);
#1396=VECTOR('',#4780,10.);
#1397=VECTOR('',#4781,10.);
#1398=VECTOR('',#4782,10.);
#1399=VECTOR('',#4783,10.);
#1400=VECTOR('',#4784,10.);
#1401=VECTOR('',#4785,10.);
#1402=VECTOR('',#4788,10.);
#1403=VECTOR('',#4789,10.);
#1404=VECTOR('',#4790,10.);
#1405=VECTOR('',#4791,10.);
#1406=VECTOR('',#4792,10.);
#1407=VECTOR('',#4793,10.);
#1408=VECTOR('',#4796,10.);
#1409=VECTOR('',#4797,10.);
#1410=VECTOR('',#4800,10.);
#1411=VECTOR('',#4801,10.);
#1412=VECTOR('',#4804,10.);
#1413=VECTOR('',#4805,10.);
#1414=VECTOR('',#4806,10.);
#1415=VECTOR('',#4809,10.);
#1416=VECTOR('',#4810,10.);
#1417=VECTOR('',#4811,10.);
#1418=VECTOR('',#4812,10.);
#1419=VECTOR('',#4813,10.);
#1420=VECTOR('',#4814,10.);
#1421=VECTOR('',#4815,10.);
#1422=VECTOR('',#4816,10.);
#1423=VECTOR('',#4817,10.);
#1424=VECTOR('',#4818,10.);
#1425=VECTOR('',#4819,10.);
#1426=VECTOR('',#4820,10.);
#1427=VECTOR('',#4821,10.);
#1428=VECTOR('',#4822,10.);
#1429=VECTOR('',#4823,10.);
#1430=VECTOR('',#4824,10.);
#1431=VECTOR('',#4825,10.);
#1432=VECTOR('',#4826,10.);
#1433=VECTOR('',#4827,10.);
#1434=VECTOR('',#4828,10.);
#1435=VECTOR('',#4829,10.);
#1436=VECTOR('',#4830,10.);
#1437=VECTOR('',#4831,10.);
#1438=VECTOR('',#4832,10.);
#1439=VECTOR('',#4843,10.);
#1440=VECTOR('',#4844,10.);
#1441=VECTOR('',#4845,10.);
#1442=VECTOR('',#4846,10.);
#1443=VECTOR('',#4849,10.);
#1444=VECTOR('',#4850,10.);
#1445=VECTOR('',#4851,10.);
#1446=VECTOR('',#4852,10.);
#1447=VECTOR('',#4855,10.);
#1448=VECTOR('',#4858,10.);
#1449=VECTOR('',#4861,10.);
#1450=VECTOR('',#4862,10.);
#1451=VECTOR('',#4863,10.);
#1452=VECTOR('',#4866,10.);
#1453=VECTOR('',#4867,10.);
#1454=VECTOR('',#4868,10.);
#1455=VECTOR('',#4869,10.);
#1456=VECTOR('',#4870,10.);
#1457=VECTOR('',#4871,10.);
#1458=VECTOR('',#4872,10.);
#1459=VECTOR('',#4873,10.);
#1460=VECTOR('',#4874,10.);
#1461=VECTOR('',#4875,10.);
#1462=VECTOR('',#4876,10.);
#1463=VECTOR('',#4877,10.);
#1464=VECTOR('',#4878,10.);
#1465=VECTOR('',#4889,10.);
#1466=VECTOR('',#4894,10.);
#1467=VECTOR('',#4895,10.);
#1468=VECTOR('',#4898,10.);
#1469=VECTOR('',#4901,10.);
#1470=VECTOR('',#4902,10.);
#1471=VECTOR('',#4903,10.);
#1472=VECTOR('',#4906,10.);
#1473=VECTOR('',#4907,10.);
#1474=VECTOR('',#4910,10.);
#1475=VECTOR('',#4911,10.);
#1476=VECTOR('',#4912,10.);
#1477=VECTOR('',#4915,10.);
#1478=VECTOR('',#4918,10.);
#1479=VECTOR('',#4919,10.);
#1480=VECTOR('',#4920,10.);
#1481=VECTOR('',#4923,10.);
#1482=VECTOR('',#4924,10.);
#1483=VECTOR('',#4927,10.);
#1484=VECTOR('',#4928,10.);
#1485=VECTOR('',#4931,10.);
#1486=VECTOR('',#4932,10.);
#1487=VECTOR('',#4935,10.);
#1488=VECTOR('',#4938,10.);
#1489=VECTOR('',#4941,0.750000000000002);
#1490=VECTOR('',#4946,1.49999999999999);
#1491=VECTOR('',#4951,0.750000000000002);
#1492=VECTOR('',#4956,1.5);
#1493=VECTOR('',#4961,10.);
#1494=VECTOR('',#4962,10.);
#1495=VECTOR('',#4963,10.);
#1496=VECTOR('',#4966,10.);
#1497=VECTOR('',#4969,10.);
#1498=VECTOR('',#4972,0.900000000000001);
#1499=VECTOR('',#4977,0.750000000000002);
#1500=VECTOR('',#4982,0.750000000000002);
#1501=VECTOR('',#4987,0.75);
#1502=VECTOR('',#4992,10.);
#1503=VECTOR('',#4993,10.);
#1504=VECTOR('',#4996,10.);
#1505=VECTOR('',#4997,10.);
#1506=VECTOR('',#5000,10.);
#1507=VECTOR('',#5003,0.750000000000002);
#1508=VECTOR('',#5008,0.899999999999998);
#1509=VECTOR('',#5013,10.);
#1510=VECTOR('',#5014,10.);
#1511=VECTOR('',#5017,10.);
#1512=VECTOR('',#5018,10.);
#1513=VECTOR('',#5021,10.);
#1514=VECTOR('',#5024,0.749999999999997);
#1515=VECTOR('',#5029,10.);
#1516=VECTOR('',#5030,10.);
#1517=VECTOR('',#5031,10.);
#1518=VECTOR('',#5034,10.);
#1519=VECTOR('',#5035,10.);
#1520=VECTOR('',#5038,10.);
#1521=VECTOR('',#5039,10.);
#1522=VECTOR('',#5042,10.);
#1523=VECTOR('',#5045,1.5);
#1524=VECTOR('',#5050,10.);
#1525=VECTOR('',#5051,10.);
#1526=VECTOR('',#5054,10.);
#1527=VECTOR('',#5055,10.);
#1528=VECTOR('',#5058,10.);
#1529=VECTOR('',#5061,10.);
#1530=VECTOR('',#5064,10.);
#1531=VECTOR('',#5065,10.);
#1532=VECTOR('',#5068,10.);
#1533=VECTOR('',#5069,10.);
#1534=VECTOR('',#5072,10.);
#1535=VECTOR('',#5075,0.750000000000002);
#1536=VECTOR('',#5080,0.750000000000002);
#1537=VECTOR('',#5085,0.750000000000002);
#1538=VECTOR('',#5090,0.900000000000001);
#1539=VECTOR('',#5095,0.899999999999998);
#1540=VECTOR('',#5100,0.75);
#1541=VECTOR('',#5105,10.);
#1542=VECTOR('',#5106,10.);
#1543=VECTOR('',#5107,10.);
#1544=VECTOR('',#5110,10.);
#1545=VECTOR('',#5111,10.);
#1546=VECTOR('',#5114,10.);
#1547=VECTOR('',#5115,10.);
#1548=VECTOR('',#5118,10.);
#1549=VECTOR('',#5121,1.5);
#1550=VECTOR('',#5126,0.750000000000002);
#1551=VECTOR('',#5131,10.);
#1552=VECTOR('',#5132,10.);
#1553=VECTOR('',#5133,10.);
#1554=VECTOR('',#5136,10.);
#1555=VECTOR('',#5137,10.);
#1556=VECTOR('',#5140,10.);
#1557=VECTOR('',#5141,10.);
#1558=VECTOR('',#5144,10.);
#1559=VECTOR('',#5147,10.);
#1560=VECTOR('',#5148,10.);
#1561=VECTOR('',#5151,10.);
#1562=VECTOR('',#5152,10.);
#1563=VECTOR('',#5155,10.);
#1564=VECTOR('',#5156,10.);
#1565=VECTOR('',#5159,10.);
#1566=VECTOR('',#5160,10.);
#1567=VECTOR('',#5163,10.);
#1568=VECTOR('',#5164,10.);
#1569=VECTOR('',#5167,10.);
#1570=VECTOR('',#5168,10.);
#1571=VECTOR('',#5171,10.);
#1572=VECTOR('',#5172,10.);
#1573=VECTOR('',#5175,10.);
#1574=VECTOR('',#5176,10.);
#1575=VECTOR('',#5179,10.);
#1576=VECTOR('',#5182,10.);
#1577=VECTOR('',#5183,10.);
#1578=VECTOR('',#5186,10.);
#1579=VECTOR('',#5187,10.);
#1580=VECTOR('',#5190,10.);
#1581=VECTOR('',#5191,10.);
#1582=VECTOR('',#5194,10.);
#1583=VECTOR('',#5195,10.);
#1584=VECTOR('',#5198,10.);
#1585=VECTOR('',#5203,0.900000000000001);
#1586=VECTOR('',#5206,0.900000000000001);
#1587=VECTOR('',#5209,0.899999999999999);
#1588=VECTOR('',#5212,0.899999999999999);
#1589=VECTOR('',#5215,10.);
#1590=VECTOR('',#5216,10.);
#1591=VECTOR('',#5217,10.);
#1592=VECTOR('',#5218,10.);
#1593=VECTOR('',#5219,10.);
#1594=VECTOR('',#5220,10.);
#1595=VECTOR('',#5221,10.);
#1596=VECTOR('',#5224,10.);
#1597=VECTOR('',#5229,10.);
#1598=VECTOR('',#5236,10.);
#1599=VECTOR('',#5245,10.);
#1600=VECTOR('',#5248,10.);
#1601=VECTOR('',#5249,10.);
#1602=VECTOR('',#5250,10.);
#1603=VECTOR('',#5251,10.);
#1604=VECTOR('',#5252,10.);
#1605=VECTOR('',#5253,10.);
#1606=VECTOR('',#5254,10.);
#1607=VECTOR('',#5261,10.);
#1608=VECTOR('',#5268,10.);
#1609=VECTOR('',#5275,10.);
#1610=VECTOR('',#5276,10.);
#1611=VECTOR('',#5277,10.);
#1612=VECTOR('',#5278,10.);
#1613=VECTOR('',#5281,10.);
#1614=VECTOR('',#5282,10.);
#1615=VECTOR('',#5285,10.);
#1616=VECTOR('',#5286,10.);
#1617=VECTOR('',#5289,10.);
#1618=VECTOR('',#5290,10.);
#1619=VECTOR('',#5291,10.);
#1620=VECTOR('',#5292,10.);
#1621=VECTOR('',#5293,10.);
#1622=VECTOR('',#5302,10.);
#1623=VECTOR('',#5309,10.);
#1624=VECTOR('',#5314,10.);
#1625=VECTOR('',#5315,10.);
#1626=VECTOR('',#5318,10.);
#1627=VECTOR('',#5321,10.);
#1628=VECTOR('',#5324,10.);
#1629=VECTOR('',#5327,10.);
#1630=VECTOR('',#5330,10.);
#1631=VECTOR('',#5333,10.);
#1632=VECTOR('',#5336,10.);
#1633=VECTOR('',#5341,1.1);
#1634=VECTOR('',#5344,10.);
#1635=VECTOR('',#5345,10.);
#1636=VECTOR('',#5348,10.);
#1637=VECTOR('',#5351,10.);
#1638=VECTOR('',#5354,10.);
#1639=VECTOR('',#5357,10.);
#1640=VECTOR('',#5360,10.);
#1641=VECTOR('',#5361,10.);
#1642=VECTOR('',#5364,10.);
#1643=VECTOR('',#5365,10.);
#1644=VECTOR('',#5366,10.);
#1645=VECTOR('',#5367,10.);
#1646=VECTOR('',#5368,10.);
#1647=VECTOR('',#5377,10.);
#1648=VECTOR('',#5384,10.);
#1649=VECTOR('',#5391,10.);
#1650=VECTOR('',#5392,10.);
#1651=VECTOR('',#5395,10.);
#1652=VECTOR('',#5398,10.);
#1653=VECTOR('',#5401,10.);
#1654=VECTOR('',#5404,10.);
#1655=VECTOR('',#5407,10.);
#1656=VECTOR('',#5410,10.);
#1657=VECTOR('',#5413,10.);
#1658=VECTOR('',#5418,1.1);
#1659=VECTOR('',#5421,10.);
#1660=VECTOR('',#5422,10.);
#1661=VECTOR('',#5425,10.);
#1662=VECTOR('',#5428,10.);
#1663=VECTOR('',#5431,10.);
#1664=VECTOR('',#5438,10.);
#1665=VECTOR('',#5445,0.899999999999999);
#1666=VECTOR('',#5452,0.900000000000001);
#1667=VECTOR('',#5459,0.900000000000001);
#1668=VECTOR('',#5466,0.899999999999999);
#1669=VECTOR('',#5471,10.);
#1670=VECTOR('',#5472,10.);
#1671=VECTOR('',#5473,10.);
#1672=VECTOR('',#5474,10.);
#1673=VECTOR('',#5477,10.);
#1674=VECTOR('',#5478,10.);
#1675=VECTOR('',#5479,10.);
#1676=VECTOR('',#5482,10.);
#1677=VECTOR('',#5483,10.);
#1678=VECTOR('',#5484,10.);
#1679=VECTOR('',#5487,10.);
#1680=VECTOR('',#5488,10.);
#1681=VECTOR('',#5497,0.899999999999999);
#1682=VECTOR('',#5504,0.900000000000001);
#1683=VECTOR('',#5511,0.900000000000001);
#1684=VECTOR('',#5518,0.899999999999999);
#1685=VECTOR('',#5523,10.);
#1686=VECTOR('',#5524,10.);
#1687=VECTOR('',#5525,10.);
#1688=VECTOR('',#5526,10.);
#1689=VECTOR('',#5529,10.);
#1690=VECTOR('',#5530,10.);
#1691=VECTOR('',#5531,10.);
#1692=VECTOR('',#5534,10.);
#1693=VECTOR('',#5535,10.);
#1694=VECTOR('',#5536,10.);
#1695=VECTOR('',#5539,10.);
#1696=VECTOR('',#5540,10.);
#1697=VERTEX_POINT('',#5547);
#1698=VERTEX_POINT('',#5548);
#1699=VERTEX_POINT('',#5550);
#1700=VERTEX_POINT('',#5552);
#1701=VERTEX_POINT('',#5556);
#1702=VERTEX_POINT('',#5558);
#1703=VERTEX_POINT('',#5560);
#1704=VERTEX_POINT('',#5562);
#1705=VERTEX_POINT('',#5564);
#1706=VERTEX_POINT('',#5566);
#1707=VERTEX_POINT('',#5568);
#1708=VERTEX_POINT('',#5570);
#1709=VERTEX_POINT('',#5574);
#1710=VERTEX_POINT('',#5575);
#1711=VERTEX_POINT('',#5577);
#1712=VERTEX_POINT('',#5579);
#1713=VERTEX_POINT('',#5581);
#1714=VERTEX_POINT('',#5585);
#1715=VERTEX_POINT('',#5586);
#1716=VERTEX_POINT('',#5588);
#1717=VERTEX_POINT('',#5590);
#1718=VERTEX_POINT('',#5592);
#1719=VERTEX_POINT('',#5596);
#1720=VERTEX_POINT('',#5600);
#1721=VERTEX_POINT('',#5604);
#1722=VERTEX_POINT('',#5608);
#1723=VERTEX_POINT('',#5610);
#1724=VERTEX_POINT('',#5614);
#1725=VERTEX_POINT('',#5616);
#1726=VERTEX_POINT('',#5620);
#1727=VERTEX_POINT('',#5624);
#1728=VERTEX_POINT('',#5625);
#1729=VERTEX_POINT('',#5627);
#1730=VERTEX_POINT('',#5629);
#1731=VERTEX_POINT('',#5631);
#1732=VERTEX_POINT('',#5635);
#1733=VERTEX_POINT('',#5636);
#1734=VERTEX_POINT('',#5638);
#1735=VERTEX_POINT('',#5640);
#1736=VERTEX_POINT('',#5642);
#1737=VERTEX_POINT('',#5646);
#1738=VERTEX_POINT('',#5648);
#1739=VERTEX_POINT('',#5652);
#1740=VERTEX_POINT('',#5654);
#1741=VERTEX_POINT('',#5658);
#1742=VERTEX_POINT('',#5660);
#1743=VERTEX_POINT('',#5664);
#1744=VERTEX_POINT('',#5666);
#1745=VERTEX_POINT('',#5670);
#1746=VERTEX_POINT('',#5671);
#1747=VERTEX_POINT('',#5673);
#1748=VERTEX_POINT('',#5675);
#1749=VERTEX_POINT('',#5679);
#1750=VERTEX_POINT('',#5681);
#1751=VERTEX_POINT('',#5683);
#1752=VERTEX_POINT('',#5685);
#1753=VERTEX_POINT('',#5687);
#1754=VERTEX_POINT('',#5689);
#1755=VERTEX_POINT('',#5693);
#1756=VERTEX_POINT('',#5695);
#1757=VERTEX_POINT('',#5697);
#1758=VERTEX_POINT('',#5699);
#1759=VERTEX_POINT('',#5701);
#1760=VERTEX_POINT('',#5703);
#1761=VERTEX_POINT('',#5705);
#1762=VERTEX_POINT('',#5707);
#1763=VERTEX_POINT('',#5709);
#1764=VERTEX_POINT('',#5711);
#1765=VERTEX_POINT('',#5713);
#1766=VERTEX_POINT('',#5715);
#1767=VERTEX_POINT('',#5717);
#1768=VERTEX_POINT('',#5719);
#1769=VERTEX_POINT('',#5721);
#1770=VERTEX_POINT('',#5724);
#1771=VERTEX_POINT('',#5727);
#1772=VERTEX_POINT('',#5729);
#1773=VERTEX_POINT('',#5731);
#1774=VERTEX_POINT('',#5733);
#1775=VERTEX_POINT('',#5735);
#1776=VERTEX_POINT('',#5737);
#1777=VERTEX_POINT('',#5739);
#1778=VERTEX_POINT('',#5741);
#1779=VERTEX_POINT('',#5743);
#1780=VERTEX_POINT('',#5745);
#1781=VERTEX_POINT('',#5748);
#1782=VERTEX_POINT('',#5750);
#1783=VERTEX_POINT('',#5752);
#1784=VERTEX_POINT('',#5754);
#1785=VERTEX_POINT('',#5756);
#1786=VERTEX_POINT('',#5758);
#1787=VERTEX_POINT('',#5760);
#1788=VERTEX_POINT('',#5762);
#1789=VERTEX_POINT('',#5764);
#1790=VERTEX_POINT('',#5767);
#1791=VERTEX_POINT('',#5769);
#1792=VERTEX_POINT('',#5771);
#1793=VERTEX_POINT('',#5773);
#1794=VERTEX_POINT('',#5775);
#1795=VERTEX_POINT('',#5778);
#1796=VERTEX_POINT('',#5780);
#1797=VERTEX_POINT('',#5783);
#1798=VERTEX_POINT('',#5785);
#1799=VERTEX_POINT('',#5787);
#1800=VERTEX_POINT('',#5789);
#1801=VERTEX_POINT('',#5791);
#1802=VERTEX_POINT('',#5793);
#1803=VERTEX_POINT('',#5795);
#1804=VERTEX_POINT('',#5797);
#1805=VERTEX_POINT('',#5799);
#1806=VERTEX_POINT('',#5801);
#1807=VERTEX_POINT('',#5803);
#1808=VERTEX_POINT('',#5805);
#1809=VERTEX_POINT('',#5807);
#1810=VERTEX_POINT('',#5809);
#1811=VERTEX_POINT('',#5811);
#1812=VERTEX_POINT('',#5813);
#1813=VERTEX_POINT('',#5815);
#1814=VERTEX_POINT('',#5817);
#1815=VERTEX_POINT('',#5819);
#1816=VERTEX_POINT('',#5821);
#1817=VERTEX_POINT('',#5823);
#1818=VERTEX_POINT('',#5826);
#1819=VERTEX_POINT('',#5828);
#1820=VERTEX_POINT('',#5836);
#1821=VERTEX_POINT('',#5838);
#1822=VERTEX_POINT('',#5840);
#1823=VERTEX_POINT('',#5843);
#1824=VERTEX_POINT('',#5845);
#1825=VERTEX_POINT('',#5847);
#1826=VERTEX_POINT('',#5850);
#1827=VERTEX_POINT('',#5852);
#1828=VERTEX_POINT('',#5855);
#1829=VERTEX_POINT('',#5857);
#1830=VERTEX_POINT('',#5859);
#1831=VERTEX_POINT('',#5862);
#1832=VERTEX_POINT('',#5864);
#1833=VERTEX_POINT('',#5867);
#1834=VERTEX_POINT('',#5870);
#1835=VERTEX_POINT('',#5872);
#1836=VERTEX_POINT('',#5874);
#1837=VERTEX_POINT('',#5876);
#1838=VERTEX_POINT('',#5879);
#1839=VERTEX_POINT('',#5883);
#1840=VERTEX_POINT('',#5885);
#1841=VERTEX_POINT('',#5889);
#1842=VERTEX_POINT('',#5895);
#1843=VERTEX_POINT('',#5896);
#1844=VERTEX_POINT('',#5898);
#1845=VERTEX_POINT('',#5900);
#1846=VERTEX_POINT('',#5904);
#1847=VERTEX_POINT('',#5908);
#1848=VERTEX_POINT('',#5910);
#1849=VERTEX_POINT('',#5914);
#1850=VERTEX_POINT('',#5915);
#1851=VERTEX_POINT('',#5917);
#1852=VERTEX_POINT('',#5919);
#1853=VERTEX_POINT('',#5923);
#1854=VERTEX_POINT('',#5925);
#1855=VERTEX_POINT('',#5929);
#1856=VERTEX_POINT('',#5933);
#1857=VERTEX_POINT('',#5937);
#1858=VERTEX_POINT('',#5939);
#1859=VERTEX_POINT('',#5941);
#1860=VERTEX_POINT('',#5943);
#1861=VERTEX_POINT('',#5945);
#1862=VERTEX_POINT('',#5949);
#1863=VERTEX_POINT('',#5951);
#1864=VERTEX_POINT('',#5953);
#1865=VERTEX_POINT('',#5955);
#1866=VERTEX_POINT('',#5957);
#1867=VERTEX_POINT('',#5961);
#1868=VERTEX_POINT('',#5963);
#1869=VERTEX_POINT('',#5965);
#1870=VERTEX_POINT('',#5967);
#1871=VERTEX_POINT('',#5969);
#1872=VERTEX_POINT('',#5973);
#1873=VERTEX_POINT('',#5975);
#1874=VERTEX_POINT('',#5977);
#1875=VERTEX_POINT('',#5979);
#1876=VERTEX_POINT('',#5981);
#1877=VERTEX_POINT('',#5985);
#1878=VERTEX_POINT('',#5989);
#1879=VERTEX_POINT('',#5993);
#1880=VERTEX_POINT('',#5995);
#1881=VERTEX_POINT('',#5999);
#1882=VERTEX_POINT('',#6001);
#1883=VERTEX_POINT('',#6004);
#1884=VERTEX_POINT('',#6006);
#1885=VERTEX_POINT('',#6010);
#1886=VERTEX_POINT('',#6012);
#1887=VERTEX_POINT('',#6016);
#1888=VERTEX_POINT('',#6019);
#1889=VERTEX_POINT('',#6021);
#1890=VERTEX_POINT('',#6024);
#1891=VERTEX_POINT('',#6025);
#1892=VERTEX_POINT('',#6027);
#1893=VERTEX_POINT('',#6029);
#1894=VERTEX_POINT('',#6032);
#1895=VERTEX_POINT('',#6033);
#1896=VERTEX_POINT('',#6035);
#1897=VERTEX_POINT('',#6037);
#1898=VERTEX_POINT('',#6040);
#1899=VERTEX_POINT('',#6042);
#1900=VERTEX_POINT('',#6044);
#1901=VERTEX_POINT('',#6046);
#1902=VERTEX_POINT('',#6049);
#1903=VERTEX_POINT('',#6051);
#1904=VERTEX_POINT('',#6056);
#1905=VERTEX_POINT('',#6058);
#1906=VERTEX_POINT('',#6067);
#1907=VERTEX_POINT('',#6068);
#1908=VERTEX_POINT('',#6073);
#1909=VERTEX_POINT('',#6075);
#1910=VERTEX_POINT('',#6078);
#1911=VERTEX_POINT('',#6082);
#1912=VERTEX_POINT('',#6084);
#1913=VERTEX_POINT('',#6086);
#1914=VERTEX_POINT('',#6088);
#1915=VERTEX_POINT('',#6090);
#1916=VERTEX_POINT('',#6092);
#1917=VERTEX_POINT('',#6095);
#1918=VERTEX_POINT('',#6097);
#1919=VERTEX_POINT('',#6099);
#1920=VERTEX_POINT('',#6101);
#1921=VERTEX_POINT('',#6112);
#1922=VERTEX_POINT('',#6114);
#1923=VERTEX_POINT('',#6118);
#1924=VERTEX_POINT('',#6122);
#1925=VERTEX_POINT('',#6124);
#1926=VERTEX_POINT('',#6130);
#1927=VERTEX_POINT('',#6132);
#1928=VERTEX_POINT('',#6136);
#1929=VERTEX_POINT('',#6140);
#1930=VERTEX_POINT('',#6144);
#1931=VERTEX_POINT('',#6152);
#1932=VERTEX_POINT('',#6156);
#1933=VERTEX_POINT('',#6160);
#1934=VERTEX_POINT('',#6164);
#1935=VERTEX_POINT('',#6168);
#1936=VERTEX_POINT('',#6169);
#1937=VERTEX_POINT('',#6178);
#1938=VERTEX_POINT('',#6182);
#1939=VERTEX_POINT('',#6186);
#1940=VERTEX_POINT('',#6190);
#1941=VERTEX_POINT('',#6194);
#1942=VERTEX_POINT('',#6198);
#1943=VERTEX_POINT('',#6204);
#1944=VERTEX_POINT('',#6208);
#1945=VERTEX_POINT('',#6212);
#1946=VERTEX_POINT('',#6216);
#1947=VERTEX_POINT('',#6222);
#1948=VERTEX_POINT('',#6226);
#1949=VERTEX_POINT('',#6227);
#1950=VERTEX_POINT('',#6232);
#1951=VERTEX_POINT('',#6236);
#1952=VERTEX_POINT('',#6242);
#1953=VERTEX_POINT('',#6246);
#1954=VERTEX_POINT('',#6250);
#1955=VERTEX_POINT('',#6258);
#1956=VERTEX_POINT('',#6262);
#1957=VERTEX_POINT('',#6268);
#1958=VERTEX_POINT('',#6272);
#1959=VERTEX_POINT('',#6276);
#1960=VERTEX_POINT('',#6280);
#1961=VERTEX_POINT('',#6284);
#1962=VERTEX_POINT('',#6288);
#1963=VERTEX_POINT('',#6292);
#1964=VERTEX_POINT('',#6293);
#1965=VERTEX_POINT('',#6298);
#1966=VERTEX_POINT('',#6302);
#1967=VERTEX_POINT('',#6308);
#1968=VERTEX_POINT('',#6312);
#1969=VERTEX_POINT('',#6316);
#1970=VERTEX_POINT('',#6317);
#1971=VERTEX_POINT('',#6322);
#1972=VERTEX_POINT('',#6326);
#1973=VERTEX_POINT('',#6332);
#1974=VERTEX_POINT('',#6336);
#1975=VERTEX_POINT('',#6340);
#1976=VERTEX_POINT('',#6344);
#1977=VERTEX_POINT('',#6348);
#1978=VERTEX_POINT('',#6352);
#1979=VERTEX_POINT('',#6356);
#1980=VERTEX_POINT('',#6360);
#1981=VERTEX_POINT('',#6366);
#1982=VERTEX_POINT('',#6370);
#1983=VERTEX_POINT('',#6374);
#1984=VERTEX_POINT('',#6378);
#1985=VERTEX_POINT('',#6393);
#1986=VERTEX_POINT('',#6395);
#1987=VERTEX_POINT('',#6397);
#1988=VERTEX_POINT('',#6399);
#1989=VERTEX_POINT('',#6401);
#1990=VERTEX_POINT('',#6403);
#1991=VERTEX_POINT('',#6405);
#1992=VERTEX_POINT('',#6407);
#1993=VERTEX_POINT('',#6410);
#1994=VERTEX_POINT('',#6411);
#1995=VERTEX_POINT('',#6413);
#1996=VERTEX_POINT('',#6415);
#1997=VERTEX_POINT('',#6417);
#1998=VERTEX_POINT('',#6419);
#1999=VERTEX_POINT('',#6421);
#2000=VERTEX_POINT('',#6423);
#2001=VERTEX_POINT('',#6425);
#2002=VERTEX_POINT('',#6428);
#2003=VERTEX_POINT('',#6431);
#2004=VERTEX_POINT('',#6433);
#2005=VERTEX_POINT('',#6435);
#2006=VERTEX_POINT('',#6437);
#2007=VERTEX_POINT('',#6439);
#2008=VERTEX_POINT('',#6441);
#2009=VERTEX_POINT('',#6443);
#2010=VERTEX_POINT('',#6445);
#2011=VERTEX_POINT('',#6448);
#2012=VERTEX_POINT('',#6449);
#2013=VERTEX_POINT('',#6451);
#2014=VERTEX_POINT('',#6453);
#2015=VERTEX_POINT('',#6455);
#2016=VERTEX_POINT('',#6457);
#2017=VERTEX_POINT('',#6459);
#2018=VERTEX_POINT('',#6461);
#2019=VERTEX_POINT('',#6463);
#2020=VERTEX_POINT('',#6466);
#2021=VERTEX_POINT('',#6469);
#2022=VERTEX_POINT('',#6471);
#2023=VERTEX_POINT('',#6476);
#2024=VERTEX_POINT('',#6480);
#2025=VERTEX_POINT('',#6482);
#2026=VERTEX_POINT('',#6484);
#2027=VERTEX_POINT('',#6486);
#2028=VERTEX_POINT('',#6488);
#2029=VERTEX_POINT('',#6490);
#2030=VERTEX_POINT('',#6492);
#2031=VERTEX_POINT('',#6495);
#2032=VERTEX_POINT('',#6497);
#2033=VERTEX_POINT('',#6498);
#2034=VERTEX_POINT('',#6500);
#2035=VERTEX_POINT('',#6502);
#2036=VERTEX_POINT('',#6504);
#2037=VERTEX_POINT('',#6506);
#2038=VERTEX_POINT('',#6508);
#2039=VERTEX_POINT('',#6510);
#2040=VERTEX_POINT('',#6512);
#2041=VERTEX_POINT('',#6547);
#2042=VERTEX_POINT('',#6551);
#2043=VERTEX_POINT('',#6553);
#2044=VERTEX_POINT('',#6555);
#2045=VERTEX_POINT('',#6557);
#2046=VERTEX_POINT('',#6559);
#2047=VERTEX_POINT('',#6562);
#2048=VERTEX_POINT('',#6564);
#2049=VERTEX_POINT('',#6565);
#2050=VERTEX_POINT('',#6567);
#2051=VERTEX_POINT('',#6569);
#2052=VERTEX_POINT('',#6571);
#2053=VERTEX_POINT('',#6573);
#2054=VERTEX_POINT('',#6575);
#2055=VERTEX_POINT('',#6577);
#2056=VERTEX_POINT('',#6579);
#2057=VERTEX_POINT('',#6617);
#2058=VERTEX_POINT('',#6619);
#2059=VERTEX_POINT('',#6623);
#2060=VERTEX_POINT('',#6625);
#2061=VERTEX_POINT('',#6629);
#2062=VERTEX_POINT('',#6631);
#2063=VERTEX_POINT('',#6635);
#2064=VERTEX_POINT('',#6637);
#2065=VERTEX_POINT('',#6641);
#2066=VERTEX_POINT('',#6642);
#2067=VERTEX_POINT('',#6644);
#2068=VERTEX_POINT('',#6646);
#2069=VERTEX_POINT('',#6650);
#2070=VERTEX_POINT('',#6652);
#2071=VERTEX_POINT('',#6656);
#2072=VERTEX_POINT('',#6658);
#2073=VERTEX_POINT('',#6667);
#2074=VERTEX_POINT('',#6669);
#2075=VERTEX_POINT('',#6673);
#2076=VERTEX_POINT('',#6675);
#2077=VERTEX_POINT('',#6679);
#2078=VERTEX_POINT('',#6681);
#2079=VERTEX_POINT('',#6685);
#2080=VERTEX_POINT('',#6687);
#2081=VERTEX_POINT('',#6691);
#2082=VERTEX_POINT('',#6692);
#2083=VERTEX_POINT('',#6694);
#2084=VERTEX_POINT('',#6696);
#2085=VERTEX_POINT('',#6700);
#2086=VERTEX_POINT('',#6702);
#2087=VERTEX_POINT('',#6706);
#2088=VERTEX_POINT('',#6708);
#2089=EDGE_CURVE('',#1697,#1698,#717,.T.);
#2090=EDGE_CURVE('',#1699,#1697,#718,.T.);
#2091=EDGE_CURVE('',#1700,#1699,#719,.T.);
#2092=EDGE_CURVE('',#1698,#1700,#720,.T.);
#2093=EDGE_CURVE('',#1701,#1700,#721,.T.);
#2094=EDGE_CURVE('',#1702,#1701,#722,.T.);
#2095=EDGE_CURVE('',#1702,#1703,#723,.T.);
#2096=EDGE_CURVE('',#1703,#1704,#724,.T.);
#2097=EDGE_CURVE('',#1705,#1704,#725,.T.);
#2098=EDGE_CURVE('',#1705,#1706,#726,.T.);
#2099=EDGE_CURVE('',#1707,#1706,#727,.T.);
#2100=EDGE_CURVE('',#1707,#1708,#728,.T.);
#2101=EDGE_CURVE('',#1698,#1708,#729,.T.);
#2102=EDGE_CURVE('',#1709,#1710,#730,.T.);
#2103=EDGE_CURVE('',#1711,#1709,#731,.T.);
#2104=EDGE_CURVE('',#1712,#1711,#732,.T.);
#2105=EDGE_CURVE('',#1713,#1712,#733,.T.);
#2106=EDGE_CURVE('',#1710,#1713,#734,.T.);
#2107=EDGE_CURVE('',#1714,#1715,#735,.T.);
#2108=EDGE_CURVE('',#1716,#1714,#736,.T.);
#2109=EDGE_CURVE('',#1717,#1716,#737,.T.);
#2110=EDGE_CURVE('',#1718,#1717,#738,.T.);
#2111=EDGE_CURVE('',#1715,#1718,#739,.T.);
#2112=EDGE_CURVE('',#1712,#1719,#740,.T.);
#2113=EDGE_CURVE('',#1719,#1713,#741,.T.);
#2114=EDGE_CURVE('',#1720,#1716,#742,.T.);
#2115=EDGE_CURVE('',#1720,#1717,#743,.T.);
#2116=EDGE_CURVE('',#1721,#1714,#744,.T.);
#2117=EDGE_CURVE('',#1720,#1721,#745,.T.);
#2118=EDGE_CURVE('',#1722,#1718,#746,.T.);
#2119=EDGE_CURVE('',#1722,#1723,#747,.T.);
#2120=EDGE_CURVE('',#1715,#1723,#748,.T.);
#2121=EDGE_CURVE('',#1724,#1709,#749,.T.);
#2122=EDGE_CURVE('',#1725,#1724,#750,.T.);
#2123=EDGE_CURVE('',#1711,#1725,#751,.T.);
#2124=EDGE_CURVE('',#1719,#1726,#752,.T.);
#2125=EDGE_CURVE('',#1710,#1726,#753,.T.);
#2126=EDGE_CURVE('',#1727,#1728,#754,.T.);
#2127=EDGE_CURVE('',#1729,#1727,#755,.T.);
#2128=EDGE_CURVE('',#1730,#1729,#756,.T.);
#2129=EDGE_CURVE('',#1731,#1730,#757,.T.);
#2130=EDGE_CURVE('',#1728,#1731,#758,.T.);
#2131=EDGE_CURVE('',#1732,#1733,#759,.T.);
#2132=EDGE_CURVE('',#1734,#1732,#760,.T.);
#2133=EDGE_CURVE('',#1735,#1734,#761,.T.);
#2134=EDGE_CURVE('',#1736,#1735,#762,.T.);
#2135=EDGE_CURVE('',#1733,#1736,#763,.T.);
#2136=EDGE_CURVE('',#1737,#1727,#764,.T.);
#2137=EDGE_CURVE('',#1738,#1737,#765,.T.);
#2138=EDGE_CURVE('',#1729,#1738,#766,.T.);
#2139=EDGE_CURVE('',#1739,#1731,#767,.T.);
#2140=EDGE_CURVE('',#1739,#1740,#768,.T.);
#2141=EDGE_CURVE('',#1728,#1740,#769,.T.);
#2142=EDGE_CURVE('',#1741,#1732,#770,.T.);
#2143=EDGE_CURVE('',#1742,#1741,#771,.T.);
#2144=EDGE_CURVE('',#1742,#1734,#772,.T.);
#2145=EDGE_CURVE('',#1743,#1736,#773,.T.);
#2146=EDGE_CURVE('',#1743,#1744,#774,.T.);
#2147=EDGE_CURVE('',#1733,#1744,#775,.T.);
#2148=EDGE_CURVE('',#1745,#1746,#776,.T.);
#2149=EDGE_CURVE('',#1747,#1745,#777,.T.);
#2150=EDGE_CURVE('',#1748,#1747,#778,.T.);
#2151=EDGE_CURVE('',#1746,#1748,#779,.T.);
#2152=EDGE_CURVE('',#1749,#1748,#780,.T.);
#2153=EDGE_CURVE('',#1750,#1749,#781,.T.);
#2154=EDGE_CURVE('',#1750,#1751,#782,.T.);
#2155=EDGE_CURVE('',#1751,#1752,#783,.T.);
#2156=EDGE_CURVE('',#1753,#1752,#784,.T.);
#2157=EDGE_CURVE('',#1753,#1754,#785,.T.);
#2158=EDGE_CURVE('',#1746,#1754,#786,.T.);
#2159=EDGE_CURVE('',#1717,#1755,#787,.T.);
#2160=EDGE_CURVE('',#1755,#1756,#788,.T.);
#2161=EDGE_CURVE('',#1756,#1757,#789,.T.);
#2162=EDGE_CURVE('',#1757,#1758,#790,.T.);
#2163=EDGE_CURVE('',#1758,#1759,#791,.T.);
#2164=EDGE_CURVE('',#1759,#1760,#792,.T.);
#2165=EDGE_CURVE('',#1760,#1761,#793,.T.);
#2166=EDGE_CURVE('',#1761,#1762,#794,.T.);
#2167=EDGE_CURVE('',#1762,#1763,#795,.T.);
#2168=EDGE_CURVE('',#1763,#1764,#796,.T.);
#2169=EDGE_CURVE('',#1764,#1765,#797,.T.);
#2170=EDGE_CURVE('',#1765,#1766,#798,.T.);
#2171=EDGE_CURVE('',#1766,#1767,#799,.T.);
#2172=EDGE_CURVE('',#1767,#1768,#800,.T.);
#2173=EDGE_CURVE('',#1768,#1769,#801,.T.);
#2174=EDGE_CURVE('',#1769,#1712,#802,.T.);
#2175=EDGE_CURVE('',#1725,#1770,#803,.T.);
#2176=EDGE_CURVE('',#1770,#1743,#804,.T.);
#2177=EDGE_CURVE('',#1735,#1771,#805,.T.);
#2178=EDGE_CURVE('',#1771,#1772,#806,.T.);
#2179=EDGE_CURVE('',#1772,#1773,#807,.T.);
#2180=EDGE_CURVE('',#1773,#1774,#808,.T.);
#2181=EDGE_CURVE('',#1774,#1775,#809,.T.);
#2182=EDGE_CURVE('',#1775,#1776,#810,.T.);
#2183=EDGE_CURVE('',#1776,#1777,#811,.T.);
#2184=EDGE_CURVE('',#1777,#1778,#812,.T.);
#2185=EDGE_CURVE('',#1778,#1779,#813,.T.);
#2186=EDGE_CURVE('',#1779,#1780,#814,.T.);
#2187=EDGE_CURVE('',#1780,#1730,#815,.T.);
#2188=EDGE_CURVE('',#1738,#1781,#816,.T.);
#2189=EDGE_CURVE('',#1781,#1782,#817,.T.);
#2190=EDGE_CURVE('',#1782,#1783,#818,.T.);
#2191=EDGE_CURVE('',#1783,#1784,#819,.T.);
#2192=EDGE_CURVE('',#1784,#1785,#820,.T.);
#2193=EDGE_CURVE('',#1785,#1786,#821,.T.);
#2194=EDGE_CURVE('',#1786,#1787,#822,.T.);
#2195=EDGE_CURVE('',#1787,#1788,#823,.T.);
#2196=EDGE_CURVE('',#1788,#1789,#824,.T.);
#2197=EDGE_CURVE('',#1789,#1722,#825,.T.);
#2198=EDGE_CURVE('',#1699,#1790,#826,.T.);
#2199=EDGE_CURVE('',#1790,#1791,#827,.T.);
#2200=EDGE_CURVE('',#1791,#1792,#828,.T.);
#2201=EDGE_CURVE('',#1792,#1793,#829,.T.);
#2202=EDGE_CURVE('',#1793,#1794,#830,.T.);
#2203=EDGE_CURVE('',#1794,#1705,#831,.T.);
#2204=EDGE_CURVE('',#1704,#1795,#832,.T.);
#2205=EDGE_CURVE('',#1795,#1796,#833,.T.);
#2206=EDGE_CURVE('',#1796,#1701,#834,.T.);
#2207=EDGE_CURVE('',#1797,#1797,#69,.T.);
#2208=EDGE_CURVE('',#1798,#1798,#70,.T.);
#2209=EDGE_CURVE('',#1799,#1799,#71,.T.);
#2210=EDGE_CURVE('',#1800,#1800,#72,.T.);
#2211=EDGE_CURVE('',#1801,#1801,#73,.T.);
#2212=EDGE_CURVE('',#1802,#1802,#74,.T.);
#2213=EDGE_CURVE('',#1803,#1803,#75,.T.);
#2214=EDGE_CURVE('',#1804,#1804,#76,.T.);
#2215=EDGE_CURVE('',#1805,#1805,#77,.T.);
#2216=EDGE_CURVE('',#1806,#1806,#78,.T.);
#2217=EDGE_CURVE('',#1807,#1807,#79,.T.);
#2218=EDGE_CURVE('',#1808,#1808,#80,.T.);
#2219=EDGE_CURVE('',#1809,#1809,#81,.T.);
#2220=EDGE_CURVE('',#1810,#1810,#82,.T.);
#2221=EDGE_CURVE('',#1811,#1811,#83,.T.);
#2222=EDGE_CURVE('',#1812,#1812,#84,.T.);
#2223=EDGE_CURVE('',#1747,#1813,#835,.T.);
#2224=EDGE_CURVE('',#1813,#1814,#836,.T.);
#2225=EDGE_CURVE('',#1814,#1815,#837,.T.);
#2226=EDGE_CURVE('',#1815,#1816,#838,.T.);
#2227=EDGE_CURVE('',#1816,#1817,#839,.T.);
#2228=EDGE_CURVE('',#1817,#1753,#840,.T.);
#2229=EDGE_CURVE('',#1752,#1818,#841,.T.);
#2230=EDGE_CURVE('',#1818,#1819,#842,.T.);
#2231=EDGE_CURVE('',#1819,#1749,#843,.T.);
#2232=EDGE_CURVE('',#1730,#1739,#844,.T.);
#2233=EDGE_CURVE('',#1742,#1735,#845,.T.);
#2234=EDGE_CURVE('',#1820,#1723,#846,.T.);
#2235=EDGE_CURVE('',#1820,#1821,#847,.T.);
#2236=EDGE_CURVE('',#1822,#1821,#848,.T.);
#2237=EDGE_CURVE('',#1822,#1697,#849,.T.);
#2238=EDGE_CURVE('',#1823,#1708,#850,.T.);
#2239=EDGE_CURVE('',#1824,#1823,#851,.T.);
#2240=EDGE_CURVE('',#1825,#1824,#852,.T.);
#2241=EDGE_CURVE('',#1737,#1825,#853,.T.);
#2242=EDGE_CURVE('',#1826,#1740,#854,.T.);
#2243=EDGE_CURVE('',#1827,#1826,#855,.T.);
#2244=EDGE_CURVE('',#1741,#1827,#856,.T.);
#2245=EDGE_CURVE('',#1828,#1744,#857,.T.);
#2246=EDGE_CURVE('',#1829,#1828,#858,.T.);
#2247=EDGE_CURVE('',#1830,#1829,#859,.T.);
#2248=EDGE_CURVE('',#1724,#1830,#860,.T.);
#2249=EDGE_CURVE('',#1831,#1726,#861,.T.);
#2250=EDGE_CURVE('',#1832,#1831,#862,.T.);
#2251=EDGE_CURVE('',#1721,#1832,#863,.T.);
#2252=EDGE_CURVE('',#1833,#1754,#864,.T.);
#2253=EDGE_CURVE('',#1833,#1745,#865,.T.);
#2254=EDGE_CURVE('',#1834,#1834,#85,.T.);
#2255=EDGE_CURVE('',#1835,#1835,#86,.T.);
#2256=EDGE_CURVE('',#1836,#1836,#87,.T.);
#2257=EDGE_CURVE('',#1837,#1837,#88,.T.);
#2258=EDGE_CURVE('',#1707,#1838,#866,.T.);
#2259=EDGE_CURVE('',#1838,#1823,#867,.T.);
#2260=EDGE_CURVE('',#1822,#1839,#868,.T.);
#2261=EDGE_CURVE('',#1821,#1840,#869,.T.);
#2262=EDGE_CURVE('',#1840,#1839,#870,.T.);
#2263=EDGE_CURVE('',#1841,#1838,#871,.T.);
#2264=EDGE_CURVE('',#1841,#1824,#872,.T.);
#2265=EDGE_CURVE('',#1817,#1833,#873,.T.);
#2266=EDGE_CURVE('',#1842,#1843,#874,.T.);
#2267=EDGE_CURVE('',#1842,#1844,#875,.T.);
#2268=EDGE_CURVE('',#1845,#1844,#876,.T.);
#2269=EDGE_CURVE('',#1845,#1843,#877,.T.);
#2270=EDGE_CURVE('',#1825,#1846,#878,.T.);
#2271=EDGE_CURVE('',#1846,#1841,#879,.T.);
#2272=EDGE_CURVE('',#1827,#1847,#880,.T.);
#2273=EDGE_CURVE('',#1848,#1826,#881,.T.);
#2274=EDGE_CURVE('',#1848,#1847,#882,.T.);
#2275=EDGE_CURVE('',#1849,#1850,#883,.T.);
#2276=EDGE_CURVE('',#1849,#1851,#884,.T.);
#2277=EDGE_CURVE('',#1852,#1851,#885,.T.);
#2278=EDGE_CURVE('',#1852,#1850,#886,.T.);
#2279=EDGE_CURVE('',#1853,#1828,#887,.T.);
#2280=EDGE_CURVE('',#1853,#1854,#888,.T.);
#2281=EDGE_CURVE('',#1854,#1829,#889,.T.);
#2282=EDGE_CURVE('',#1855,#1849,#890,.T.);
#2283=EDGE_CURVE('',#1851,#1855,#891,.T.);
#2284=EDGE_CURVE('',#1843,#1856,#892,.T.);
#2285=EDGE_CURVE('',#1856,#1845,#893,.T.);
#2286=EDGE_CURVE('',#1857,#1847,#894,.T.);
#2287=EDGE_CURVE('',#1858,#1857,#895,.T.);
#2288=EDGE_CURVE('',#1859,#1858,#896,.T.);
#2289=EDGE_CURVE('',#1859,#1860,#897,.T.);
#2290=EDGE_CURVE('',#1860,#1861,#898,.T.);
#2291=EDGE_CURVE('',#1861,#1771,#899,.T.);
#2292=EDGE_CURVE('',#1862,#1855,#900,.T.);
#2293=EDGE_CURVE('',#1863,#1862,#901,.T.);
#2294=EDGE_CURVE('',#1864,#1863,#902,.T.);
#2295=EDGE_CURVE('',#1865,#1864,#903,.T.);
#2296=EDGE_CURVE('',#1865,#1866,#904,.T.);
#2297=EDGE_CURVE('',#1852,#1866,#905,.T.);
#2298=EDGE_CURVE('',#1867,#1846,#906,.T.);
#2299=EDGE_CURVE('',#1868,#1867,#907,.T.);
#2300=EDGE_CURVE('',#1869,#1868,#908,.T.);
#2301=EDGE_CURVE('',#1870,#1869,#909,.T.);
#2302=EDGE_CURVE('',#1871,#1870,#910,.T.);
#2303=EDGE_CURVE('',#1871,#1781,#911,.T.);
#2304=EDGE_CURVE('',#1856,#1872,#912,.T.);
#2305=EDGE_CURVE('',#1872,#1873,#913,.T.);
#2306=EDGE_CURVE('',#1873,#1874,#914,.T.);
#2307=EDGE_CURVE('',#1875,#1874,#915,.T.);
#2308=EDGE_CURVE('',#1875,#1876,#916,.T.);
#2309=EDGE_CURVE('',#1842,#1876,#917,.T.);
#2310=EDGE_CURVE('',#1830,#1877,#918,.T.);
#2311=EDGE_CURVE('',#1877,#1854,#919,.T.);
#2312=EDGE_CURVE('',#1878,#1820,#920,.T.);
#2313=EDGE_CURVE('',#1878,#1840,#921,.T.);
#2314=EDGE_CURVE('',#1832,#1879,#922,.T.);
#2315=EDGE_CURVE('',#1880,#1831,#923,.T.);
#2316=EDGE_CURVE('',#1880,#1879,#924,.T.);
#2317=EDGE_CURVE('',#1880,#1881,#925,.T.);
#2318=EDGE_CURVE('',#1881,#1882,#926,.T.);
#2319=EDGE_CURVE('',#1882,#1877,#927,.T.);
#2320=EDGE_CURVE('',#1853,#1883,#928,.T.);
#2321=EDGE_CURVE('',#1883,#1884,#929,.T.);
#2322=EDGE_CURVE('',#1884,#1850,#930,.T.);
#2323=EDGE_CURVE('',#1866,#1857,#931,.T.);
#2324=EDGE_CURVE('',#1848,#1885,#932,.T.);
#2325=EDGE_CURVE('',#1885,#1886,#933,.T.);
#2326=EDGE_CURVE('',#1886,#1844,#934,.T.);
#2327=EDGE_CURVE('',#1876,#1867,#935,.T.);
#2328=EDGE_CURVE('',#1706,#1887,#936,.T.);
#2329=EDGE_CURVE('',#1887,#1839,#937,.T.);
#2330=EDGE_CURVE('',#1878,#1888,#938,.T.);
#2331=EDGE_CURVE('',#1888,#1889,#939,.T.);
#2332=EDGE_CURVE('',#1889,#1879,#940,.T.);
#2333=EDGE_CURVE('',#1890,#1891,#941,.T.);
#2334=EDGE_CURVE('',#1892,#1890,#942,.T.);
#2335=EDGE_CURVE('',#1893,#1892,#943,.T.);
#2336=EDGE_CURVE('',#1893,#1891,#944,.T.);
#2337=EDGE_CURVE('',#1894,#1895,#945,.T.);
#2338=EDGE_CURVE('',#1896,#1894,#946,.T.);
#2339=EDGE_CURVE('',#1897,#1896,#947,.T.);
#2340=EDGE_CURVE('',#1895,#1897,#948,.T.);
#2341=EDGE_CURVE('',#1898,#1898,#89,.T.);
#2342=EDGE_CURVE('',#1899,#1899,#90,.T.);
#2343=EDGE_CURVE('',#1900,#1900,#91,.T.);
#2344=EDGE_CURVE('',#1901,#1901,#92,.T.);
#2345=EDGE_CURVE('',#1902,#1789,#949,.T.);
#2346=EDGE_CURVE('',#1903,#1902,#950,.T.);
#2347=EDGE_CURVE('',#1903,#1761,#951,.T.);
#2348=EDGE_CURVE('',#1760,#1888,#952,.T.);
#2349=EDGE_CURVE('',#1904,#1769,#953,.T.);
#2350=EDGE_CURVE('',#1904,#1905,#954,.T.);
#2351=EDGE_CURVE('',#1905,#1766,#955,.T.);
#2352=EDGE_CURVE('',#1765,#1881,#956,.T.);
#2353=EDGE_CURVE('',#1759,#1889,#957,.T.);
#2354=EDGE_CURVE('',#1868,#1875,#958,.T.);
#2355=EDGE_CURVE('',#1906,#1907,#959,.T.);
#2356=EDGE_CURVE('',#1906,#1886,#960,.T.);
#2357=EDGE_CURVE('',#1907,#1885,#961,.T.);
#2358=EDGE_CURVE('',#1874,#1908,#962,.T.);
#2359=EDGE_CURVE('',#1908,#1909,#963,.T.);
#2360=EDGE_CURVE('',#1909,#1906,#964,.T.);
#2361=EDGE_CURVE('',#1907,#1910,#965,.T.);
#2362=EDGE_CURVE('',#1910,#1859,#966,.T.);
#2363=EDGE_CURVE('',#1858,#1865,#967,.T.);
#2364=EDGE_CURVE('',#1864,#1911,#968,.T.);
#2365=EDGE_CURVE('',#1911,#1912,#969,.T.);
#2366=EDGE_CURVE('',#1912,#1913,#970,.T.);
#2367=EDGE_CURVE('',#1913,#1914,#971,.T.);
#2368=EDGE_CURVE('',#1914,#1915,#972,.T.);
#2369=EDGE_CURVE('',#1915,#1916,#973,.T.);
#2370=EDGE_CURVE('',#1916,#1869,#974,.T.);
#2371=EDGE_CURVE('',#1917,#1917,#93,.T.);
#2372=EDGE_CURVE('',#1918,#1918,#94,.T.);
#2373=EDGE_CURVE('',#1919,#1919,#95,.T.);
#2374=EDGE_CURVE('',#1920,#1920,#96,.T.);
#2375=EDGE_CURVE('',#1764,#1882,#975,.T.);
#2376=EDGE_CURVE('',#1913,#1884,#976,.T.);
#2377=EDGE_CURVE('',#1914,#1883,#977,.T.);
#2378=EDGE_CURVE('',#1794,#1887,#978,.T.);
#2379=EDGE_CURVE('',#1921,#1780,#979,.T.);
#2380=EDGE_CURVE('',#1921,#1922,#980,.T.);
#2381=EDGE_CURVE('',#1922,#1910,#981,.T.);
#2382=EDGE_CURVE('',#1923,#1909,#982,.T.);
#2383=EDGE_CURVE('',#1923,#1872,#983,.T.);
#2384=EDGE_CURVE('',#1924,#1778,#984,.T.);
#2385=EDGE_CURVE('',#1925,#1924,#985,.T.);
#2386=EDGE_CURVE('',#1779,#1925,#986,.T.);
#2387=EDGE_CURVE('',#1860,#1922,#987,.T.);
#2388=EDGE_CURVE('',#1926,#1772,#988,.T.);
#2389=EDGE_CURVE('',#1927,#1926,#989,.T.);
#2390=EDGE_CURVE('',#1773,#1927,#990,.T.);
#2391=EDGE_CURVE('',#1927,#1928,#991,.T.);
#2392=EDGE_CURVE('',#1928,#1774,#992,.T.);
#2393=EDGE_CURVE('',#1929,#1777,#993,.T.);
#2394=EDGE_CURVE('',#1929,#1924,#994,.T.);
#2395=EDGE_CURVE('',#1930,#1908,#995,.T.);
#2396=EDGE_CURVE('',#1930,#1923,#996,.T.);
#2397=EDGE_CURVE('',#1925,#1921,#997,.T.);
#2398=EDGE_CURVE('',#1873,#1930,#998,.T.);
#2399=EDGE_CURVE('',#1797,#1931,#999,.T.);
#2400=EDGE_CURVE('',#1931,#1931,#97,.T.);
#2401=EDGE_CURVE('',#1920,#1932,#1000,.T.);
#2402=EDGE_CURVE('',#1932,#1932,#98,.T.);
#2403=EDGE_CURVE('',#1798,#1933,#1001,.T.);
#2404=EDGE_CURVE('',#1933,#1933,#99,.T.);
#2405=EDGE_CURVE('',#1799,#1934,#1002,.T.);
#2406=EDGE_CURVE('',#1934,#1934,#100,.T.);
#2407=EDGE_CURVE('',#1935,#1936,#1003,.T.);
#2408=EDGE_CURVE('',#1936,#1776,#1004,.T.);
#2409=EDGE_CURVE('',#1935,#1775,#1005,.T.);
#2410=EDGE_CURVE('',#1928,#1935,#1006,.T.);
#2411=EDGE_CURVE('',#1936,#1929,#1007,.T.);
#2412=EDGE_CURVE('',#1800,#1937,#1008,.T.);
#2413=EDGE_CURVE('',#1937,#1937,#101,.T.);
#2414=EDGE_CURVE('',#1801,#1938,#1009,.T.);
#2415=EDGE_CURVE('',#1938,#1938,#102,.T.);
#2416=EDGE_CURVE('',#1802,#1939,#1010,.T.);
#2417=EDGE_CURVE('',#1939,#1939,#103,.T.);
#2418=EDGE_CURVE('',#1919,#1940,#1011,.T.);
#2419=EDGE_CURVE('',#1940,#1940,#104,.T.);
#2420=EDGE_CURVE('',#1941,#1702,#1012,.T.);
#2421=EDGE_CURVE('',#1941,#1796,#1013,.T.);
#2422=EDGE_CURVE('',#1942,#1941,#1014,.T.);
#2423=EDGE_CURVE('',#1942,#1795,#1015,.T.);
#2424=EDGE_CURVE('',#1703,#1942,#1016,.T.);
#2425=EDGE_CURVE('',#1803,#1943,#1017,.T.);
#2426=EDGE_CURVE('',#1943,#1943,#105,.T.);
#2427=EDGE_CURVE('',#1804,#1944,#1018,.T.);
#2428=EDGE_CURVE('',#1944,#1944,#106,.T.);
#2429=EDGE_CURVE('',#1945,#1904,#1019,.T.);
#2430=EDGE_CURVE('',#1945,#1768,#1020,.T.);
#2431=EDGE_CURVE('',#1946,#1945,#1021,.T.);
#2432=EDGE_CURVE('',#1946,#1767,#1022,.T.);
#2433=EDGE_CURVE('',#1905,#1946,#1023,.T.);
#2434=EDGE_CURVE('',#1918,#1947,#1024,.T.);
#2435=EDGE_CURVE('',#1947,#1947,#107,.T.);
#2436=EDGE_CURVE('',#1948,#1949,#1025,.T.);
#2437=EDGE_CURVE('',#1949,#1756,#1026,.T.);
#2438=EDGE_CURVE('',#1948,#1755,#1027,.T.);
#2439=EDGE_CURVE('',#1950,#1758,#1028,.T.);
#2440=EDGE_CURVE('',#1950,#1948,#1029,.T.);
#2441=EDGE_CURVE('',#1951,#1950,#1030,.T.);
#2442=EDGE_CURVE('',#1951,#1757,#1031,.T.);
#2443=EDGE_CURVE('',#1949,#1951,#1032,.T.);
#2444=EDGE_CURVE('',#1805,#1952,#1033,.T.);
#2445=EDGE_CURVE('',#1952,#1952,#108,.T.);
#2446=EDGE_CURVE('',#1953,#1750,#1034,.T.);
#2447=EDGE_CURVE('',#1953,#1819,#1035,.T.);
#2448=EDGE_CURVE('',#1954,#1953,#1036,.T.);
#2449=EDGE_CURVE('',#1954,#1818,#1037,.T.);
#2450=EDGE_CURVE('',#1751,#1954,#1038,.T.);
#2451=EDGE_CURVE('',#1861,#1926,#1039,.T.);
#2452=EDGE_CURVE('',#1955,#1912,#1040,.T.);
#2453=EDGE_CURVE('',#1955,#1862,#1041,.T.);
#2454=EDGE_CURVE('',#1956,#1955,#1042,.T.);
#2455=EDGE_CURVE('',#1956,#1911,#1043,.T.);
#2456=EDGE_CURVE('',#1863,#1956,#1044,.T.);
#2457=EDGE_CURVE('',#1806,#1957,#1045,.T.);
#2458=EDGE_CURVE('',#1957,#1957,#109,.T.);
#2459=EDGE_CURVE('',#1807,#1958,#1046,.T.);
#2460=EDGE_CURVE('',#1958,#1958,#110,.T.);
#2461=EDGE_CURVE('',#1808,#1959,#1047,.T.);
#2462=EDGE_CURVE('',#1959,#1959,#111,.T.);
#2463=EDGE_CURVE('',#1809,#1960,#1048,.T.);
#2464=EDGE_CURVE('',#1960,#1960,#112,.T.);
#2465=EDGE_CURVE('',#1810,#1961,#1049,.T.);
#2466=EDGE_CURVE('',#1961,#1961,#113,.T.);
#2467=EDGE_CURVE('',#1811,#1962,#1050,.T.);
#2468=EDGE_CURVE('',#1962,#1962,#114,.T.);
#2469=EDGE_CURVE('',#1963,#1964,#1051,.T.);
#2470=EDGE_CURVE('',#1964,#1815,#1052,.T.);
#2471=EDGE_CURVE('',#1963,#1814,#1053,.T.);
#2472=EDGE_CURVE('',#1965,#1963,#1054,.T.);
#2473=EDGE_CURVE('',#1965,#1813,#1055,.T.);
#2474=EDGE_CURVE('',#1966,#1816,#1056,.T.);
#2475=EDGE_CURVE('',#1966,#1965,#1057,.T.);
#2476=EDGE_CURVE('',#1964,#1966,#1058,.T.);
#2477=EDGE_CURVE('',#1812,#1967,#1059,.T.);
#2478=EDGE_CURVE('',#1967,#1967,#115,.T.);
#2479=EDGE_CURVE('',#1917,#1968,#1060,.T.);
#2480=EDGE_CURVE('',#1968,#1968,#116,.T.);
#2481=EDGE_CURVE('',#1969,#1970,#1061,.T.);
#2482=EDGE_CURVE('',#1970,#1792,#1062,.T.);
#2483=EDGE_CURVE('',#1969,#1791,#1063,.T.);
#2484=EDGE_CURVE('',#1971,#1969,#1064,.T.);
#2485=EDGE_CURVE('',#1971,#1790,#1065,.T.);
#2486=EDGE_CURVE('',#1972,#1793,#1066,.T.);
#2487=EDGE_CURVE('',#1972,#1971,#1067,.T.);
#2488=EDGE_CURVE('',#1970,#1972,#1068,.T.);
#2489=EDGE_CURVE('',#1973,#1903,#1069,.T.);
#2490=EDGE_CURVE('',#1973,#1762,#1070,.T.);
#2491=EDGE_CURVE('',#1902,#1974,#1071,.T.);
#2492=EDGE_CURVE('',#1974,#1788,#1072,.T.);
#2493=EDGE_CURVE('',#1974,#1975,#1073,.T.);
#2494=EDGE_CURVE('',#1975,#1787,#1074,.T.);
#2495=EDGE_CURVE('',#1975,#1976,#1075,.T.);
#2496=EDGE_CURVE('',#1976,#1786,#1076,.T.);
#2497=EDGE_CURVE('',#1976,#1977,#1077,.T.);
#2498=EDGE_CURVE('',#1977,#1785,#1078,.T.);
#2499=EDGE_CURVE('',#1977,#1978,#1079,.T.);
#2500=EDGE_CURVE('',#1978,#1784,#1080,.T.);
#2501=EDGE_CURVE('',#1978,#1979,#1081,.T.);
#2502=EDGE_CURVE('',#1979,#1783,#1082,.T.);
#2503=EDGE_CURVE('',#1979,#1980,#1083,.T.);
#2504=EDGE_CURVE('',#1980,#1782,#1084,.T.);
#2505=EDGE_CURVE('',#1980,#1871,#1085,.T.);
#2506=EDGE_CURVE('',#1870,#1981,#1086,.T.);
#2507=EDGE_CURVE('',#1981,#1916,#1087,.T.);
#2508=EDGE_CURVE('',#1981,#1982,#1088,.T.);
#2509=EDGE_CURVE('',#1982,#1915,#1089,.T.);
#2510=EDGE_CURVE('',#1983,#1770,#1090,.T.);
#2511=EDGE_CURVE('',#1983,#1982,#1091,.T.);
#2512=EDGE_CURVE('',#1984,#1763,#1092,.T.);
#2513=EDGE_CURVE('',#1984,#1983,#1093,.T.);
#2514=EDGE_CURVE('',#1973,#1984,#1094,.T.);
#2515=EDGE_CURVE('',#1834,#1901,#1095,.T.);
#2516=EDGE_CURVE('',#1835,#1900,#1096,.T.);
#2517=EDGE_CURVE('',#1836,#1899,#1097,.T.);
#2518=EDGE_CURVE('',#1837,#1898,#1098,.T.);
#2519=EDGE_CURVE('',#1985,#1890,#1099,.T.);
#2520=EDGE_CURVE('',#1986,#1985,#1100,.T.);
#2521=EDGE_CURVE('',#1987,#1986,#1101,.T.);
#2522=EDGE_CURVE('',#1988,#1987,#1102,.T.);
#2523=EDGE_CURVE('',#1989,#1988,#1103,.T.);
#2524=EDGE_CURVE('',#1990,#1989,#1104,.T.);
#2525=EDGE_CURVE('',#1991,#1990,#1105,.T.);
#2526=EDGE_CURVE('',#1992,#1991,#117,.T.);
#2527=EDGE_CURVE('',#1892,#1992,#1106,.T.);
#2528=EDGE_CURVE('',#1993,#1994,#118,.T.);
#2529=EDGE_CURVE('',#1995,#1993,#119,.T.);
#2530=EDGE_CURVE('',#1996,#1995,#1107,.T.);
#2531=EDGE_CURVE('',#1997,#1996,#120,.T.);
#2532=EDGE_CURVE('',#1998,#1997,#121,.T.);
#2533=EDGE_CURVE('',#1999,#1998,#122,.T.);
#2534=EDGE_CURVE('',#2000,#1999,#1108,.T.);
#2535=EDGE_CURVE('',#2001,#2000,#123,.T.);
#2536=EDGE_CURVE('',#1994,#2001,#124,.T.);
#2537=EDGE_CURVE('',#2002,#2002,#125,.T.);
#2538=EDGE_CURVE('',#1896,#2003,#1109,.T.);
#2539=EDGE_CURVE('',#2003,#2004,#126,.T.);
#2540=EDGE_CURVE('',#2004,#2005,#1110,.T.);
#2541=EDGE_CURVE('',#2005,#2006,#1111,.T.);
#2542=EDGE_CURVE('',#2006,#2007,#1112,.T.);
#2543=EDGE_CURVE('',#2007,#2008,#1113,.T.);
#2544=EDGE_CURVE('',#2008,#2009,#1114,.T.);
#2545=EDGE_CURVE('',#2009,#2010,#1115,.T.);
#2546=EDGE_CURVE('',#2010,#1897,#1116,.T.);
#2547=EDGE_CURVE('',#2011,#2012,#127,.T.);
#2548=EDGE_CURVE('',#2012,#2013,#128,.T.);
#2549=EDGE_CURVE('',#2013,#2014,#129,.T.);
#2550=EDGE_CURVE('',#2014,#2015,#1117,.T.);
#2551=EDGE_CURVE('',#2015,#2016,#130,.T.);
#2552=EDGE_CURVE('',#2016,#2017,#131,.T.);
#2553=EDGE_CURVE('',#2017,#2018,#132,.T.);
#2554=EDGE_CURVE('',#2018,#2019,#1118,.T.);
#2555=EDGE_CURVE('',#2019,#2011,#133,.T.);
#2556=EDGE_CURVE('',#2020,#2020,#134,.T.);
#2557=EDGE_CURVE('',#1891,#2021,#1119,.T.);
#2558=EDGE_CURVE('',#2022,#2021,#1120,.T.);
#2559=EDGE_CURVE('',#1895,#2022,#1121,.T.);
#2560=EDGE_CURVE('',#1985,#2010,#1122,.T.);
#2561=EDGE_CURVE('',#1894,#2023,#1123,.T.);
#2562=EDGE_CURVE('',#2023,#2003,#1124,.T.);
#2563=EDGE_CURVE('',#2021,#2024,#1125,.T.);
#2564=EDGE_CURVE('',#1893,#2025,#1126,.T.);
#2565=EDGE_CURVE('',#2025,#2026,#135,.T.);
#2566=EDGE_CURVE('',#2026,#2027,#1127,.T.);
#2567=EDGE_CURVE('',#2028,#2027,#1128,.T.);
#2568=EDGE_CURVE('',#2029,#2028,#1129,.T.);
#2569=EDGE_CURVE('',#2030,#2029,#1130,.T.);
#2570=EDGE_CURVE('',#2030,#2024,#1131,.T.);
#2571=EDGE_CURVE('',#2031,#2031,#136,.T.);
#2572=EDGE_CURVE('',#2032,#2033,#137,.T.);
#2573=EDGE_CURVE('',#2033,#2034,#138,.T.);
#2574=EDGE_CURVE('',#2034,#2035,#139,.T.);
#2575=EDGE_CURVE('',#2035,#2036,#1132,.T.);
#2576=EDGE_CURVE('',#2036,#2037,#140,.T.);
#2577=EDGE_CURVE('',#2037,#2038,#141,.T.);
#2578=EDGE_CURVE('',#2038,#2039,#142,.T.);
#2579=EDGE_CURVE('',#2039,#2040,#1133,.T.);
#2580=EDGE_CURVE('',#2040,#2032,#143,.T.);
#2581=EDGE_CURVE('',#2040,#1995,#1134,.T.);
#2582=EDGE_CURVE('',#2032,#1993,#1135,.T.);
#2583=EDGE_CURVE('',#2039,#1996,#1136,.T.);
#2584=EDGE_CURVE('',#2038,#1997,#1137,.T.);
#2585=EDGE_CURVE('',#2037,#1998,#1138,.T.);
#2586=EDGE_CURVE('',#2036,#1999,#1139,.T.);
#2587=EDGE_CURVE('',#2035,#2000,#1140,.T.);
#2588=EDGE_CURVE('',#2034,#2001,#1141,.T.);
#2589=EDGE_CURVE('',#2033,#1994,#1142,.T.);
#2590=EDGE_CURVE('',#2002,#2031,#1143,.T.);
#2591=EDGE_CURVE('',#2029,#1988,#1144,.T.);
#2592=EDGE_CURVE('',#2030,#1987,#1145,.T.);
#2593=EDGE_CURVE('',#2028,#1989,#1146,.T.);
#2594=EDGE_CURVE('',#2027,#1990,#1147,.T.);
#2595=EDGE_CURVE('',#2026,#1991,#1148,.T.);
#2596=EDGE_CURVE('',#2025,#1992,#1149,.T.);
#2597=EDGE_CURVE('',#2022,#2041,#1150,.T.);
#2598=EDGE_CURVE('',#2041,#2024,#1151,.T.);
#2599=EDGE_CURVE('',#2042,#2041,#1152,.T.);
#2600=EDGE_CURVE('',#2042,#2043,#1153,.T.);
#2601=EDGE_CURVE('',#2043,#2044,#1154,.T.);
#2602=EDGE_CURVE('',#2044,#2045,#1155,.T.);
#2603=EDGE_CURVE('',#2046,#2045,#1156,.T.);
#2604=EDGE_CURVE('',#2023,#2046,#144,.T.);
#2605=EDGE_CURVE('',#2047,#2047,#145,.T.);
#2606=EDGE_CURVE('',#2048,#2049,#146,.T.);
#2607=EDGE_CURVE('',#2050,#2048,#147,.T.);
#2608=EDGE_CURVE('',#2051,#2050,#1157,.T.);
#2609=EDGE_CURVE('',#2052,#2051,#148,.T.);
#2610=EDGE_CURVE('',#2053,#2052,#149,.T.);
#2611=EDGE_CURVE('',#2054,#2053,#150,.T.);
#2612=EDGE_CURVE('',#2055,#2054,#1158,.T.);
#2613=EDGE_CURVE('',#2056,#2055,#151,.T.);
#2614=EDGE_CURVE('',#2049,#2056,#152,.T.);
#2615=EDGE_CURVE('',#2048,#2011,#1159,.T.);
#2616=EDGE_CURVE('',#2050,#2019,#1160,.T.);
#2617=EDGE_CURVE('',#2051,#2018,#1161,.T.);
#2618=EDGE_CURVE('',#2052,#2017,#1162,.T.);
#2619=EDGE_CURVE('',#2053,#2016,#1163,.T.);
#2620=EDGE_CURVE('',#2054,#2015,#1164,.T.);
#2621=EDGE_CURVE('',#2055,#2014,#1165,.T.);
#2622=EDGE_CURVE('',#2056,#2013,#1166,.T.);
#2623=EDGE_CURVE('',#2049,#2012,#1167,.T.);
#2624=EDGE_CURVE('',#2020,#2047,#1168,.T.);
#2625=EDGE_CURVE('',#2042,#2008,#1169,.T.);
#2626=EDGE_CURVE('',#2043,#2007,#1170,.T.);
#2627=EDGE_CURVE('',#2044,#2006,#1171,.T.);
#2628=EDGE_CURVE('',#2045,#2005,#1172,.T.);
#2629=EDGE_CURVE('',#2046,#2004,#1173,.T.);
#2630=EDGE_CURVE('',#1986,#2009,#1174,.T.);
#2631=EDGE_CURVE('',#2057,#2057,#153,.T.);
#2632=EDGE_CURVE('',#2057,#2058,#1175,.T.);
#2633=EDGE_CURVE('',#2058,#2058,#154,.T.);
#2634=EDGE_CURVE('',#2059,#2059,#155,.T.);
#2635=EDGE_CURVE('',#2059,#2060,#1176,.T.);
#2636=EDGE_CURVE('',#2060,#2060,#156,.T.);
#2637=EDGE_CURVE('',#2061,#2061,#157,.T.);
#2638=EDGE_CURVE('',#2061,#2062,#1177,.T.);
#2639=EDGE_CURVE('',#2062,#2062,#158,.T.);
#2640=EDGE_CURVE('',#2063,#2063,#159,.T.);
#2641=EDGE_CURVE('',#2063,#2064,#1178,.T.);
#2642=EDGE_CURVE('',#2064,#2064,#160,.T.);
#2643=EDGE_CURVE('',#2065,#2066,#1179,.T.);
#2644=EDGE_CURVE('',#2065,#2067,#1180,.T.);
#2645=EDGE_CURVE('',#2068,#2067,#1181,.T.);
#2646=EDGE_CURVE('',#2066,#2068,#1182,.T.);
#2647=EDGE_CURVE('',#2066,#2069,#1183,.T.);
#2648=EDGE_CURVE('',#2070,#2068,#1184,.T.);
#2649=EDGE_CURVE('',#2069,#2070,#1185,.T.);
#2650=EDGE_CURVE('',#2069,#2071,#1186,.T.);
#2651=EDGE_CURVE('',#2072,#2070,#1187,.T.);
#2652=EDGE_CURVE('',#2071,#2072,#1188,.T.);
#2653=EDGE_CURVE('',#2071,#2065,#1189,.T.);
#2654=EDGE_CURVE('',#2067,#2072,#1190,.T.);
#2655=EDGE_CURVE('',#2073,#2073,#161,.T.);
#2656=EDGE_CURVE('',#2073,#2074,#1191,.T.);
#2657=EDGE_CURVE('',#2074,#2074,#162,.T.);
#2658=EDGE_CURVE('',#2075,#2075,#163,.T.);
#2659=EDGE_CURVE('',#2075,#2076,#1192,.T.);
#2660=EDGE_CURVE('',#2076,#2076,#164,.T.);
#2661=EDGE_CURVE('',#2077,#2077,#165,.T.);
#2662=EDGE_CURVE('',#2077,#2078,#1193,.T.);
#2663=EDGE_CURVE('',#2078,#2078,#166,.T.);
#2664=EDGE_CURVE('',#2079,#2079,#167,.T.);
#2665=EDGE_CURVE('',#2079,#2080,#1194,.T.);
#2666=EDGE_CURVE('',#2080,#2080,#168,.T.);
#2667=EDGE_CURVE('',#2081,#2082,#1195,.T.);
#2668=EDGE_CURVE('',#2081,#2083,#1196,.T.);
#2669=EDGE_CURVE('',#2084,#2083,#1197,.T.);
#2670=EDGE_CURVE('',#2082,#2084,#1198,.T.);
#2671=EDGE_CURVE('',#2082,#2085,#1199,.T.);
#2672=EDGE_CURVE('',#2086,#2084,#1200,.T.);
#2673=EDGE_CURVE('',#2085,#2086,#1201,.T.);
#2674=EDGE_CURVE('',#2085,#2087,#1202,.T.);
#2675=EDGE_CURVE('',#2088,#2086,#1203,.T.);
#2676=EDGE_CURVE('',#2087,#2088,#1204,.T.);
#2677=EDGE_CURVE('',#2087,#2081,#1205,.T.);
#2678=EDGE_CURVE('',#2083,#2088,#1206,.T.);
#2679=ORIENTED_EDGE('',*,*,#2089,.F.);
#2680=ORIENTED_EDGE('',*,*,#2090,.F.);
#2681=ORIENTED_EDGE('',*,*,#2091,.F.);
#2682=ORIENTED_EDGE('',*,*,#2092,.F.);
#2683=ORIENTED_EDGE('',*,*,#2092,.T.);
#2684=ORIENTED_EDGE('',*,*,#2093,.F.);
#2685=ORIENTED_EDGE('',*,*,#2094,.F.);
#2686=ORIENTED_EDGE('',*,*,#2095,.T.);
#2687=ORIENTED_EDGE('',*,*,#2096,.T.);
#2688=ORIENTED_EDGE('',*,*,#2097,.F.);
#2689=ORIENTED_EDGE('',*,*,#2098,.T.);
#2690=ORIENTED_EDGE('',*,*,#2099,.F.);
#2691=ORIENTED_EDGE('',*,*,#2100,.T.);
#2692=ORIENTED_EDGE('',*,*,#2101,.F.);
#2693=ORIENTED_EDGE('',*,*,#2102,.F.);
#2694=ORIENTED_EDGE('',*,*,#2103,.F.);
#2695=ORIENTED_EDGE('',*,*,#2104,.F.);
#2696=ORIENTED_EDGE('',*,*,#2105,.F.);
#2697=ORIENTED_EDGE('',*,*,#2106,.F.);
#2698=ORIENTED_EDGE('',*,*,#2107,.F.);
#2699=ORIENTED_EDGE('',*,*,#2108,.F.);
#2700=ORIENTED_EDGE('',*,*,#2109,.F.);
#2701=ORIENTED_EDGE('',*,*,#2110,.F.);
#2702=ORIENTED_EDGE('',*,*,#2111,.F.);
#2703=ORIENTED_EDGE('',*,*,#2105,.T.);
#2704=ORIENTED_EDGE('',*,*,#2112,.T.);
#2705=ORIENTED_EDGE('',*,*,#2113,.T.);
#2706=ORIENTED_EDGE('',*,*,#2109,.T.);
#2707=ORIENTED_EDGE('',*,*,#2114,.F.);
#2708=ORIENTED_EDGE('',*,*,#2115,.T.);
#2709=ORIENTED_EDGE('',*,*,#2108,.T.);
#2710=ORIENTED_EDGE('',*,*,#2116,.F.);
#2711=ORIENTED_EDGE('',*,*,#2117,.F.);
#2712=ORIENTED_EDGE('',*,*,#2114,.T.);
#2713=ORIENTED_EDGE('',*,*,#2111,.T.);
#2714=ORIENTED_EDGE('',*,*,#2118,.F.);
#2715=ORIENTED_EDGE('',*,*,#2119,.T.);
#2716=ORIENTED_EDGE('',*,*,#2120,.F.);
#2717=ORIENTED_EDGE('',*,*,#2103,.T.);
#2718=ORIENTED_EDGE('',*,*,#2121,.F.);
#2719=ORIENTED_EDGE('',*,*,#2122,.F.);
#2720=ORIENTED_EDGE('',*,*,#2123,.F.);
#2721=ORIENTED_EDGE('',*,*,#2106,.T.);
#2722=ORIENTED_EDGE('',*,*,#2113,.F.);
#2723=ORIENTED_EDGE('',*,*,#2124,.T.);
#2724=ORIENTED_EDGE('',*,*,#2125,.F.);
#2725=ORIENTED_EDGE('',*,*,#2126,.F.);
#2726=ORIENTED_EDGE('',*,*,#2127,.F.);
#2727=ORIENTED_EDGE('',*,*,#2128,.F.);
#2728=ORIENTED_EDGE('',*,*,#2129,.F.);
#2729=ORIENTED_EDGE('',*,*,#2130,.F.);
#2730=ORIENTED_EDGE('',*,*,#2131,.F.);
#2731=ORIENTED_EDGE('',*,*,#2132,.F.);
#2732=ORIENTED_EDGE('',*,*,#2133,.F.);
#2733=ORIENTED_EDGE('',*,*,#2134,.F.);
#2734=ORIENTED_EDGE('',*,*,#2135,.F.);
#2735=ORIENTED_EDGE('',*,*,#2127,.T.);
#2736=ORIENTED_EDGE('',*,*,#2136,.F.);
#2737=ORIENTED_EDGE('',*,*,#2137,.F.);
#2738=ORIENTED_EDGE('',*,*,#2138,.F.);
#2739=ORIENTED_EDGE('',*,*,#2130,.T.);
#2740=ORIENTED_EDGE('',*,*,#2139,.F.);
#2741=ORIENTED_EDGE('',*,*,#2140,.T.);
#2742=ORIENTED_EDGE('',*,*,#2141,.F.);
#2743=ORIENTED_EDGE('',*,*,#2132,.T.);
#2744=ORIENTED_EDGE('',*,*,#2142,.F.);
#2745=ORIENTED_EDGE('',*,*,#2143,.F.);
#2746=ORIENTED_EDGE('',*,*,#2144,.T.);
#2747=ORIENTED_EDGE('',*,*,#2135,.T.);
#2748=ORIENTED_EDGE('',*,*,#2145,.F.);
#2749=ORIENTED_EDGE('',*,*,#2146,.T.);
#2750=ORIENTED_EDGE('',*,*,#2147,.F.);
#2751=ORIENTED_EDGE('',*,*,#2148,.F.);
#2752=ORIENTED_EDGE('',*,*,#2149,.F.);
#2753=ORIENTED_EDGE('',*,*,#2150,.F.);
#2754=ORIENTED_EDGE('',*,*,#2151,.F.);
#2755=ORIENTED_EDGE('',*,*,#2151,.T.);
#2756=ORIENTED_EDGE('',*,*,#2152,.F.);
#2757=ORIENTED_EDGE('',*,*,#2153,.F.);
#2758=ORIENTED_EDGE('',*,*,#2154,.T.);
#2759=ORIENTED_EDGE('',*,*,#2155,.T.);
#2760=ORIENTED_EDGE('',*,*,#2156,.F.);
#2761=ORIENTED_EDGE('',*,*,#2157,.T.);
#2762=ORIENTED_EDGE('',*,*,#2158,.F.);
#2763=ORIENTED_EDGE('',*,*,#2118,.T.);
#2764=ORIENTED_EDGE('',*,*,#2110,.T.);
#2765=ORIENTED_EDGE('',*,*,#2159,.T.);
#2766=ORIENTED_EDGE('',*,*,#2160,.T.);
#2767=ORIENTED_EDGE('',*,*,#2161,.T.);
#2768=ORIENTED_EDGE('',*,*,#2162,.T.);
#2769=ORIENTED_EDGE('',*,*,#2163,.T.);
#2770=ORIENTED_EDGE('',*,*,#2164,.T.);
#2771=ORIENTED_EDGE('',*,*,#2165,.T.);
#2772=ORIENTED_EDGE('',*,*,#2166,.T.);
#2773=ORIENTED_EDGE('',*,*,#2167,.T.);
#2774=ORIENTED_EDGE('',*,*,#2168,.T.);
#2775=ORIENTED_EDGE('',*,*,#2169,.T.);
#2776=ORIENTED_EDGE('',*,*,#2170,.T.);
#2777=ORIENTED_EDGE('',*,*,#2171,.T.);
#2778=ORIENTED_EDGE('',*,*,#2172,.T.);
#2779=ORIENTED_EDGE('',*,*,#2173,.T.);
#2780=ORIENTED_EDGE('',*,*,#2174,.T.);
#2781=ORIENTED_EDGE('',*,*,#2104,.T.);
#2782=ORIENTED_EDGE('',*,*,#2123,.T.);
#2783=ORIENTED_EDGE('',*,*,#2175,.T.);
#2784=ORIENTED_EDGE('',*,*,#2176,.T.);
#2785=ORIENTED_EDGE('',*,*,#2145,.T.);
#2786=ORIENTED_EDGE('',*,*,#2134,.T.);
#2787=ORIENTED_EDGE('',*,*,#2177,.T.);
#2788=ORIENTED_EDGE('',*,*,#2178,.T.);
#2789=ORIENTED_EDGE('',*,*,#2179,.T.);
#2790=ORIENTED_EDGE('',*,*,#2180,.T.);
#2791=ORIENTED_EDGE('',*,*,#2181,.T.);
#2792=ORIENTED_EDGE('',*,*,#2182,.T.);
#2793=ORIENTED_EDGE('',*,*,#2183,.T.);
#2794=ORIENTED_EDGE('',*,*,#2184,.T.);
#2795=ORIENTED_EDGE('',*,*,#2185,.T.);
#2796=ORIENTED_EDGE('',*,*,#2186,.T.);
#2797=ORIENTED_EDGE('',*,*,#2187,.T.);
#2798=ORIENTED_EDGE('',*,*,#2128,.T.);
#2799=ORIENTED_EDGE('',*,*,#2138,.T.);
#2800=ORIENTED_EDGE('',*,*,#2188,.T.);
#2801=ORIENTED_EDGE('',*,*,#2189,.T.);
#2802=ORIENTED_EDGE('',*,*,#2190,.T.);
#2803=ORIENTED_EDGE('',*,*,#2191,.T.);
#2804=ORIENTED_EDGE('',*,*,#2192,.T.);
#2805=ORIENTED_EDGE('',*,*,#2193,.T.);
#2806=ORIENTED_EDGE('',*,*,#2194,.T.);
#2807=ORIENTED_EDGE('',*,*,#2195,.T.);
#2808=ORIENTED_EDGE('',*,*,#2196,.T.);
#2809=ORIENTED_EDGE('',*,*,#2197,.T.);
#2810=ORIENTED_EDGE('',*,*,#2198,.T.);
#2811=ORIENTED_EDGE('',*,*,#2199,.T.);
#2812=ORIENTED_EDGE('',*,*,#2200,.T.);
#2813=ORIENTED_EDGE('',*,*,#2201,.T.);
#2814=ORIENTED_EDGE('',*,*,#2202,.T.);
#2815=ORIENTED_EDGE('',*,*,#2203,.T.);
#2816=ORIENTED_EDGE('',*,*,#2097,.T.);
#2817=ORIENTED_EDGE('',*,*,#2204,.T.);
#2818=ORIENTED_EDGE('',*,*,#2205,.T.);
#2819=ORIENTED_EDGE('',*,*,#2206,.T.);
#2820=ORIENTED_EDGE('',*,*,#2093,.T.);
#2821=ORIENTED_EDGE('',*,*,#2091,.T.);
#2822=ORIENTED_EDGE('',*,*,#2207,.T.);
#2823=ORIENTED_EDGE('',*,*,#2208,.T.);
#2824=ORIENTED_EDGE('',*,*,#2209,.T.);
#2825=ORIENTED_EDGE('',*,*,#2210,.T.);
#2826=ORIENTED_EDGE('',*,*,#2211,.T.);
#2827=ORIENTED_EDGE('',*,*,#2212,.T.);
#2828=ORIENTED_EDGE('',*,*,#2213,.T.);
#2829=ORIENTED_EDGE('',*,*,#2214,.T.);
#2830=ORIENTED_EDGE('',*,*,#2215,.T.);
#2831=ORIENTED_EDGE('',*,*,#2216,.T.);
#2832=ORIENTED_EDGE('',*,*,#2217,.T.);
#2833=ORIENTED_EDGE('',*,*,#2218,.T.);
#2834=ORIENTED_EDGE('',*,*,#2219,.T.);
#2835=ORIENTED_EDGE('',*,*,#2220,.T.);
#2836=ORIENTED_EDGE('',*,*,#2221,.T.);
#2837=ORIENTED_EDGE('',*,*,#2222,.T.);
#2838=ORIENTED_EDGE('',*,*,#2223,.T.);
#2839=ORIENTED_EDGE('',*,*,#2224,.T.);
#2840=ORIENTED_EDGE('',*,*,#2225,.T.);
#2841=ORIENTED_EDGE('',*,*,#2226,.T.);
#2842=ORIENTED_EDGE('',*,*,#2227,.T.);
#2843=ORIENTED_EDGE('',*,*,#2228,.T.);
#2844=ORIENTED_EDGE('',*,*,#2156,.T.);
#2845=ORIENTED_EDGE('',*,*,#2229,.T.);
#2846=ORIENTED_EDGE('',*,*,#2230,.T.);
#2847=ORIENTED_EDGE('',*,*,#2231,.T.);
#2848=ORIENTED_EDGE('',*,*,#2152,.T.);
#2849=ORIENTED_EDGE('',*,*,#2150,.T.);
#2850=ORIENTED_EDGE('',*,*,#2129,.T.);
#2851=ORIENTED_EDGE('',*,*,#2232,.T.);
#2852=ORIENTED_EDGE('',*,*,#2139,.T.);
#2853=ORIENTED_EDGE('',*,*,#2133,.T.);
#2854=ORIENTED_EDGE('',*,*,#2144,.F.);
#2855=ORIENTED_EDGE('',*,*,#2233,.T.);
#2856=ORIENTED_EDGE('',*,*,#2120,.T.);
#2857=ORIENTED_EDGE('',*,*,#2234,.F.);
#2858=ORIENTED_EDGE('',*,*,#2235,.T.);
#2859=ORIENTED_EDGE('',*,*,#2236,.F.);
#2860=ORIENTED_EDGE('',*,*,#2237,.T.);
#2861=ORIENTED_EDGE('',*,*,#2089,.T.);
#2862=ORIENTED_EDGE('',*,*,#2101,.T.);
#2863=ORIENTED_EDGE('',*,*,#2238,.F.);
#2864=ORIENTED_EDGE('',*,*,#2239,.F.);
#2865=ORIENTED_EDGE('',*,*,#2240,.F.);
#2866=ORIENTED_EDGE('',*,*,#2241,.F.);
#2867=ORIENTED_EDGE('',*,*,#2136,.T.);
#2868=ORIENTED_EDGE('',*,*,#2126,.T.);
#2869=ORIENTED_EDGE('',*,*,#2141,.T.);
#2870=ORIENTED_EDGE('',*,*,#2242,.F.);
#2871=ORIENTED_EDGE('',*,*,#2243,.F.);
#2872=ORIENTED_EDGE('',*,*,#2244,.F.);
#2873=ORIENTED_EDGE('',*,*,#2142,.T.);
#2874=ORIENTED_EDGE('',*,*,#2131,.T.);
#2875=ORIENTED_EDGE('',*,*,#2147,.T.);
#2876=ORIENTED_EDGE('',*,*,#2245,.F.);
#2877=ORIENTED_EDGE('',*,*,#2246,.F.);
#2878=ORIENTED_EDGE('',*,*,#2247,.F.);
#2879=ORIENTED_EDGE('',*,*,#2248,.F.);
#2880=ORIENTED_EDGE('',*,*,#2121,.T.);
#2881=ORIENTED_EDGE('',*,*,#2102,.T.);
#2882=ORIENTED_EDGE('',*,*,#2125,.T.);
#2883=ORIENTED_EDGE('',*,*,#2249,.F.);
#2884=ORIENTED_EDGE('',*,*,#2250,.F.);
#2885=ORIENTED_EDGE('',*,*,#2251,.F.);
#2886=ORIENTED_EDGE('',*,*,#2116,.T.);
#2887=ORIENTED_EDGE('',*,*,#2107,.T.);
#2888=ORIENTED_EDGE('',*,*,#2158,.T.);
#2889=ORIENTED_EDGE('',*,*,#2252,.F.);
#2890=ORIENTED_EDGE('',*,*,#2253,.T.);
#2891=ORIENTED_EDGE('',*,*,#2148,.T.);
#2892=ORIENTED_EDGE('',*,*,#2254,.F.);
#2893=ORIENTED_EDGE('',*,*,#2255,.F.);
#2894=ORIENTED_EDGE('',*,*,#2256,.F.);
#2895=ORIENTED_EDGE('',*,*,#2257,.F.);
#2896=ORIENTED_EDGE('',*,*,#2100,.F.);
#2897=ORIENTED_EDGE('',*,*,#2258,.T.);
#2898=ORIENTED_EDGE('',*,*,#2259,.T.);
#2899=ORIENTED_EDGE('',*,*,#2238,.T.);
#2900=ORIENTED_EDGE('',*,*,#2260,.F.);
#2901=ORIENTED_EDGE('',*,*,#2236,.T.);
#2902=ORIENTED_EDGE('',*,*,#2261,.T.);
#2903=ORIENTED_EDGE('',*,*,#2262,.T.);
#2904=ORIENTED_EDGE('',*,*,#2239,.T.);
#2905=ORIENTED_EDGE('',*,*,#2259,.F.);
#2906=ORIENTED_EDGE('',*,*,#2263,.F.);
#2907=ORIENTED_EDGE('',*,*,#2264,.T.);
#2908=ORIENTED_EDGE('',*,*,#2252,.T.);
#2909=ORIENTED_EDGE('',*,*,#2157,.F.);
#2910=ORIENTED_EDGE('',*,*,#2228,.F.);
#2911=ORIENTED_EDGE('',*,*,#2265,.T.);
#2912=ORIENTED_EDGE('',*,*,#2266,.F.);
#2913=ORIENTED_EDGE('',*,*,#2267,.T.);
#2914=ORIENTED_EDGE('',*,*,#2268,.F.);
#2915=ORIENTED_EDGE('',*,*,#2269,.T.);
#2916=ORIENTED_EDGE('',*,*,#2270,.F.);
#2917=ORIENTED_EDGE('',*,*,#2240,.T.);
#2918=ORIENTED_EDGE('',*,*,#2264,.F.);
#2919=ORIENTED_EDGE('',*,*,#2271,.F.);
#2920=ORIENTED_EDGE('',*,*,#2272,.F.);
#2921=ORIENTED_EDGE('',*,*,#2243,.T.);
#2922=ORIENTED_EDGE('',*,*,#2273,.F.);
#2923=ORIENTED_EDGE('',*,*,#2274,.T.);
#2924=ORIENTED_EDGE('',*,*,#2275,.F.);
#2925=ORIENTED_EDGE('',*,*,#2276,.T.);
#2926=ORIENTED_EDGE('',*,*,#2277,.F.);
#2927=ORIENTED_EDGE('',*,*,#2278,.T.);
#2928=ORIENTED_EDGE('',*,*,#2279,.F.);
#2929=ORIENTED_EDGE('',*,*,#2280,.T.);
#2930=ORIENTED_EDGE('',*,*,#2281,.T.);
#2931=ORIENTED_EDGE('',*,*,#2246,.T.);
#2932=ORIENTED_EDGE('',*,*,#2282,.F.);
#2933=ORIENTED_EDGE('',*,*,#2283,.F.);
#2934=ORIENTED_EDGE('',*,*,#2276,.F.);
#2935=ORIENTED_EDGE('',*,*,#2284,.F.);
#2936=ORIENTED_EDGE('',*,*,#2269,.F.);
#2937=ORIENTED_EDGE('',*,*,#2285,.F.);
#2938=ORIENTED_EDGE('',*,*,#2244,.T.);
#2939=ORIENTED_EDGE('',*,*,#2272,.T.);
#2940=ORIENTED_EDGE('',*,*,#2286,.F.);
#2941=ORIENTED_EDGE('',*,*,#2287,.F.);
#2942=ORIENTED_EDGE('',*,*,#2288,.F.);
#2943=ORIENTED_EDGE('',*,*,#2289,.T.);
#2944=ORIENTED_EDGE('',*,*,#2290,.T.);
#2945=ORIENTED_EDGE('',*,*,#2291,.T.);
#2946=ORIENTED_EDGE('',*,*,#2177,.F.);
#2947=ORIENTED_EDGE('',*,*,#2233,.F.);
#2948=ORIENTED_EDGE('',*,*,#2143,.T.);
#2949=ORIENTED_EDGE('',*,*,#2277,.T.);
#2950=ORIENTED_EDGE('',*,*,#2283,.T.);
#2951=ORIENTED_EDGE('',*,*,#2292,.F.);
#2952=ORIENTED_EDGE('',*,*,#2293,.F.);
#2953=ORIENTED_EDGE('',*,*,#2294,.F.);
#2954=ORIENTED_EDGE('',*,*,#2295,.F.);
#2955=ORIENTED_EDGE('',*,*,#2296,.T.);
#2956=ORIENTED_EDGE('',*,*,#2297,.F.);
#2957=ORIENTED_EDGE('',*,*,#2241,.T.);
#2958=ORIENTED_EDGE('',*,*,#2270,.T.);
#2959=ORIENTED_EDGE('',*,*,#2298,.F.);
#2960=ORIENTED_EDGE('',*,*,#2299,.F.);
#2961=ORIENTED_EDGE('',*,*,#2300,.F.);
#2962=ORIENTED_EDGE('',*,*,#2301,.F.);
#2963=ORIENTED_EDGE('',*,*,#2302,.F.);
#2964=ORIENTED_EDGE('',*,*,#2303,.T.);
#2965=ORIENTED_EDGE('',*,*,#2188,.F.);
#2966=ORIENTED_EDGE('',*,*,#2137,.T.);
#2967=ORIENTED_EDGE('',*,*,#2266,.T.);
#2968=ORIENTED_EDGE('',*,*,#2284,.T.);
#2969=ORIENTED_EDGE('',*,*,#2304,.T.);
#2970=ORIENTED_EDGE('',*,*,#2305,.T.);
#2971=ORIENTED_EDGE('',*,*,#2306,.T.);
#2972=ORIENTED_EDGE('',*,*,#2307,.F.);
#2973=ORIENTED_EDGE('',*,*,#2308,.T.);
#2974=ORIENTED_EDGE('',*,*,#2309,.F.);
#2975=ORIENTED_EDGE('',*,*,#2310,.F.);
#2976=ORIENTED_EDGE('',*,*,#2247,.T.);
#2977=ORIENTED_EDGE('',*,*,#2281,.F.);
#2978=ORIENTED_EDGE('',*,*,#2311,.F.);
#2979=ORIENTED_EDGE('',*,*,#2312,.F.);
#2980=ORIENTED_EDGE('',*,*,#2313,.T.);
#2981=ORIENTED_EDGE('',*,*,#2261,.F.);
#2982=ORIENTED_EDGE('',*,*,#2235,.F.);
#2983=ORIENTED_EDGE('',*,*,#2314,.F.);
#2984=ORIENTED_EDGE('',*,*,#2250,.T.);
#2985=ORIENTED_EDGE('',*,*,#2315,.F.);
#2986=ORIENTED_EDGE('',*,*,#2316,.T.);
#2987=ORIENTED_EDGE('',*,*,#2316,.F.);
#2988=ORIENTED_EDGE('',*,*,#2317,.T.);
#2989=ORIENTED_EDGE('',*,*,#2318,.T.);
#2990=ORIENTED_EDGE('',*,*,#2319,.T.);
#2991=ORIENTED_EDGE('',*,*,#2311,.T.);
#2992=ORIENTED_EDGE('',*,*,#2280,.F.);
#2993=ORIENTED_EDGE('',*,*,#2320,.T.);
#2994=ORIENTED_EDGE('',*,*,#2321,.T.);
#2995=ORIENTED_EDGE('',*,*,#2322,.T.);
#2996=ORIENTED_EDGE('',*,*,#2278,.F.);
#2997=ORIENTED_EDGE('',*,*,#2297,.T.);
#2998=ORIENTED_EDGE('',*,*,#2323,.T.);
#2999=ORIENTED_EDGE('',*,*,#2286,.T.);
#3000=ORIENTED_EDGE('',*,*,#2274,.F.);
#3001=ORIENTED_EDGE('',*,*,#2324,.T.);
#3002=ORIENTED_EDGE('',*,*,#2325,.T.);
#3003=ORIENTED_EDGE('',*,*,#2326,.T.);
#3004=ORIENTED_EDGE('',*,*,#2267,.F.);
#3005=ORIENTED_EDGE('',*,*,#2309,.T.);
#3006=ORIENTED_EDGE('',*,*,#2327,.T.);
#3007=ORIENTED_EDGE('',*,*,#2298,.T.);
#3008=ORIENTED_EDGE('',*,*,#2271,.T.);
#3009=ORIENTED_EDGE('',*,*,#2263,.T.);
#3010=ORIENTED_EDGE('',*,*,#2258,.F.);
#3011=ORIENTED_EDGE('',*,*,#2099,.T.);
#3012=ORIENTED_EDGE('',*,*,#2328,.T.);
#3013=ORIENTED_EDGE('',*,*,#2329,.T.);
#3014=ORIENTED_EDGE('',*,*,#2262,.F.);
#3015=ORIENTED_EDGE('',*,*,#2313,.F.);
#3016=ORIENTED_EDGE('',*,*,#2330,.T.);
#3017=ORIENTED_EDGE('',*,*,#2331,.T.);
#3018=ORIENTED_EDGE('',*,*,#2332,.T.);
#3019=ORIENTED_EDGE('',*,*,#2333,.F.);
#3020=ORIENTED_EDGE('',*,*,#2334,.F.);
#3021=ORIENTED_EDGE('',*,*,#2335,.F.);
#3022=ORIENTED_EDGE('',*,*,#2336,.T.);
#3023=ORIENTED_EDGE('',*,*,#2337,.F.);
#3024=ORIENTED_EDGE('',*,*,#2338,.F.);
#3025=ORIENTED_EDGE('',*,*,#2339,.F.);
#3026=ORIENTED_EDGE('',*,*,#2340,.F.);
#3027=ORIENTED_EDGE('',*,*,#2341,.T.);
#3028=ORIENTED_EDGE('',*,*,#2342,.T.);
#3029=ORIENTED_EDGE('',*,*,#2343,.T.);
#3030=ORIENTED_EDGE('',*,*,#2344,.T.);
#3031=ORIENTED_EDGE('',*,*,#2312,.T.);
#3032=ORIENTED_EDGE('',*,*,#2234,.T.);
#3033=ORIENTED_EDGE('',*,*,#2119,.F.);
#3034=ORIENTED_EDGE('',*,*,#2197,.F.);
#3035=ORIENTED_EDGE('',*,*,#2345,.F.);
#3036=ORIENTED_EDGE('',*,*,#2346,.F.);
#3037=ORIENTED_EDGE('',*,*,#2347,.T.);
#3038=ORIENTED_EDGE('',*,*,#2165,.F.);
#3039=ORIENTED_EDGE('',*,*,#2348,.T.);
#3040=ORIENTED_EDGE('',*,*,#2330,.F.);
#3041=ORIENTED_EDGE('',*,*,#2315,.T.);
#3042=ORIENTED_EDGE('',*,*,#2249,.T.);
#3043=ORIENTED_EDGE('',*,*,#2124,.F.);
#3044=ORIENTED_EDGE('',*,*,#2112,.F.);
#3045=ORIENTED_EDGE('',*,*,#2174,.F.);
#3046=ORIENTED_EDGE('',*,*,#2349,.F.);
#3047=ORIENTED_EDGE('',*,*,#2350,.T.);
#3048=ORIENTED_EDGE('',*,*,#2351,.T.);
#3049=ORIENTED_EDGE('',*,*,#2170,.F.);
#3050=ORIENTED_EDGE('',*,*,#2352,.T.);
#3051=ORIENTED_EDGE('',*,*,#2317,.F.);
#3052=ORIENTED_EDGE('',*,*,#2164,.F.);
#3053=ORIENTED_EDGE('',*,*,#2353,.T.);
#3054=ORIENTED_EDGE('',*,*,#2331,.F.);
#3055=ORIENTED_EDGE('',*,*,#2348,.F.);
#3056=ORIENTED_EDGE('',*,*,#2354,.F.);
#3057=ORIENTED_EDGE('',*,*,#2299,.T.);
#3058=ORIENTED_EDGE('',*,*,#2327,.F.);
#3059=ORIENTED_EDGE('',*,*,#2308,.F.);
#3060=ORIENTED_EDGE('',*,*,#2355,.F.);
#3061=ORIENTED_EDGE('',*,*,#2356,.T.);
#3062=ORIENTED_EDGE('',*,*,#2325,.F.);
#3063=ORIENTED_EDGE('',*,*,#2357,.F.);
#3064=ORIENTED_EDGE('',*,*,#2354,.T.);
#3065=ORIENTED_EDGE('',*,*,#2307,.T.);
#3066=ORIENTED_EDGE('',*,*,#2358,.T.);
#3067=ORIENTED_EDGE('',*,*,#2359,.T.);
#3068=ORIENTED_EDGE('',*,*,#2360,.T.);
#3069=ORIENTED_EDGE('',*,*,#2355,.T.);
#3070=ORIENTED_EDGE('',*,*,#2361,.T.);
#3071=ORIENTED_EDGE('',*,*,#2362,.T.);
#3072=ORIENTED_EDGE('',*,*,#2288,.T.);
#3073=ORIENTED_EDGE('',*,*,#2363,.T.);
#3074=ORIENTED_EDGE('',*,*,#2295,.T.);
#3075=ORIENTED_EDGE('',*,*,#2364,.T.);
#3076=ORIENTED_EDGE('',*,*,#2365,.T.);
#3077=ORIENTED_EDGE('',*,*,#2366,.T.);
#3078=ORIENTED_EDGE('',*,*,#2367,.T.);
#3079=ORIENTED_EDGE('',*,*,#2368,.T.);
#3080=ORIENTED_EDGE('',*,*,#2369,.T.);
#3081=ORIENTED_EDGE('',*,*,#2370,.T.);
#3082=ORIENTED_EDGE('',*,*,#2300,.T.);
#3083=ORIENTED_EDGE('',*,*,#2371,.T.);
#3084=ORIENTED_EDGE('',*,*,#2372,.T.);
#3085=ORIENTED_EDGE('',*,*,#2373,.T.);
#3086=ORIENTED_EDGE('',*,*,#2374,.T.);
#3087=ORIENTED_EDGE('',*,*,#2169,.F.);
#3088=ORIENTED_EDGE('',*,*,#2375,.T.);
#3089=ORIENTED_EDGE('',*,*,#2318,.F.);
#3090=ORIENTED_EDGE('',*,*,#2352,.F.);
#3091=ORIENTED_EDGE('',*,*,#2363,.F.);
#3092=ORIENTED_EDGE('',*,*,#2287,.T.);
#3093=ORIENTED_EDGE('',*,*,#2323,.F.);
#3094=ORIENTED_EDGE('',*,*,#2296,.F.);
#3095=ORIENTED_EDGE('',*,*,#2367,.F.);
#3096=ORIENTED_EDGE('',*,*,#2376,.T.);
#3097=ORIENTED_EDGE('',*,*,#2321,.F.);
#3098=ORIENTED_EDGE('',*,*,#2377,.F.);
#3099=ORIENTED_EDGE('',*,*,#2203,.F.);
#3100=ORIENTED_EDGE('',*,*,#2378,.T.);
#3101=ORIENTED_EDGE('',*,*,#2328,.F.);
#3102=ORIENTED_EDGE('',*,*,#2098,.F.);
#3103=ORIENTED_EDGE('',*,*,#2242,.T.);
#3104=ORIENTED_EDGE('',*,*,#2140,.F.);
#3105=ORIENTED_EDGE('',*,*,#2232,.F.);
#3106=ORIENTED_EDGE('',*,*,#2187,.F.);
#3107=ORIENTED_EDGE('',*,*,#2379,.F.);
#3108=ORIENTED_EDGE('',*,*,#2380,.T.);
#3109=ORIENTED_EDGE('',*,*,#2381,.T.);
#3110=ORIENTED_EDGE('',*,*,#2361,.F.);
#3111=ORIENTED_EDGE('',*,*,#2357,.T.);
#3112=ORIENTED_EDGE('',*,*,#2324,.F.);
#3113=ORIENTED_EDGE('',*,*,#2273,.T.);
#3114=ORIENTED_EDGE('',*,*,#2268,.T.);
#3115=ORIENTED_EDGE('',*,*,#2326,.F.);
#3116=ORIENTED_EDGE('',*,*,#2356,.F.);
#3117=ORIENTED_EDGE('',*,*,#2360,.F.);
#3118=ORIENTED_EDGE('',*,*,#2382,.F.);
#3119=ORIENTED_EDGE('',*,*,#2383,.T.);
#3120=ORIENTED_EDGE('',*,*,#2304,.F.);
#3121=ORIENTED_EDGE('',*,*,#2285,.T.);
#3122=ORIENTED_EDGE('',*,*,#2185,.F.);
#3123=ORIENTED_EDGE('',*,*,#2384,.F.);
#3124=ORIENTED_EDGE('',*,*,#2385,.F.);
#3125=ORIENTED_EDGE('',*,*,#2386,.F.);
#3126=ORIENTED_EDGE('',*,*,#2362,.F.);
#3127=ORIENTED_EDGE('',*,*,#2381,.F.);
#3128=ORIENTED_EDGE('',*,*,#2387,.F.);
#3129=ORIENTED_EDGE('',*,*,#2289,.F.);
#3130=ORIENTED_EDGE('',*,*,#2179,.F.);
#3131=ORIENTED_EDGE('',*,*,#2388,.F.);
#3132=ORIENTED_EDGE('',*,*,#2389,.F.);
#3133=ORIENTED_EDGE('',*,*,#2390,.F.);
#3134=ORIENTED_EDGE('',*,*,#2390,.T.);
#3135=ORIENTED_EDGE('',*,*,#2391,.T.);
#3136=ORIENTED_EDGE('',*,*,#2392,.T.);
#3137=ORIENTED_EDGE('',*,*,#2180,.F.);
#3138=ORIENTED_EDGE('',*,*,#2384,.T.);
#3139=ORIENTED_EDGE('',*,*,#2184,.F.);
#3140=ORIENTED_EDGE('',*,*,#2393,.F.);
#3141=ORIENTED_EDGE('',*,*,#2394,.T.);
#3142=ORIENTED_EDGE('',*,*,#2382,.T.);
#3143=ORIENTED_EDGE('',*,*,#2359,.F.);
#3144=ORIENTED_EDGE('',*,*,#2395,.F.);
#3145=ORIENTED_EDGE('',*,*,#2396,.T.);
#3146=ORIENTED_EDGE('',*,*,#2386,.T.);
#3147=ORIENTED_EDGE('',*,*,#2397,.T.);
#3148=ORIENTED_EDGE('',*,*,#2379,.T.);
#3149=ORIENTED_EDGE('',*,*,#2186,.F.);
#3150=ORIENTED_EDGE('',*,*,#2398,.T.);
#3151=ORIENTED_EDGE('',*,*,#2395,.T.);
#3152=ORIENTED_EDGE('',*,*,#2358,.F.);
#3153=ORIENTED_EDGE('',*,*,#2306,.F.);
#3154=ORIENTED_EDGE('',*,*,#2207,.F.);
#3155=ORIENTED_EDGE('',*,*,#2399,.T.);
#3156=ORIENTED_EDGE('',*,*,#2400,.T.);
#3157=ORIENTED_EDGE('',*,*,#2399,.F.);
#3158=ORIENTED_EDGE('',*,*,#2374,.F.);
#3159=ORIENTED_EDGE('',*,*,#2401,.T.);
#3160=ORIENTED_EDGE('',*,*,#2402,.T.);
#3161=ORIENTED_EDGE('',*,*,#2401,.F.);
#3162=ORIENTED_EDGE('',*,*,#2208,.F.);
#3163=ORIENTED_EDGE('',*,*,#2403,.T.);
#3164=ORIENTED_EDGE('',*,*,#2404,.T.);
#3165=ORIENTED_EDGE('',*,*,#2403,.F.);
#3166=ORIENTED_EDGE('',*,*,#2209,.F.);
#3167=ORIENTED_EDGE('',*,*,#2405,.T.);
#3168=ORIENTED_EDGE('',*,*,#2406,.T.);
#3169=ORIENTED_EDGE('',*,*,#2405,.F.);
#3170=ORIENTED_EDGE('',*,*,#2407,.T.);
#3171=ORIENTED_EDGE('',*,*,#2408,.T.);
#3172=ORIENTED_EDGE('',*,*,#2182,.F.);
#3173=ORIENTED_EDGE('',*,*,#2409,.F.);
#3174=ORIENTED_EDGE('',*,*,#2410,.T.);
#3175=ORIENTED_EDGE('',*,*,#2409,.T.);
#3176=ORIENTED_EDGE('',*,*,#2181,.F.);
#3177=ORIENTED_EDGE('',*,*,#2392,.F.);
#3178=ORIENTED_EDGE('',*,*,#2411,.T.);
#3179=ORIENTED_EDGE('',*,*,#2393,.T.);
#3180=ORIENTED_EDGE('',*,*,#2183,.F.);
#3181=ORIENTED_EDGE('',*,*,#2408,.F.);
#3182=ORIENTED_EDGE('',*,*,#2210,.F.);
#3183=ORIENTED_EDGE('',*,*,#2412,.T.);
#3184=ORIENTED_EDGE('',*,*,#2413,.T.);
#3185=ORIENTED_EDGE('',*,*,#2412,.F.);
#3186=ORIENTED_EDGE('',*,*,#2211,.F.);
#3187=ORIENTED_EDGE('',*,*,#2414,.T.);
#3188=ORIENTED_EDGE('',*,*,#2415,.T.);
#3189=ORIENTED_EDGE('',*,*,#2414,.F.);
#3190=ORIENTED_EDGE('',*,*,#2212,.F.);
#3191=ORIENTED_EDGE('',*,*,#2416,.T.);
#3192=ORIENTED_EDGE('',*,*,#2417,.T.);
#3193=ORIENTED_EDGE('',*,*,#2416,.F.);
#3194=ORIENTED_EDGE('',*,*,#2373,.F.);
#3195=ORIENTED_EDGE('',*,*,#2418,.T.);
#3196=ORIENTED_EDGE('',*,*,#2419,.T.);
#3197=ORIENTED_EDGE('',*,*,#2418,.F.);
#3198=ORIENTED_EDGE('',*,*,#2420,.T.);
#3199=ORIENTED_EDGE('',*,*,#2094,.T.);
#3200=ORIENTED_EDGE('',*,*,#2206,.F.);
#3201=ORIENTED_EDGE('',*,*,#2421,.F.);
#3202=ORIENTED_EDGE('',*,*,#2422,.T.);
#3203=ORIENTED_EDGE('',*,*,#2421,.T.);
#3204=ORIENTED_EDGE('',*,*,#2205,.F.);
#3205=ORIENTED_EDGE('',*,*,#2423,.F.);
#3206=ORIENTED_EDGE('',*,*,#2424,.T.);
#3207=ORIENTED_EDGE('',*,*,#2423,.T.);
#3208=ORIENTED_EDGE('',*,*,#2204,.F.);
#3209=ORIENTED_EDGE('',*,*,#2096,.F.);
#3210=ORIENTED_EDGE('',*,*,#2213,.F.);
#3211=ORIENTED_EDGE('',*,*,#2425,.T.);
#3212=ORIENTED_EDGE('',*,*,#2426,.T.);
#3213=ORIENTED_EDGE('',*,*,#2425,.F.);
#3214=ORIENTED_EDGE('',*,*,#2214,.F.);
#3215=ORIENTED_EDGE('',*,*,#2427,.T.);
#3216=ORIENTED_EDGE('',*,*,#2428,.T.);
#3217=ORIENTED_EDGE('',*,*,#2427,.F.);
#3218=ORIENTED_EDGE('',*,*,#2429,.T.);
#3219=ORIENTED_EDGE('',*,*,#2349,.T.);
#3220=ORIENTED_EDGE('',*,*,#2173,.F.);
#3221=ORIENTED_EDGE('',*,*,#2430,.F.);
#3222=ORIENTED_EDGE('',*,*,#2431,.T.);
#3223=ORIENTED_EDGE('',*,*,#2430,.T.);
#3224=ORIENTED_EDGE('',*,*,#2172,.F.);
#3225=ORIENTED_EDGE('',*,*,#2432,.F.);
#3226=ORIENTED_EDGE('',*,*,#2433,.T.);
#3227=ORIENTED_EDGE('',*,*,#2432,.T.);
#3228=ORIENTED_EDGE('',*,*,#2171,.F.);
#3229=ORIENTED_EDGE('',*,*,#2351,.F.);
#3230=ORIENTED_EDGE('',*,*,#2372,.F.);
#3231=ORIENTED_EDGE('',*,*,#2434,.T.);
#3232=ORIENTED_EDGE('',*,*,#2435,.T.);
#3233=ORIENTED_EDGE('',*,*,#2434,.F.);
#3234=ORIENTED_EDGE('',*,*,#2436,.T.);
#3235=ORIENTED_EDGE('',*,*,#2437,.T.);
#3236=ORIENTED_EDGE('',*,*,#2160,.F.);
#3237=ORIENTED_EDGE('',*,*,#2438,.F.);
#3238=ORIENTED_EDGE('',*,*,#2314,.T.);
#3239=ORIENTED_EDGE('',*,*,#2332,.F.);
#3240=ORIENTED_EDGE('',*,*,#2353,.F.);
#3241=ORIENTED_EDGE('',*,*,#2163,.F.);
#3242=ORIENTED_EDGE('',*,*,#2439,.F.);
#3243=ORIENTED_EDGE('',*,*,#2440,.T.);
#3244=ORIENTED_EDGE('',*,*,#2438,.T.);
#3245=ORIENTED_EDGE('',*,*,#2159,.F.);
#3246=ORIENTED_EDGE('',*,*,#2115,.F.);
#3247=ORIENTED_EDGE('',*,*,#2117,.T.);
#3248=ORIENTED_EDGE('',*,*,#2251,.T.);
#3249=ORIENTED_EDGE('',*,*,#2441,.T.);
#3250=ORIENTED_EDGE('',*,*,#2439,.T.);
#3251=ORIENTED_EDGE('',*,*,#2162,.F.);
#3252=ORIENTED_EDGE('',*,*,#2442,.F.);
#3253=ORIENTED_EDGE('',*,*,#2443,.T.);
#3254=ORIENTED_EDGE('',*,*,#2442,.T.);
#3255=ORIENTED_EDGE('',*,*,#2161,.F.);
#3256=ORIENTED_EDGE('',*,*,#2437,.F.);
#3257=ORIENTED_EDGE('',*,*,#2215,.F.);
#3258=ORIENTED_EDGE('',*,*,#2444,.T.);
#3259=ORIENTED_EDGE('',*,*,#2445,.T.);
#3260=ORIENTED_EDGE('',*,*,#2444,.F.);
#3261=ORIENTED_EDGE('',*,*,#2446,.T.);
#3262=ORIENTED_EDGE('',*,*,#2153,.T.);
#3263=ORIENTED_EDGE('',*,*,#2231,.F.);
#3264=ORIENTED_EDGE('',*,*,#2447,.F.);
#3265=ORIENTED_EDGE('',*,*,#2448,.T.);
#3266=ORIENTED_EDGE('',*,*,#2447,.T.);
#3267=ORIENTED_EDGE('',*,*,#2230,.F.);
#3268=ORIENTED_EDGE('',*,*,#2449,.F.);
#3269=ORIENTED_EDGE('',*,*,#2450,.T.);
#3270=ORIENTED_EDGE('',*,*,#2449,.T.);
#3271=ORIENTED_EDGE('',*,*,#2229,.F.);
#3272=ORIENTED_EDGE('',*,*,#2155,.F.);
#3273=ORIENTED_EDGE('',*,*,#2388,.T.);
#3274=ORIENTED_EDGE('',*,*,#2178,.F.);
#3275=ORIENTED_EDGE('',*,*,#2291,.F.);
#3276=ORIENTED_EDGE('',*,*,#2451,.T.);
#3277=ORIENTED_EDGE('',*,*,#2275,.T.);
#3278=ORIENTED_EDGE('',*,*,#2322,.F.);
#3279=ORIENTED_EDGE('',*,*,#2376,.F.);
#3280=ORIENTED_EDGE('',*,*,#2366,.F.);
#3281=ORIENTED_EDGE('',*,*,#2452,.F.);
#3282=ORIENTED_EDGE('',*,*,#2453,.T.);
#3283=ORIENTED_EDGE('',*,*,#2292,.T.);
#3284=ORIENTED_EDGE('',*,*,#2282,.T.);
#3285=ORIENTED_EDGE('',*,*,#2454,.T.);
#3286=ORIENTED_EDGE('',*,*,#2452,.T.);
#3287=ORIENTED_EDGE('',*,*,#2365,.F.);
#3288=ORIENTED_EDGE('',*,*,#2455,.F.);
#3289=ORIENTED_EDGE('',*,*,#2294,.T.);
#3290=ORIENTED_EDGE('',*,*,#2456,.T.);
#3291=ORIENTED_EDGE('',*,*,#2455,.T.);
#3292=ORIENTED_EDGE('',*,*,#2364,.F.);
#3293=ORIENTED_EDGE('',*,*,#2216,.F.);
#3294=ORIENTED_EDGE('',*,*,#2457,.T.);
#3295=ORIENTED_EDGE('',*,*,#2458,.T.);
#3296=ORIENTED_EDGE('',*,*,#2457,.F.);
#3297=ORIENTED_EDGE('',*,*,#2217,.F.);
#3298=ORIENTED_EDGE('',*,*,#2459,.T.);
#3299=ORIENTED_EDGE('',*,*,#2460,.T.);
#3300=ORIENTED_EDGE('',*,*,#2459,.F.);
#3301=ORIENTED_EDGE('',*,*,#2218,.F.);
#3302=ORIENTED_EDGE('',*,*,#2461,.T.);
#3303=ORIENTED_EDGE('',*,*,#2462,.T.);
#3304=ORIENTED_EDGE('',*,*,#2461,.F.);
#3305=ORIENTED_EDGE('',*,*,#2219,.F.);
#3306=ORIENTED_EDGE('',*,*,#2463,.T.);
#3307=ORIENTED_EDGE('',*,*,#2464,.T.);
#3308=ORIENTED_EDGE('',*,*,#2463,.F.);
#3309=ORIENTED_EDGE('',*,*,#2220,.F.);
#3310=ORIENTED_EDGE('',*,*,#2465,.T.);
#3311=ORIENTED_EDGE('',*,*,#2466,.T.);
#3312=ORIENTED_EDGE('',*,*,#2465,.F.);
#3313=ORIENTED_EDGE('',*,*,#2221,.F.);
#3314=ORIENTED_EDGE('',*,*,#2467,.T.);
#3315=ORIENTED_EDGE('',*,*,#2468,.T.);
#3316=ORIENTED_EDGE('',*,*,#2467,.F.);
#3317=ORIENTED_EDGE('',*,*,#2469,.T.);
#3318=ORIENTED_EDGE('',*,*,#2470,.T.);
#3319=ORIENTED_EDGE('',*,*,#2225,.F.);
#3320=ORIENTED_EDGE('',*,*,#2471,.F.);
#3321=ORIENTED_EDGE('',*,*,#2472,.T.);
#3322=ORIENTED_EDGE('',*,*,#2471,.T.);
#3323=ORIENTED_EDGE('',*,*,#2224,.F.);
#3324=ORIENTED_EDGE('',*,*,#2473,.F.);
#3325=ORIENTED_EDGE('',*,*,#2149,.T.);
#3326=ORIENTED_EDGE('',*,*,#2253,.F.);
#3327=ORIENTED_EDGE('',*,*,#2265,.F.);
#3328=ORIENTED_EDGE('',*,*,#2227,.F.);
#3329=ORIENTED_EDGE('',*,*,#2474,.F.);
#3330=ORIENTED_EDGE('',*,*,#2475,.T.);
#3331=ORIENTED_EDGE('',*,*,#2473,.T.);
#3332=ORIENTED_EDGE('',*,*,#2223,.F.);
#3333=ORIENTED_EDGE('',*,*,#2476,.T.);
#3334=ORIENTED_EDGE('',*,*,#2474,.T.);
#3335=ORIENTED_EDGE('',*,*,#2226,.F.);
#3336=ORIENTED_EDGE('',*,*,#2470,.F.);
#3337=ORIENTED_EDGE('',*,*,#2222,.F.);
#3338=ORIENTED_EDGE('',*,*,#2477,.T.);
#3339=ORIENTED_EDGE('',*,*,#2478,.T.);
#3340=ORIENTED_EDGE('',*,*,#2477,.F.);
#3341=ORIENTED_EDGE('',*,*,#2371,.F.);
#3342=ORIENTED_EDGE('',*,*,#2479,.T.);
#3343=ORIENTED_EDGE('',*,*,#2480,.T.);
#3344=ORIENTED_EDGE('',*,*,#2479,.F.);
#3345=ORIENTED_EDGE('',*,*,#2481,.T.);
#3346=ORIENTED_EDGE('',*,*,#2482,.T.);
#3347=ORIENTED_EDGE('',*,*,#2200,.F.);
#3348=ORIENTED_EDGE('',*,*,#2483,.F.);
#3349=ORIENTED_EDGE('',*,*,#2484,.T.);
#3350=ORIENTED_EDGE('',*,*,#2483,.T.);
#3351=ORIENTED_EDGE('',*,*,#2199,.F.);
#3352=ORIENTED_EDGE('',*,*,#2485,.F.);
#3353=ORIENTED_EDGE('',*,*,#2090,.T.);
#3354=ORIENTED_EDGE('',*,*,#2237,.F.);
#3355=ORIENTED_EDGE('',*,*,#2260,.T.);
#3356=ORIENTED_EDGE('',*,*,#2329,.F.);
#3357=ORIENTED_EDGE('',*,*,#2378,.F.);
#3358=ORIENTED_EDGE('',*,*,#2202,.F.);
#3359=ORIENTED_EDGE('',*,*,#2486,.F.);
#3360=ORIENTED_EDGE('',*,*,#2487,.T.);
#3361=ORIENTED_EDGE('',*,*,#2485,.T.);
#3362=ORIENTED_EDGE('',*,*,#2198,.F.);
#3363=ORIENTED_EDGE('',*,*,#2488,.T.);
#3364=ORIENTED_EDGE('',*,*,#2486,.T.);
#3365=ORIENTED_EDGE('',*,*,#2201,.F.);
#3366=ORIENTED_EDGE('',*,*,#2482,.F.);
#3367=ORIENTED_EDGE('',*,*,#2489,.F.);
#3368=ORIENTED_EDGE('',*,*,#2490,.T.);
#3369=ORIENTED_EDGE('',*,*,#2166,.F.);
#3370=ORIENTED_EDGE('',*,*,#2347,.F.);
#3371=ORIENTED_EDGE('',*,*,#2491,.F.);
#3372=ORIENTED_EDGE('',*,*,#2345,.T.);
#3373=ORIENTED_EDGE('',*,*,#2196,.F.);
#3374=ORIENTED_EDGE('',*,*,#2492,.F.);
#3375=ORIENTED_EDGE('',*,*,#2493,.F.);
#3376=ORIENTED_EDGE('',*,*,#2492,.T.);
#3377=ORIENTED_EDGE('',*,*,#2195,.F.);
#3378=ORIENTED_EDGE('',*,*,#2494,.F.);
#3379=ORIENTED_EDGE('',*,*,#2495,.F.);
#3380=ORIENTED_EDGE('',*,*,#2494,.T.);
#3381=ORIENTED_EDGE('',*,*,#2194,.F.);
#3382=ORIENTED_EDGE('',*,*,#2496,.F.);
#3383=ORIENTED_EDGE('',*,*,#2497,.F.);
#3384=ORIENTED_EDGE('',*,*,#2496,.T.);
#3385=ORIENTED_EDGE('',*,*,#2193,.F.);
#3386=ORIENTED_EDGE('',*,*,#2498,.F.);
#3387=ORIENTED_EDGE('',*,*,#2499,.F.);
#3388=ORIENTED_EDGE('',*,*,#2498,.T.);
#3389=ORIENTED_EDGE('',*,*,#2192,.F.);
#3390=ORIENTED_EDGE('',*,*,#2500,.F.);
#3391=ORIENTED_EDGE('',*,*,#2501,.F.);
#3392=ORIENTED_EDGE('',*,*,#2500,.T.);
#3393=ORIENTED_EDGE('',*,*,#2191,.F.);
#3394=ORIENTED_EDGE('',*,*,#2502,.F.);
#3395=ORIENTED_EDGE('',*,*,#2503,.F.);
#3396=ORIENTED_EDGE('',*,*,#2502,.T.);
#3397=ORIENTED_EDGE('',*,*,#2190,.F.);
#3398=ORIENTED_EDGE('',*,*,#2504,.F.);
#3399=ORIENTED_EDGE('',*,*,#2505,.F.);
#3400=ORIENTED_EDGE('',*,*,#2504,.T.);
#3401=ORIENTED_EDGE('',*,*,#2189,.F.);
#3402=ORIENTED_EDGE('',*,*,#2303,.F.);
#3403=ORIENTED_EDGE('',*,*,#2506,.F.);
#3404=ORIENTED_EDGE('',*,*,#2301,.T.);
#3405=ORIENTED_EDGE('',*,*,#2370,.F.);
#3406=ORIENTED_EDGE('',*,*,#2507,.F.);
#3407=ORIENTED_EDGE('',*,*,#2508,.F.);
#3408=ORIENTED_EDGE('',*,*,#2507,.T.);
#3409=ORIENTED_EDGE('',*,*,#2369,.F.);
#3410=ORIENTED_EDGE('',*,*,#2509,.F.);
#3411=ORIENTED_EDGE('',*,*,#2245,.T.);
#3412=ORIENTED_EDGE('',*,*,#2146,.F.);
#3413=ORIENTED_EDGE('',*,*,#2176,.F.);
#3414=ORIENTED_EDGE('',*,*,#2510,.F.);
#3415=ORIENTED_EDGE('',*,*,#2511,.T.);
#3416=ORIENTED_EDGE('',*,*,#2509,.T.);
#3417=ORIENTED_EDGE('',*,*,#2368,.F.);
#3418=ORIENTED_EDGE('',*,*,#2377,.T.);
#3419=ORIENTED_EDGE('',*,*,#2320,.F.);
#3420=ORIENTED_EDGE('',*,*,#2279,.T.);
#3421=ORIENTED_EDGE('',*,*,#2310,.T.);
#3422=ORIENTED_EDGE('',*,*,#2319,.F.);
#3423=ORIENTED_EDGE('',*,*,#2375,.F.);
#3424=ORIENTED_EDGE('',*,*,#2168,.F.);
#3425=ORIENTED_EDGE('',*,*,#2512,.F.);
#3426=ORIENTED_EDGE('',*,*,#2513,.T.);
#3427=ORIENTED_EDGE('',*,*,#2510,.T.);
#3428=ORIENTED_EDGE('',*,*,#2175,.F.);
#3429=ORIENTED_EDGE('',*,*,#2122,.T.);
#3430=ORIENTED_EDGE('',*,*,#2248,.T.);
#3431=ORIENTED_EDGE('',*,*,#2514,.T.);
#3432=ORIENTED_EDGE('',*,*,#2512,.T.);
#3433=ORIENTED_EDGE('',*,*,#2167,.F.);
#3434=ORIENTED_EDGE('',*,*,#2490,.F.);
#3435=ORIENTED_EDGE('',*,*,#2514,.F.);
#3436=ORIENTED_EDGE('',*,*,#2489,.T.);
#3437=ORIENTED_EDGE('',*,*,#2346,.T.);
#3438=ORIENTED_EDGE('',*,*,#2491,.T.);
#3439=ORIENTED_EDGE('',*,*,#2493,.T.);
#3440=ORIENTED_EDGE('',*,*,#2495,.T.);
#3441=ORIENTED_EDGE('',*,*,#2497,.T.);
#3442=ORIENTED_EDGE('',*,*,#2499,.T.);
#3443=ORIENTED_EDGE('',*,*,#2501,.T.);
#3444=ORIENTED_EDGE('',*,*,#2503,.T.);
#3445=ORIENTED_EDGE('',*,*,#2505,.T.);
#3446=ORIENTED_EDGE('',*,*,#2302,.T.);
#3447=ORIENTED_EDGE('',*,*,#2506,.T.);
#3448=ORIENTED_EDGE('',*,*,#2508,.T.);
#3449=ORIENTED_EDGE('',*,*,#2511,.F.);
#3450=ORIENTED_EDGE('',*,*,#2513,.F.);
#3451=ORIENTED_EDGE('',*,*,#2453,.F.);
#3452=ORIENTED_EDGE('',*,*,#2454,.F.);
#3453=ORIENTED_EDGE('',*,*,#2456,.F.);
#3454=ORIENTED_EDGE('',*,*,#2293,.T.);
#3455=ORIENTED_EDGE('',*,*,#2290,.F.);
#3456=ORIENTED_EDGE('',*,*,#2387,.T.);
#3457=ORIENTED_EDGE('',*,*,#2380,.F.);
#3458=ORIENTED_EDGE('',*,*,#2397,.F.);
#3459=ORIENTED_EDGE('',*,*,#2385,.T.);
#3460=ORIENTED_EDGE('',*,*,#2394,.F.);
#3461=ORIENTED_EDGE('',*,*,#2411,.F.);
#3462=ORIENTED_EDGE('',*,*,#2407,.F.);
#3463=ORIENTED_EDGE('',*,*,#2410,.F.);
#3464=ORIENTED_EDGE('',*,*,#2391,.F.);
#3465=ORIENTED_EDGE('',*,*,#2389,.T.);
#3466=ORIENTED_EDGE('',*,*,#2451,.F.);
#3467=ORIENTED_EDGE('',*,*,#2400,.F.);
#3468=ORIENTED_EDGE('',*,*,#2402,.F.);
#3469=ORIENTED_EDGE('',*,*,#2404,.F.);
#3470=ORIENTED_EDGE('',*,*,#2406,.F.);
#3471=ORIENTED_EDGE('',*,*,#2413,.F.);
#3472=ORIENTED_EDGE('',*,*,#2415,.F.);
#3473=ORIENTED_EDGE('',*,*,#2417,.F.);
#3474=ORIENTED_EDGE('',*,*,#2419,.F.);
#3475=ORIENTED_EDGE('',*,*,#2095,.F.);
#3476=ORIENTED_EDGE('',*,*,#2420,.F.);
#3477=ORIENTED_EDGE('',*,*,#2422,.F.);
#3478=ORIENTED_EDGE('',*,*,#2424,.F.);
#3479=ORIENTED_EDGE('',*,*,#2426,.F.);
#3480=ORIENTED_EDGE('',*,*,#2428,.F.);
#3481=ORIENTED_EDGE('',*,*,#2433,.F.);
#3482=ORIENTED_EDGE('',*,*,#2350,.F.);
#3483=ORIENTED_EDGE('',*,*,#2429,.F.);
#3484=ORIENTED_EDGE('',*,*,#2431,.F.);
#3485=ORIENTED_EDGE('',*,*,#2435,.F.);
#3486=ORIENTED_EDGE('',*,*,#2443,.F.);
#3487=ORIENTED_EDGE('',*,*,#2436,.F.);
#3488=ORIENTED_EDGE('',*,*,#2440,.F.);
#3489=ORIENTED_EDGE('',*,*,#2441,.F.);
#3490=ORIENTED_EDGE('',*,*,#2445,.F.);
#3491=ORIENTED_EDGE('',*,*,#2154,.F.);
#3492=ORIENTED_EDGE('',*,*,#2446,.F.);
#3493=ORIENTED_EDGE('',*,*,#2448,.F.);
#3494=ORIENTED_EDGE('',*,*,#2450,.F.);
#3495=ORIENTED_EDGE('',*,*,#2458,.F.);
#3496=ORIENTED_EDGE('',*,*,#2460,.F.);
#3497=ORIENTED_EDGE('',*,*,#2462,.F.);
#3498=ORIENTED_EDGE('',*,*,#2464,.F.);
#3499=ORIENTED_EDGE('',*,*,#2466,.F.);
#3500=ORIENTED_EDGE('',*,*,#2468,.F.);
#3501=ORIENTED_EDGE('',*,*,#2476,.F.);
#3502=ORIENTED_EDGE('',*,*,#2469,.F.);
#3503=ORIENTED_EDGE('',*,*,#2472,.F.);
#3504=ORIENTED_EDGE('',*,*,#2475,.F.);
#3505=ORIENTED_EDGE('',*,*,#2478,.F.);
#3506=ORIENTED_EDGE('',*,*,#2480,.F.);
#3507=ORIENTED_EDGE('',*,*,#2488,.F.);
#3508=ORIENTED_EDGE('',*,*,#2481,.F.);
#3509=ORIENTED_EDGE('',*,*,#2484,.F.);
#3510=ORIENTED_EDGE('',*,*,#2487,.F.);
#3511=ORIENTED_EDGE('',*,*,#2383,.F.);
#3512=ORIENTED_EDGE('',*,*,#2396,.F.);
#3513=ORIENTED_EDGE('',*,*,#2398,.F.);
#3514=ORIENTED_EDGE('',*,*,#2305,.F.);
#3515=ORIENTED_EDGE('',*,*,#2254,.T.);
#3516=ORIENTED_EDGE('',*,*,#2515,.T.);
#3517=ORIENTED_EDGE('',*,*,#2344,.F.);
#3518=ORIENTED_EDGE('',*,*,#2515,.F.);
#3519=ORIENTED_EDGE('',*,*,#2255,.T.);
#3520=ORIENTED_EDGE('',*,*,#2516,.T.);
#3521=ORIENTED_EDGE('',*,*,#2343,.F.);
#3522=ORIENTED_EDGE('',*,*,#2516,.F.);
#3523=ORIENTED_EDGE('',*,*,#2256,.T.);
#3524=ORIENTED_EDGE('',*,*,#2517,.T.);
#3525=ORIENTED_EDGE('',*,*,#2342,.F.);
#3526=ORIENTED_EDGE('',*,*,#2517,.F.);
#3527=ORIENTED_EDGE('',*,*,#2257,.T.);
#3528=ORIENTED_EDGE('',*,*,#2518,.T.);
#3529=ORIENTED_EDGE('',*,*,#2341,.F.);
#3530=ORIENTED_EDGE('',*,*,#2518,.F.);
#3531=ORIENTED_EDGE('',*,*,#2334,.T.);
#3532=ORIENTED_EDGE('',*,*,#2519,.F.);
#3533=ORIENTED_EDGE('',*,*,#2520,.F.);
#3534=ORIENTED_EDGE('',*,*,#2521,.F.);
#3535=ORIENTED_EDGE('',*,*,#2522,.F.);
#3536=ORIENTED_EDGE('',*,*,#2523,.F.);
#3537=ORIENTED_EDGE('',*,*,#2524,.F.);
#3538=ORIENTED_EDGE('',*,*,#2525,.F.);
#3539=ORIENTED_EDGE('',*,*,#2526,.F.);
#3540=ORIENTED_EDGE('',*,*,#2527,.F.);
#3541=ORIENTED_EDGE('',*,*,#2528,.F.);
#3542=ORIENTED_EDGE('',*,*,#2529,.F.);
#3543=ORIENTED_EDGE('',*,*,#2530,.F.);
#3544=ORIENTED_EDGE('',*,*,#2531,.F.);
#3545=ORIENTED_EDGE('',*,*,#2532,.F.);
#3546=ORIENTED_EDGE('',*,*,#2533,.F.);
#3547=ORIENTED_EDGE('',*,*,#2534,.F.);
#3548=ORIENTED_EDGE('',*,*,#2535,.F.);
#3549=ORIENTED_EDGE('',*,*,#2536,.F.);
#3550=ORIENTED_EDGE('',*,*,#2537,.F.);
#3551=ORIENTED_EDGE('',*,*,#2339,.T.);
#3552=ORIENTED_EDGE('',*,*,#2538,.T.);
#3553=ORIENTED_EDGE('',*,*,#2539,.T.);
#3554=ORIENTED_EDGE('',*,*,#2540,.T.);
#3555=ORIENTED_EDGE('',*,*,#2541,.T.);
#3556=ORIENTED_EDGE('',*,*,#2542,.T.);
#3557=ORIENTED_EDGE('',*,*,#2543,.T.);
#3558=ORIENTED_EDGE('',*,*,#2544,.T.);
#3559=ORIENTED_EDGE('',*,*,#2545,.T.);
#3560=ORIENTED_EDGE('',*,*,#2546,.T.);
#3561=ORIENTED_EDGE('',*,*,#2547,.T.);
#3562=ORIENTED_EDGE('',*,*,#2548,.T.);
#3563=ORIENTED_EDGE('',*,*,#2549,.T.);
#3564=ORIENTED_EDGE('',*,*,#2550,.T.);
#3565=ORIENTED_EDGE('',*,*,#2551,.T.);
#3566=ORIENTED_EDGE('',*,*,#2552,.T.);
#3567=ORIENTED_EDGE('',*,*,#2553,.T.);
#3568=ORIENTED_EDGE('',*,*,#2554,.T.);
#3569=ORIENTED_EDGE('',*,*,#2555,.T.);
#3570=ORIENTED_EDGE('',*,*,#2556,.T.);
#3571=ORIENTED_EDGE('',*,*,#2333,.T.);
#3572=ORIENTED_EDGE('',*,*,#2557,.T.);
#3573=ORIENTED_EDGE('',*,*,#2558,.F.);
#3574=ORIENTED_EDGE('',*,*,#2559,.F.);
#3575=ORIENTED_EDGE('',*,*,#2340,.T.);
#3576=ORIENTED_EDGE('',*,*,#2546,.F.);
#3577=ORIENTED_EDGE('',*,*,#2560,.F.);
#3578=ORIENTED_EDGE('',*,*,#2519,.T.);
#3579=ORIENTED_EDGE('',*,*,#2338,.T.);
#3580=ORIENTED_EDGE('',*,*,#2561,.T.);
#3581=ORIENTED_EDGE('',*,*,#2562,.T.);
#3582=ORIENTED_EDGE('',*,*,#2538,.F.);
#3583=ORIENTED_EDGE('',*,*,#2563,.F.);
#3584=ORIENTED_EDGE('',*,*,#2557,.F.);
#3585=ORIENTED_EDGE('',*,*,#2336,.F.);
#3586=ORIENTED_EDGE('',*,*,#2564,.T.);
#3587=ORIENTED_EDGE('',*,*,#2565,.T.);
#3588=ORIENTED_EDGE('',*,*,#2566,.T.);
#3589=ORIENTED_EDGE('',*,*,#2567,.F.);
#3590=ORIENTED_EDGE('',*,*,#2568,.F.);
#3591=ORIENTED_EDGE('',*,*,#2569,.F.);
#3592=ORIENTED_EDGE('',*,*,#2570,.T.);
#3593=ORIENTED_EDGE('',*,*,#2571,.T.);
#3594=ORIENTED_EDGE('',*,*,#2572,.T.);
#3595=ORIENTED_EDGE('',*,*,#2573,.T.);
#3596=ORIENTED_EDGE('',*,*,#2574,.T.);
#3597=ORIENTED_EDGE('',*,*,#2575,.T.);
#3598=ORIENTED_EDGE('',*,*,#2576,.T.);
#3599=ORIENTED_EDGE('',*,*,#2577,.T.);
#3600=ORIENTED_EDGE('',*,*,#2578,.T.);
#3601=ORIENTED_EDGE('',*,*,#2579,.T.);
#3602=ORIENTED_EDGE('',*,*,#2580,.T.);
#3603=ORIENTED_EDGE('',*,*,#2580,.F.);
#3604=ORIENTED_EDGE('',*,*,#2581,.T.);
#3605=ORIENTED_EDGE('',*,*,#2529,.T.);
#3606=ORIENTED_EDGE('',*,*,#2582,.F.);
#3607=ORIENTED_EDGE('',*,*,#2579,.F.);
#3608=ORIENTED_EDGE('',*,*,#2583,.T.);
#3609=ORIENTED_EDGE('',*,*,#2530,.T.);
#3610=ORIENTED_EDGE('',*,*,#2581,.F.);
#3611=ORIENTED_EDGE('',*,*,#2578,.F.);
#3612=ORIENTED_EDGE('',*,*,#2584,.T.);
#3613=ORIENTED_EDGE('',*,*,#2531,.T.);
#3614=ORIENTED_EDGE('',*,*,#2583,.F.);
#3615=ORIENTED_EDGE('',*,*,#2577,.F.);
#3616=ORIENTED_EDGE('',*,*,#2585,.T.);
#3617=ORIENTED_EDGE('',*,*,#2532,.T.);
#3618=ORIENTED_EDGE('',*,*,#2584,.F.);
#3619=ORIENTED_EDGE('',*,*,#2576,.F.);
#3620=ORIENTED_EDGE('',*,*,#2586,.T.);
#3621=ORIENTED_EDGE('',*,*,#2533,.T.);
#3622=ORIENTED_EDGE('',*,*,#2585,.F.);
#3623=ORIENTED_EDGE('',*,*,#2575,.F.);
#3624=ORIENTED_EDGE('',*,*,#2587,.T.);
#3625=ORIENTED_EDGE('',*,*,#2534,.T.);
#3626=ORIENTED_EDGE('',*,*,#2586,.F.);
#3627=ORIENTED_EDGE('',*,*,#2574,.F.);
#3628=ORIENTED_EDGE('',*,*,#2588,.T.);
#3629=ORIENTED_EDGE('',*,*,#2535,.T.);
#3630=ORIENTED_EDGE('',*,*,#2587,.F.);
#3631=ORIENTED_EDGE('',*,*,#2573,.F.);
#3632=ORIENTED_EDGE('',*,*,#2589,.T.);
#3633=ORIENTED_EDGE('',*,*,#2536,.T.);
#3634=ORIENTED_EDGE('',*,*,#2588,.F.);
#3635=ORIENTED_EDGE('',*,*,#2572,.F.);
#3636=ORIENTED_EDGE('',*,*,#2582,.T.);
#3637=ORIENTED_EDGE('',*,*,#2528,.T.);
#3638=ORIENTED_EDGE('',*,*,#2589,.F.);
#3639=ORIENTED_EDGE('',*,*,#2537,.T.);
#3640=ORIENTED_EDGE('',*,*,#2590,.T.);
#3641=ORIENTED_EDGE('',*,*,#2571,.F.);
#3642=ORIENTED_EDGE('',*,*,#2590,.F.);
#3643=ORIENTED_EDGE('',*,*,#2569,.T.);
#3644=ORIENTED_EDGE('',*,*,#2591,.T.);
#3645=ORIENTED_EDGE('',*,*,#2522,.T.);
#3646=ORIENTED_EDGE('',*,*,#2592,.F.);
#3647=ORIENTED_EDGE('',*,*,#2568,.T.);
#3648=ORIENTED_EDGE('',*,*,#2593,.T.);
#3649=ORIENTED_EDGE('',*,*,#2523,.T.);
#3650=ORIENTED_EDGE('',*,*,#2591,.F.);
#3651=ORIENTED_EDGE('',*,*,#2567,.T.);
#3652=ORIENTED_EDGE('',*,*,#2594,.T.);
#3653=ORIENTED_EDGE('',*,*,#2524,.T.);
#3654=ORIENTED_EDGE('',*,*,#2593,.F.);
#3655=ORIENTED_EDGE('',*,*,#2566,.F.);
#3656=ORIENTED_EDGE('',*,*,#2595,.T.);
#3657=ORIENTED_EDGE('',*,*,#2525,.T.);
#3658=ORIENTED_EDGE('',*,*,#2594,.F.);
#3659=ORIENTED_EDGE('',*,*,#2565,.F.);
#3660=ORIENTED_EDGE('',*,*,#2596,.T.);
#3661=ORIENTED_EDGE('',*,*,#2526,.T.);
#3662=ORIENTED_EDGE('',*,*,#2595,.F.);
#3663=ORIENTED_EDGE('',*,*,#2597,.F.);
#3664=ORIENTED_EDGE('',*,*,#2558,.T.);
#3665=ORIENTED_EDGE('',*,*,#2563,.T.);
#3666=ORIENTED_EDGE('',*,*,#2598,.F.);
#3667=ORIENTED_EDGE('',*,*,#2597,.T.);
#3668=ORIENTED_EDGE('',*,*,#2599,.F.);
#3669=ORIENTED_EDGE('',*,*,#2600,.T.);
#3670=ORIENTED_EDGE('',*,*,#2601,.T.);
#3671=ORIENTED_EDGE('',*,*,#2602,.T.);
#3672=ORIENTED_EDGE('',*,*,#2603,.F.);
#3673=ORIENTED_EDGE('',*,*,#2604,.F.);
#3674=ORIENTED_EDGE('',*,*,#2561,.F.);
#3675=ORIENTED_EDGE('',*,*,#2337,.T.);
#3676=ORIENTED_EDGE('',*,*,#2559,.T.);
#3677=ORIENTED_EDGE('',*,*,#2605,.F.);
#3678=ORIENTED_EDGE('',*,*,#2606,.F.);
#3679=ORIENTED_EDGE('',*,*,#2607,.F.);
#3680=ORIENTED_EDGE('',*,*,#2608,.F.);
#3681=ORIENTED_EDGE('',*,*,#2609,.F.);
#3682=ORIENTED_EDGE('',*,*,#2610,.F.);
#3683=ORIENTED_EDGE('',*,*,#2611,.F.);
#3684=ORIENTED_EDGE('',*,*,#2612,.F.);
#3685=ORIENTED_EDGE('',*,*,#2613,.F.);
#3686=ORIENTED_EDGE('',*,*,#2614,.F.);
#3687=ORIENTED_EDGE('',*,*,#2607,.T.);
#3688=ORIENTED_EDGE('',*,*,#2615,.T.);
#3689=ORIENTED_EDGE('',*,*,#2555,.F.);
#3690=ORIENTED_EDGE('',*,*,#2616,.F.);
#3691=ORIENTED_EDGE('',*,*,#2608,.T.);
#3692=ORIENTED_EDGE('',*,*,#2616,.T.);
#3693=ORIENTED_EDGE('',*,*,#2554,.F.);
#3694=ORIENTED_EDGE('',*,*,#2617,.F.);
#3695=ORIENTED_EDGE('',*,*,#2609,.T.);
#3696=ORIENTED_EDGE('',*,*,#2617,.T.);
#3697=ORIENTED_EDGE('',*,*,#2553,.F.);
#3698=ORIENTED_EDGE('',*,*,#2618,.F.);
#3699=ORIENTED_EDGE('',*,*,#2610,.T.);
#3700=ORIENTED_EDGE('',*,*,#2618,.T.);
#3701=ORIENTED_EDGE('',*,*,#2552,.F.);
#3702=ORIENTED_EDGE('',*,*,#2619,.F.);
#3703=ORIENTED_EDGE('',*,*,#2611,.T.);
#3704=ORIENTED_EDGE('',*,*,#2619,.T.);
#3705=ORIENTED_EDGE('',*,*,#2551,.F.);
#3706=ORIENTED_EDGE('',*,*,#2620,.F.);
#3707=ORIENTED_EDGE('',*,*,#2612,.T.);
#3708=ORIENTED_EDGE('',*,*,#2620,.T.);
#3709=ORIENTED_EDGE('',*,*,#2550,.F.);
#3710=ORIENTED_EDGE('',*,*,#2621,.F.);
#3711=ORIENTED_EDGE('',*,*,#2613,.T.);
#3712=ORIENTED_EDGE('',*,*,#2621,.T.);
#3713=ORIENTED_EDGE('',*,*,#2549,.F.);
#3714=ORIENTED_EDGE('',*,*,#2622,.F.);
#3715=ORIENTED_EDGE('',*,*,#2614,.T.);
#3716=ORIENTED_EDGE('',*,*,#2622,.T.);
#3717=ORIENTED_EDGE('',*,*,#2548,.F.);
#3718=ORIENTED_EDGE('',*,*,#2623,.F.);
#3719=ORIENTED_EDGE('',*,*,#2606,.T.);
#3720=ORIENTED_EDGE('',*,*,#2623,.T.);
#3721=ORIENTED_EDGE('',*,*,#2547,.F.);
#3722=ORIENTED_EDGE('',*,*,#2615,.F.);
#3723=ORIENTED_EDGE('',*,*,#2556,.F.);
#3724=ORIENTED_EDGE('',*,*,#2624,.T.);
#3725=ORIENTED_EDGE('',*,*,#2605,.T.);
#3726=ORIENTED_EDGE('',*,*,#2624,.F.);
#3727=ORIENTED_EDGE('',*,*,#2600,.F.);
#3728=ORIENTED_EDGE('',*,*,#2625,.T.);
#3729=ORIENTED_EDGE('',*,*,#2543,.F.);
#3730=ORIENTED_EDGE('',*,*,#2626,.F.);
#3731=ORIENTED_EDGE('',*,*,#2601,.F.);
#3732=ORIENTED_EDGE('',*,*,#2626,.T.);
#3733=ORIENTED_EDGE('',*,*,#2542,.F.);
#3734=ORIENTED_EDGE('',*,*,#2627,.F.);
#3735=ORIENTED_EDGE('',*,*,#2602,.F.);
#3736=ORIENTED_EDGE('',*,*,#2627,.T.);
#3737=ORIENTED_EDGE('',*,*,#2541,.F.);
#3738=ORIENTED_EDGE('',*,*,#2628,.F.);
#3739=ORIENTED_EDGE('',*,*,#2603,.T.);
#3740=ORIENTED_EDGE('',*,*,#2628,.T.);
#3741=ORIENTED_EDGE('',*,*,#2540,.F.);
#3742=ORIENTED_EDGE('',*,*,#2629,.F.);
#3743=ORIENTED_EDGE('',*,*,#2604,.T.);
#3744=ORIENTED_EDGE('',*,*,#2629,.T.);
#3745=ORIENTED_EDGE('',*,*,#2539,.F.);
#3746=ORIENTED_EDGE('',*,*,#2562,.F.);
#3747=ORIENTED_EDGE('',*,*,#2335,.T.);
#3748=ORIENTED_EDGE('',*,*,#2527,.T.);
#3749=ORIENTED_EDGE('',*,*,#2596,.F.);
#3750=ORIENTED_EDGE('',*,*,#2564,.F.);
#3751=ORIENTED_EDGE('',*,*,#2560,.T.);
#3752=ORIENTED_EDGE('',*,*,#2545,.F.);
#3753=ORIENTED_EDGE('',*,*,#2630,.F.);
#3754=ORIENTED_EDGE('',*,*,#2520,.T.);
#3755=ORIENTED_EDGE('',*,*,#2599,.T.);
#3756=ORIENTED_EDGE('',*,*,#2598,.T.);
#3757=ORIENTED_EDGE('',*,*,#2570,.F.);
#3758=ORIENTED_EDGE('',*,*,#2592,.T.);
#3759=ORIENTED_EDGE('',*,*,#2521,.T.);
#3760=ORIENTED_EDGE('',*,*,#2630,.T.);
#3761=ORIENTED_EDGE('',*,*,#2544,.F.);
#3762=ORIENTED_EDGE('',*,*,#2625,.F.);
#3763=ORIENTED_EDGE('',*,*,#2631,.F.);
#3764=ORIENTED_EDGE('',*,*,#2632,.T.);
#3765=ORIENTED_EDGE('',*,*,#2633,.F.);
#3766=ORIENTED_EDGE('',*,*,#2632,.F.);
#3767=ORIENTED_EDGE('',*,*,#2634,.F.);
#3768=ORIENTED_EDGE('',*,*,#2635,.T.);
#3769=ORIENTED_EDGE('',*,*,#2636,.F.);
#3770=ORIENTED_EDGE('',*,*,#2635,.F.);
#3771=ORIENTED_EDGE('',*,*,#2637,.F.);
#3772=ORIENTED_EDGE('',*,*,#2638,.T.);
#3773=ORIENTED_EDGE('',*,*,#2639,.F.);
#3774=ORIENTED_EDGE('',*,*,#2638,.F.);
#3775=ORIENTED_EDGE('',*,*,#2640,.F.);
#3776=ORIENTED_EDGE('',*,*,#2641,.T.);
#3777=ORIENTED_EDGE('',*,*,#2642,.F.);
#3778=ORIENTED_EDGE('',*,*,#2641,.F.);
#3779=ORIENTED_EDGE('',*,*,#2643,.F.);
#3780=ORIENTED_EDGE('',*,*,#2644,.T.);
#3781=ORIENTED_EDGE('',*,*,#2645,.F.);
#3782=ORIENTED_EDGE('',*,*,#2646,.F.);
#3783=ORIENTED_EDGE('',*,*,#2647,.F.);
#3784=ORIENTED_EDGE('',*,*,#2646,.T.);
#3785=ORIENTED_EDGE('',*,*,#2648,.F.);
#3786=ORIENTED_EDGE('',*,*,#2649,.F.);
#3787=ORIENTED_EDGE('',*,*,#2631,.T.);
#3788=ORIENTED_EDGE('',*,*,#2634,.T.);
#3789=ORIENTED_EDGE('',*,*,#2637,.T.);
#3790=ORIENTED_EDGE('',*,*,#2640,.T.);
#3791=ORIENTED_EDGE('',*,*,#2650,.F.);
#3792=ORIENTED_EDGE('',*,*,#2649,.T.);
#3793=ORIENTED_EDGE('',*,*,#2651,.F.);
#3794=ORIENTED_EDGE('',*,*,#2652,.F.);
#3795=ORIENTED_EDGE('',*,*,#2653,.F.);
#3796=ORIENTED_EDGE('',*,*,#2652,.T.);
#3797=ORIENTED_EDGE('',*,*,#2654,.F.);
#3798=ORIENTED_EDGE('',*,*,#2644,.F.);
#3799=ORIENTED_EDGE('',*,*,#2633,.T.);
#3800=ORIENTED_EDGE('',*,*,#2636,.T.);
#3801=ORIENTED_EDGE('',*,*,#2639,.T.);
#3802=ORIENTED_EDGE('',*,*,#2642,.T.);
#3803=ORIENTED_EDGE('',*,*,#2653,.T.);
#3804=ORIENTED_EDGE('',*,*,#2643,.T.);
#3805=ORIENTED_EDGE('',*,*,#2647,.T.);
#3806=ORIENTED_EDGE('',*,*,#2650,.T.);
#3807=ORIENTED_EDGE('',*,*,#2654,.T.);
#3808=ORIENTED_EDGE('',*,*,#2651,.T.);
#3809=ORIENTED_EDGE('',*,*,#2648,.T.);
#3810=ORIENTED_EDGE('',*,*,#2645,.T.);
#3811=ORIENTED_EDGE('',*,*,#2655,.F.);
#3812=ORIENTED_EDGE('',*,*,#2656,.T.);
#3813=ORIENTED_EDGE('',*,*,#2657,.F.);
#3814=ORIENTED_EDGE('',*,*,#2656,.F.);
#3815=ORIENTED_EDGE('',*,*,#2658,.F.);
#3816=ORIENTED_EDGE('',*,*,#2659,.T.);
#3817=ORIENTED_EDGE('',*,*,#2660,.F.);
#3818=ORIENTED_EDGE('',*,*,#2659,.F.);
#3819=ORIENTED_EDGE('',*,*,#2661,.F.);
#3820=ORIENTED_EDGE('',*,*,#2662,.T.);
#3821=ORIENTED_EDGE('',*,*,#2663,.F.);
#3822=ORIENTED_EDGE('',*,*,#2662,.F.);
#3823=ORIENTED_EDGE('',*,*,#2664,.F.);
#3824=ORIENTED_EDGE('',*,*,#2665,.T.);
#3825=ORIENTED_EDGE('',*,*,#2666,.F.);
#3826=ORIENTED_EDGE('',*,*,#2665,.F.);
#3827=ORIENTED_EDGE('',*,*,#2667,.F.);
#3828=ORIENTED_EDGE('',*,*,#2668,.T.);
#3829=ORIENTED_EDGE('',*,*,#2669,.F.);
#3830=ORIENTED_EDGE('',*,*,#2670,.F.);
#3831=ORIENTED_EDGE('',*,*,#2671,.F.);
#3832=ORIENTED_EDGE('',*,*,#2670,.T.);
#3833=ORIENTED_EDGE('',*,*,#2672,.F.);
#3834=ORIENTED_EDGE('',*,*,#2673,.F.);
#3835=ORIENTED_EDGE('',*,*,#2655,.T.);
#3836=ORIENTED_EDGE('',*,*,#2658,.T.);
#3837=ORIENTED_EDGE('',*,*,#2661,.T.);
#3838=ORIENTED_EDGE('',*,*,#2664,.T.);
#3839=ORIENTED_EDGE('',*,*,#2674,.F.);
#3840=ORIENTED_EDGE('',*,*,#2673,.T.);
#3841=ORIENTED_EDGE('',*,*,#2675,.F.);
#3842=ORIENTED_EDGE('',*,*,#2676,.F.);
#3843=ORIENTED_EDGE('',*,*,#2677,.F.);
#3844=ORIENTED_EDGE('',*,*,#2676,.T.);
#3845=ORIENTED_EDGE('',*,*,#2678,.F.);
#3846=ORIENTED_EDGE('',*,*,#2668,.F.);
#3847=ORIENTED_EDGE('',*,*,#2657,.T.);
#3848=ORIENTED_EDGE('',*,*,#2660,.T.);
#3849=ORIENTED_EDGE('',*,*,#2663,.T.);
#3850=ORIENTED_EDGE('',*,*,#2666,.T.);
#3851=ORIENTED_EDGE('',*,*,#2677,.T.);
#3852=ORIENTED_EDGE('',*,*,#2667,.T.);
#3853=ORIENTED_EDGE('',*,*,#2671,.T.);
#3854=ORIENTED_EDGE('',*,*,#2674,.T.);
#3855=ORIENTED_EDGE('',*,*,#2678,.T.);
#3856=ORIENTED_EDGE('',*,*,#2675,.T.);
#3857=ORIENTED_EDGE('',*,*,#2672,.T.);
#3858=ORIENTED_EDGE('',*,*,#2669,.T.);
#3859=PLANE('',#4189);
#3860=PLANE('',#4190);
#3861=PLANE('',#4191);
#3862=PLANE('',#4192);
#3863=PLANE('',#4193);
#3864=PLANE('',#4194);
#3865=PLANE('',#4195);
#3866=PLANE('',#4196);
#3867=PLANE('',#4197);
#3868=PLANE('',#4198);
#3869=PLANE('',#4199);
#3870=PLANE('',#4200);
#3871=PLANE('',#4201);
#3872=PLANE('',#4202);
#3873=PLANE('',#4203);
#3874=PLANE('',#4204);
#3875=PLANE('',#4205);
#3876=PLANE('',#4206);
#3877=PLANE('',#4207);
#3878=PLANE('',#4224);
#3879=PLANE('',#4225);
#3880=PLANE('',#4226);
#3881=PLANE('',#4231);
#3882=PLANE('',#4232);
#3883=PLANE('',#4233);
#3884=PLANE('',#4234);
#3885=PLANE('',#4235);
#3886=PLANE('',#4236);
#3887=PLANE('',#4237);
#3888=PLANE('',#4238);
#3889=PLANE('',#4239);
#3890=PLANE('',#4240);
#3891=PLANE('',#4241);
#3892=PLANE('',#4242);
#3893=PLANE('',#4243);
#3894=PLANE('',#4244);
#3895=PLANE('',#4245);
#3896=PLANE('',#4246);
#3897=PLANE('',#4247);
#3898=PLANE('',#4248);
#3899=PLANE('',#4249);
#3900=PLANE('',#4254);
#3901=PLANE('',#4255);
#3902=PLANE('',#4256);
#3903=PLANE('',#4257);
#3904=PLANE('',#4258);
#3905=PLANE('',#4259);
#3906=PLANE('',#4264);
#3907=PLANE('',#4265);
#3908=PLANE('',#4266);
#3909=PLANE('',#4267);
#3910=PLANE('',#4268);
#3911=PLANE('',#4269);
#3912=PLANE('',#4270);
#3913=PLANE('',#4271);
#3914=PLANE('',#4272);
#3915=PLANE('',#4273);
#3916=PLANE('',#4274);
#3917=PLANE('',#4275);
#3918=PLANE('',#4276);
#3919=PLANE('',#4277);
#3920=PLANE('',#4286);
#3921=PLANE('',#4287);
#3922=PLANE('',#4288);
#3923=PLANE('',#4297);
#3924=PLANE('',#4298);
#3925=PLANE('',#4299);
#3926=PLANE('',#4304);
#3927=PLANE('',#4305);
#3928=PLANE('',#4306);
#3929=PLANE('',#4309);
#3930=PLANE('',#4310);
#3931=PLANE('',#4311);
#3932=PLANE('',#4312);
#3933=PLANE('',#4315);
#3934=PLANE('',#4316);
#3935=PLANE('',#4317);
#3936=PLANE('',#4318);
#3937=PLANE('',#4319);
#3938=PLANE('',#4320);
#3939=PLANE('',#4321);
#3940=PLANE('',#4334);
#3941=PLANE('',#4335);
#3942=PLANE('',#4336);
#3943=PLANE('',#4337);
#3944=PLANE('',#4342);
#3945=PLANE('',#4343);
#3946=PLANE('',#4344);
#3947=PLANE('',#4345);
#3948=PLANE('',#4346);
#3949=PLANE('',#4347);
#3950=PLANE('',#4348);
#3951=PLANE('',#4349);
#3952=PLANE('',#4350);
#3953=PLANE('',#4351);
#3954=PLANE('',#4352);
#3955=PLANE('',#4353);
#3956=PLANE('',#4354);
#3957=PLANE('',#4355);
#3958=PLANE('',#4356);
#3959=PLANE('',#4357);
#3960=PLANE('',#4358);
#3961=PLANE('',#4359);
#3962=PLANE('',#4360);
#3963=PLANE('',#4365);
#3964=PLANE('',#4375);
#3965=PLANE('',#4385);
#3966=PLANE('',#4386);
#3967=PLANE('',#4387);
#3968=PLANE('',#4398);
#3969=PLANE('',#4402);
#3970=PLANE('',#4407);
#3971=PLANE('',#4408);
#3972=PLANE('',#4409);
#3973=PLANE('',#4410);
#3974=PLANE('',#4412);
#3975=PLANE('',#4413);
#3976=PLANE('',#4424);
#3977=PLANE('',#4428);
#3978=PLANE('',#4433);
#3979=PLANE('',#4434);
#3980=PLANE('',#4435);
#3981=PLANE('',#4436);
#3982=PLANE('',#4438);
#3983=PLANE('',#4439);
#3984=PLANE('',#4440);
#3985=PLANE('',#4453);
#3986=PLANE('',#4454);
#3987=PLANE('',#4455);
#3988=PLANE('',#4456);
#3989=PLANE('',#4457);
#3990=PLANE('',#4458);
#3991=PLANE('',#4471);
#3992=PLANE('',#4472);
#3993=PLANE('',#4473);
#3994=PLANE('',#4474);
#3995=PLANE('',#4475);
#3996=PLANE('',#4476);
#3997=ADVANCED_FACE('',(#255),#3859,.F.);
#3998=ADVANCED_FACE('',(#256),#3860,.T.);
#3999=ADVANCED_FACE('',(#257),#3861,.F.);
#4000=ADVANCED_FACE('',(#258),#3862,.F.);
#4001=ADVANCED_FACE('',(#259),#3863,.T.);
#4002=ADVANCED_FACE('',(#260),#3864,.T.);
#4003=ADVANCED_FACE('',(#261),#3865,.T.);
#4004=ADVANCED_FACE('',(#262),#3866,.T.);
#4005=ADVANCED_FACE('',(#263),#3867,.T.);
#4006=ADVANCED_FACE('',(#264),#3868,.T.);
#4007=ADVANCED_FACE('',(#265),#3869,.F.);
#4008=ADVANCED_FACE('',(#266),#3870,.F.);
#4009=ADVANCED_FACE('',(#267),#3871,.T.);
#4010=ADVANCED_FACE('',(#268),#3872,.T.);
#4011=ADVANCED_FACE('',(#269),#3873,.T.);
#4012=ADVANCED_FACE('',(#270),#3874,.T.);
#4013=ADVANCED_FACE('',(#271),#3875,.F.);
#4014=ADVANCED_FACE('',(#272),#3876,.T.);
#4015=ADVANCED_FACE('',(#273,#169,#170,#171,#172,#173,#174,#175,#176,#177,
#178,#179,#180,#181,#182,#183,#184,#185,#186),#3877,.T.);
#4016=ADVANCED_FACE('',(#274),#3878,.T.);
#4017=ADVANCED_FACE('',(#275),#3879,.T.);
#4018=ADVANCED_FACE('',(#276,#187,#188,#189,#190,#191),#3880,.F.);
#4019=ADVANCED_FACE('',(#277),#3881,.T.);
#4020=ADVANCED_FACE('',(#278),#3882,.T.);
#4021=ADVANCED_FACE('',(#279),#3883,.T.);
#4022=ADVANCED_FACE('',(#280),#3884,.T.);
#4023=ADVANCED_FACE('',(#281),#3885,.T.);
#4024=ADVANCED_FACE('',(#282),#3886,.T.);
#4025=ADVANCED_FACE('',(#283),#3887,.T.);
#4026=ADVANCED_FACE('',(#284),#3888,.T.);
#4027=ADVANCED_FACE('',(#285),#3889,.T.);
#4028=ADVANCED_FACE('',(#286),#3890,.T.);
#4029=ADVANCED_FACE('',(#287),#3891,.T.);
#4030=ADVANCED_FACE('',(#288),#3892,.T.);
#4031=ADVANCED_FACE('',(#289),#3893,.T.);
#4032=ADVANCED_FACE('',(#290),#3894,.T.);
#4033=ADVANCED_FACE('',(#291),#3895,.T.);
#4034=ADVANCED_FACE('',(#292),#3896,.T.);
#4035=ADVANCED_FACE('',(#293),#3897,.T.);
#4036=ADVANCED_FACE('',(#294),#3898,.T.);
#4037=ADVANCED_FACE('',(#295,#192,#193,#194,#195,#196,#197),#3899,.T.);
#4038=ADVANCED_FACE('',(#296),#3900,.T.);
#4039=ADVANCED_FACE('',(#297),#3901,.T.);
#4040=ADVANCED_FACE('',(#298),#3902,.T.);
#4041=ADVANCED_FACE('',(#299),#3903,.T.);
#4042=ADVANCED_FACE('',(#300),#3904,.T.);
#4043=ADVANCED_FACE('',(#301,#198,#199,#200,#201),#3905,.T.);
#4044=ADVANCED_FACE('',(#302),#3906,.T.);
#4045=ADVANCED_FACE('',(#303),#3907,.T.);
#4046=ADVANCED_FACE('',(#304),#3908,.T.);
#4047=ADVANCED_FACE('',(#305),#3909,.T.);
#4048=ADVANCED_FACE('',(#306),#3910,.T.);
#4049=ADVANCED_FACE('',(#307),#3911,.T.);
#4050=ADVANCED_FACE('',(#308),#3912,.F.);
#4051=ADVANCED_FACE('',(#309),#3913,.F.);
#4052=ADVANCED_FACE('',(#310),#3914,.F.);
#4053=ADVANCED_FACE('',(#311),#3915,.T.);
#4054=ADVANCED_FACE('',(#312),#3916,.T.);
#4055=ADVANCED_FACE('',(#313),#3917,.T.);
#4056=ADVANCED_FACE('',(#314),#3918,.T.);
#4057=ADVANCED_FACE('',(#315),#3919,.T.);
#4058=ADVANCED_FACE('',(#316),#19,.F.);
#4059=ADVANCED_FACE('',(#317),#20,.F.);
#4060=ADVANCED_FACE('',(#318),#21,.F.);
#4061=ADVANCED_FACE('',(#319),#22,.F.);
#4062=ADVANCED_FACE('',(#320),#3920,.T.);
#4063=ADVANCED_FACE('',(#321),#3921,.T.);
#4064=ADVANCED_FACE('',(#322),#3922,.T.);
#4065=ADVANCED_FACE('',(#323),#23,.F.);
#4066=ADVANCED_FACE('',(#324),#24,.F.);
#4067=ADVANCED_FACE('',(#325),#25,.F.);
#4068=ADVANCED_FACE('',(#326),#26,.F.);
#4069=ADVANCED_FACE('',(#327),#3923,.T.);
#4070=ADVANCED_FACE('',(#328),#3924,.T.);
#4071=ADVANCED_FACE('',(#329),#3925,.T.);
#4072=ADVANCED_FACE('',(#330),#27,.F.);
#4073=ADVANCED_FACE('',(#331),#28,.F.);
#4074=ADVANCED_FACE('',(#332),#3926,.T.);
#4075=ADVANCED_FACE('',(#333),#3927,.T.);
#4076=ADVANCED_FACE('',(#334),#3928,.T.);
#4077=ADVANCED_FACE('',(#335),#29,.F.);
#4078=ADVANCED_FACE('',(#336),#3929,.T.);
#4079=ADVANCED_FACE('',(#337),#3930,.T.);
#4080=ADVANCED_FACE('',(#338),#3931,.T.);
#4081=ADVANCED_FACE('',(#339),#3932,.T.);
#4082=ADVANCED_FACE('',(#340),#30,.F.);
#4083=ADVANCED_FACE('',(#341),#3933,.T.);
#4084=ADVANCED_FACE('',(#342),#3934,.T.);
#4085=ADVANCED_FACE('',(#343),#3935,.T.);
#4086=ADVANCED_FACE('',(#344),#3936,.T.);
#4087=ADVANCED_FACE('',(#345),#3937,.T.);
#4088=ADVANCED_FACE('',(#346),#3938,.T.);
#4089=ADVANCED_FACE('',(#347),#3939,.T.);
#4090=ADVANCED_FACE('',(#348),#31,.F.);
#4091=ADVANCED_FACE('',(#349),#32,.F.);
#4092=ADVANCED_FACE('',(#350),#33,.F.);
#4093=ADVANCED_FACE('',(#351),#34,.F.);
#4094=ADVANCED_FACE('',(#352),#35,.F.);
#4095=ADVANCED_FACE('',(#353),#36,.F.);
#4096=ADVANCED_FACE('',(#354),#3940,.T.);
#4097=ADVANCED_FACE('',(#355),#3941,.T.);
#4098=ADVANCED_FACE('',(#356),#3942,.T.);
#4099=ADVANCED_FACE('',(#357),#3943,.T.);
#4100=ADVANCED_FACE('',(#358),#37,.F.);
#4101=ADVANCED_FACE('',(#359),#38,.F.);
#4102=ADVANCED_FACE('',(#360),#3944,.T.);
#4103=ADVANCED_FACE('',(#361),#3945,.T.);
#4104=ADVANCED_FACE('',(#362),#3946,.T.);
#4105=ADVANCED_FACE('',(#363),#3947,.T.);
#4106=ADVANCED_FACE('',(#364),#3948,.T.);
#4107=ADVANCED_FACE('',(#365),#3949,.T.);
#4108=ADVANCED_FACE('',(#366),#3950,.T.);
#4109=ADVANCED_FACE('',(#367),#3951,.T.);
#4110=ADVANCED_FACE('',(#368),#3952,.T.);
#4111=ADVANCED_FACE('',(#369),#3953,.T.);
#4112=ADVANCED_FACE('',(#370),#3954,.T.);
#4113=ADVANCED_FACE('',(#371),#3955,.T.);
#4114=ADVANCED_FACE('',(#372),#3956,.T.);
#4115=ADVANCED_FACE('',(#373),#3957,.T.);
#4116=ADVANCED_FACE('',(#374),#3958,.T.);
#4117=ADVANCED_FACE('',(#375),#3959,.T.);
#4118=ADVANCED_FACE('',(#376),#3960,.T.);
#4119=ADVANCED_FACE('',(#377),#3961,.T.);
#4120=ADVANCED_FACE('',(#378,#202,#203,#204,#205,#206,#207,#208,#209,#210,
#211,#212,#213,#214,#215,#216,#217,#218,#219,#220,#221,#222,#223,#224,#225,
#226,#227,#228,#229,#230),#3962,.F.);
#4121=ADVANCED_FACE('',(#379),#39,.F.);
#4122=ADVANCED_FACE('',(#380),#40,.F.);
#4123=ADVANCED_FACE('',(#381),#41,.F.);
#4124=ADVANCED_FACE('',(#382),#42,.F.);
#4125=ADVANCED_FACE('',(#383,#231,#232),#3963,.F.);
#4126=ADVANCED_FACE('',(#384,#233,#234),#3964,.T.);
#4127=ADVANCED_FACE('',(#385),#3965,.T.);
#4128=ADVANCED_FACE('',(#386),#3966,.T.);
#4129=ADVANCED_FACE('',(#387,#235,#236),#3967,.T.);
#4130=ADVANCED_FACE('',(#388),#43,.T.);
#4131=ADVANCED_FACE('',(#389),#3968,.F.);
#4132=ADVANCED_FACE('',(#390),#44,.F.);
#4133=ADVANCED_FACE('',(#391),#45,.F.);
#4134=ADVANCED_FACE('',(#392),#46,.F.);
#4135=ADVANCED_FACE('',(#393),#3969,.F.);
#4136=ADVANCED_FACE('',(#394),#47,.F.);
#4137=ADVANCED_FACE('',(#395),#48,.T.);
#4138=ADVANCED_FACE('',(#396),#49,.F.);
#4139=ADVANCED_FACE('',(#397),#50,.F.);
#4140=ADVANCED_FACE('',(#398),#3970,.F.);
#4141=ADVANCED_FACE('',(#399),#3971,.F.);
#4142=ADVANCED_FACE('',(#400),#3972,.F.);
#4143=ADVANCED_FACE('',(#401),#3973,.F.);
#4144=ADVANCED_FACE('',(#402),#51,.T.);
#4145=ADVANCED_FACE('',(#403),#3974,.T.);
#4146=ADVANCED_FACE('',(#404,#237,#238),#3975,.F.);
#4147=ADVANCED_FACE('',(#405),#52,.T.);
#4148=ADVANCED_FACE('',(#406),#3976,.T.);
#4149=ADVANCED_FACE('',(#407),#53,.F.);
#4150=ADVANCED_FACE('',(#408),#54,.F.);
#4151=ADVANCED_FACE('',(#409),#55,.F.);
#4152=ADVANCED_FACE('',(#410),#3977,.T.);
#4153=ADVANCED_FACE('',(#411),#56,.F.);
#4154=ADVANCED_FACE('',(#412),#57,.T.);
#4155=ADVANCED_FACE('',(#413),#58,.F.);
#4156=ADVANCED_FACE('',(#414),#59,.F.);
#4157=ADVANCED_FACE('',(#415),#3978,.T.);
#4158=ADVANCED_FACE('',(#416),#3979,.T.);
#4159=ADVANCED_FACE('',(#417),#3980,.T.);
#4160=ADVANCED_FACE('',(#418),#3981,.T.);
#4161=ADVANCED_FACE('',(#419),#60,.T.);
#4162=ADVANCED_FACE('',(#420),#3982,.T.);
#4163=ADVANCED_FACE('',(#421),#3983,.T.);
#4164=ADVANCED_FACE('',(#422),#3984,.T.);
#4165=ADVANCED_FACE('',(#423),#61,.F.);
#4166=ADVANCED_FACE('',(#424),#62,.F.);
#4167=ADVANCED_FACE('',(#425),#63,.F.);
#4168=ADVANCED_FACE('',(#426),#64,.F.);
#4169=ADVANCED_FACE('',(#427),#3985,.T.);
#4170=ADVANCED_FACE('',(#428,#239,#240,#241,#242),#3986,.T.);
#4171=ADVANCED_FACE('',(#429),#3987,.T.);
#4172=ADVANCED_FACE('',(#430,#243,#244,#245,#246),#3988,.T.);
#4173=ADVANCED_FACE('',(#431),#3989,.T.);
#4174=ADVANCED_FACE('',(#432),#3990,.T.);
#4175=ADVANCED_FACE('',(#433),#65,.F.);
#4176=ADVANCED_FACE('',(#434),#66,.F.);
#4177=ADVANCED_FACE('',(#435),#67,.F.);
#4178=ADVANCED_FACE('',(#436),#68,.F.);
#4179=ADVANCED_FACE('',(#437),#3991,.T.);
#4180=ADVANCED_FACE('',(#438,#247,#248,#249,#250),#3992,.T.);
#4181=ADVANCED_FACE('',(#439),#3993,.T.);
#4182=ADVANCED_FACE('',(#440,#251,#252,#253,#254),#3994,.T.);
#4183=ADVANCED_FACE('',(#441),#3995,.T.);
#4184=ADVANCED_FACE('',(#442),#3996,.T.);
#4185=CLOSED_SHELL('',(#3997,#3998,#3999,#4000,#4001,#4002,#4003,#4004,
#4005,#4006,#4007,#4008,#4009,#4010,#4011,#4012,#4013,#4014,#4015,#4016,
#4017,#4018,#4019,#4020,#4021,#4022,#4023,#4024,#4025,#4026,#4027,#4028,
#4029,#4030,#4031,#4032,#4033,#4034,#4035,#4036,#4037,#4038,#4039,#4040,
#4041,#4042,#4043,#4044,#4045,#4046,#4047,#4048,#4049,#4050,#4051,#4052,
#4053,#4054,#4055,#4056,#4057,#4058,#4059,#4060,#4061,#4062,#4063,#4064,
#4065,#4066,#4067,#4068,#4069,#4070,#4071,#4072,#4073,#4074,#4075,#4076,
#4077,#4078,#4079,#4080,#4081,#4082,#4083,#4084,#4085,#4086,#4087,#4088,
#4089,#4090,#4091,#4092,#4093,#4094,#4095,#4096,#4097,#4098,#4099,#4100,
#4101,#4102,#4103,#4104,#4105,#4106,#4107,#4108,#4109,#4110,#4111,#4112,
#4113,#4114,#4115,#4116,#4117,#4118,#4119,#4120,#4121,#4122,#4123,#4124,
#4125,#4126,#4127,#4128,#4129,#4130,#4131,#4132,#4133,#4134,#4135,#4136,
#4137,#4138,#4139,#4140,#4141,#4142,#4143,#4144,#4145,#4146,#4147,#4148,
#4149,#4150,#4151,#4152,#4153,#4154,#4155,#4156,#4157,#4158,#4159,#4160,
#4161,#4162,#4163,#4164));
#4186=CLOSED_SHELL('',(#4165,#4166,#4167,#4168,#4169,#4170,#4171,#4172,
#4173,#4174));
#4187=CLOSED_SHELL('',(#4175,#4176,#4177,#4178,#4179,#4180,#4181,#4182,
#4183,#4184));
#4188=AXIS2_PLACEMENT_3D('',#5545,#4477,#4478);
#4189=AXIS2_PLACEMENT_3D('',#5546,#4479,#4480);
#4190=AXIS2_PLACEMENT_3D('',#5555,#4485,#4486);
#4191=AXIS2_PLACEMENT_3D('',#5573,#4496,#4497);
#4192=AXIS2_PLACEMENT_3D('',#5584,#4503,#4504);
#4193=AXIS2_PLACEMENT_3D('',#5595,#4510,#4511);
#4194=AXIS2_PLACEMENT_3D('',#5599,#4514,#4515);
#4195=AXIS2_PLACEMENT_3D('',#5603,#4518,#4519);
#4196=AXIS2_PLACEMENT_3D('',#5607,#4522,#4523);
#4197=AXIS2_PLACEMENT_3D('',#5613,#4527,#4528);
#4198=AXIS2_PLACEMENT_3D('',#5619,#4532,#4533);
#4199=AXIS2_PLACEMENT_3D('',#5623,#4536,#4537);
#4200=AXIS2_PLACEMENT_3D('',#5634,#4543,#4544);
#4201=AXIS2_PLACEMENT_3D('',#5645,#4550,#4551);
#4202=AXIS2_PLACEMENT_3D('',#5651,#4555,#4556);
#4203=AXIS2_PLACEMENT_3D('',#5657,#4560,#4561);
#4204=AXIS2_PLACEMENT_3D('',#5663,#4565,#4566);
#4205=AXIS2_PLACEMENT_3D('',#5669,#4570,#4571);
#4206=AXIS2_PLACEMENT_3D('',#5678,#4576,#4577);
#4207=AXIS2_PLACEMENT_3D('',#5692,#4585,#4586);
#4208=AXIS2_PLACEMENT_3D('',#5784,#4635,#4636);
#4209=AXIS2_PLACEMENT_3D('',#5786,#4637,#4638);
#4210=AXIS2_PLACEMENT_3D('',#5788,#4639,#4640);
#4211=AXIS2_PLACEMENT_3D('',#5790,#4641,#4642);
#4212=AXIS2_PLACEMENT_3D('',#5792,#4643,#4644);
#4213=AXIS2_PLACEMENT_3D('',#5794,#4645,#4646);
#4214=AXIS2_PLACEMENT_3D('',#5796,#4647,#4648);
#4215=AXIS2_PLACEMENT_3D('',#5798,#4649,#4650);
#4216=AXIS2_PLACEMENT_3D('',#5800,#4651,#4652);
#4217=AXIS2_PLACEMENT_3D('',#5802,#4653,#4654);
#4218=AXIS2_PLACEMENT_3D('',#5804,#4655,#4656);
#4219=AXIS2_PLACEMENT_3D('',#5806,#4657,#4658);
#4220=AXIS2_PLACEMENT_3D('',#5808,#4659,#4660);
#4221=AXIS2_PLACEMENT_3D('',#5810,#4661,#4662);
#4222=AXIS2_PLACEMENT_3D('',#5812,#4663,#4664);
#4223=AXIS2_PLACEMENT_3D('',#5814,#4665,#4666);
#4224=AXIS2_PLACEMENT_3D('',#5831,#4676,#4677);
#4225=AXIS2_PLACEMENT_3D('',#5833,#4679,#4680);
#4226=AXIS2_PLACEMENT_3D('',#5835,#4682,#4683);
#4227=AXIS2_PLACEMENT_3D('',#5871,#4704,#4705);
#4228=AXIS2_PLACEMENT_3D('',#5873,#4706,#4707);
#4229=AXIS2_PLACEMENT_3D('',#5875,#4708,#4709);
#4230=AXIS2_PLACEMENT_3D('',#5877,#4710,#4711);
#4231=AXIS2_PLACEMENT_3D('',#5878,#4712,#4713);
#4232=AXIS2_PLACEMENT_3D('',#5882,#4716,#4717);
#4233=AXIS2_PLACEMENT_3D('',#5888,#4721,#4722);
#4234=AXIS2_PLACEMENT_3D('',#5892,#4725,#4726);
#4235=AXIS2_PLACEMENT_3D('',#5894,#4728,#4729);
#4236=AXIS2_PLACEMENT_3D('',#5903,#4734,#4735);
#4237=AXIS2_PLACEMENT_3D('',#5907,#4738,#4739);
#4238=AXIS2_PLACEMENT_3D('',#5913,#4743,#4744);
#4239=AXIS2_PLACEMENT_3D('',#5922,#4749,#4750);
#4240=AXIS2_PLACEMENT_3D('',#5928,#4754,#4755);
#4241=AXIS2_PLACEMENT_3D('',#5932,#4758,#4759);
#4242=AXIS2_PLACEMENT_3D('',#5936,#4762,#4763);
#4243=AXIS2_PLACEMENT_3D('',#5948,#4770,#4771);
#4244=AXIS2_PLACEMENT_3D('',#5960,#4778,#4779);
#4245=AXIS2_PLACEMENT_3D('',#5972,#4786,#4787);
#4246=AXIS2_PLACEMENT_3D('',#5984,#4794,#4795);
#4247=AXIS2_PLACEMENT_3D('',#5988,#4798,#4799);
#4248=AXIS2_PLACEMENT_3D('',#5992,#4802,#4803);
#4249=AXIS2_PLACEMENT_3D('',#5998,#4807,#4808);
#4250=AXIS2_PLACEMENT_3D('',#6041,#4833,#4834);
#4251=AXIS2_PLACEMENT_3D('',#6043,#4835,#4836);
#4252=AXIS2_PLACEMENT_3D('',#6045,#4837,#4838);
#4253=AXIS2_PLACEMENT_3D('',#6047,#4839,#4840);
#4254=AXIS2_PLACEMENT_3D('',#6048,#4841,#4842);
#4255=AXIS2_PLACEMENT_3D('',#6055,#4847,#4848);
#4256=AXIS2_PLACEMENT_3D('',#6062,#4853,#4854);
#4257=AXIS2_PLACEMENT_3D('',#6064,#4856,#4857);
#4258=AXIS2_PLACEMENT_3D('',#6066,#4859,#4860);
#4259=AXIS2_PLACEMENT_3D('',#6072,#4864,#4865);
#4260=AXIS2_PLACEMENT_3D('',#6096,#4879,#4880);
#4261=AXIS2_PLACEMENT_3D('',#6098,#4881,#4882);
#4262=AXIS2_PLACEMENT_3D('',#6100,#4883,#4884);
#4263=AXIS2_PLACEMENT_3D('',#6102,#4885,#4886);
#4264=AXIS2_PLACEMENT_3D('',#6103,#4887,#4888);
#4265=AXIS2_PLACEMENT_3D('',#6105,#4890,#4891);
#4266=AXIS2_PLACEMENT_3D('',#6106,#4892,#4893);
#4267=AXIS2_PLACEMENT_3D('',#6109,#4896,#4897);
#4268=AXIS2_PLACEMENT_3D('',#6111,#4899,#4900);
#4269=AXIS2_PLACEMENT_3D('',#6117,#4904,#4905);
#4270=AXIS2_PLACEMENT_3D('',#6121,#4908,#4909);
#4271=AXIS2_PLACEMENT_3D('',#6127,#4913,#4914);
#4272=AXIS2_PLACEMENT_3D('',#6129,#4916,#4917);
#4273=AXIS2_PLACEMENT_3D('',#6135,#4921,#4922);
#4274=AXIS2_PLACEMENT_3D('',#6139,#4925,#4926);
#4275=AXIS2_PLACEMENT_3D('',#6143,#4929,#4930);
#4276=AXIS2_PLACEMENT_3D('',#6147,#4933,#4934);
#4277=AXIS2_PLACEMENT_3D('',#6149,#4936,#4937);
#4278=AXIS2_PLACEMENT_3D('',#6151,#4939,#4940);
#4279=AXIS2_PLACEMENT_3D('',#6154,#4942,#4943);
#4280=AXIS2_PLACEMENT_3D('',#6155,#4944,#4945);
#4281=AXIS2_PLACEMENT_3D('',#6158,#4947,#4948);
#4282=AXIS2_PLACEMENT_3D('',#6159,#4949,#4950);
#4283=AXIS2_PLACEMENT_3D('',#6162,#4952,#4953);
#4284=AXIS2_PLACEMENT_3D('',#6163,#4954,#4955);
#4285=AXIS2_PLACEMENT_3D('',#6166,#4957,#4958);
#4286=AXIS2_PLACEMENT_3D('',#6167,#4959,#4960);
#4287=AXIS2_PLACEMENT_3D('',#6173,#4964,#4965);
#4288=AXIS2_PLACEMENT_3D('',#6175,#4967,#4968);
#4289=AXIS2_PLACEMENT_3D('',#6177,#4970,#4971);
#4290=AXIS2_PLACEMENT_3D('',#6180,#4973,#4974);
#4291=AXIS2_PLACEMENT_3D('',#6181,#4975,#4976);
#4292=AXIS2_PLACEMENT_3D('',#6184,#4978,#4979);
#4293=AXIS2_PLACEMENT_3D('',#6185,#4980,#4981);
#4294=AXIS2_PLACEMENT_3D('',#6188,#4983,#4984);
#4295=AXIS2_PLACEMENT_3D('',#6189,#4985,#4986);
#4296=AXIS2_PLACEMENT_3D('',#6192,#4988,#4989);
#4297=AXIS2_PLACEMENT_3D('',#6193,#4990,#4991);
#4298=AXIS2_PLACEMENT_3D('',#6197,#4994,#4995);
#4299=AXIS2_PLACEMENT_3D('',#6201,#4998,#4999);
#4300=AXIS2_PLACEMENT_3D('',#6203,#5001,#5002);
#4301=AXIS2_PLACEMENT_3D('',#6206,#5004,#5005);
#4302=AXIS2_PLACEMENT_3D('',#6207,#5006,#5007);
#4303=AXIS2_PLACEMENT_3D('',#6210,#5009,#5010);
#4304=AXIS2_PLACEMENT_3D('',#6211,#5011,#5012);
#4305=AXIS2_PLACEMENT_3D('',#6215,#5015,#5016);
#4306=AXIS2_PLACEMENT_3D('',#6219,#5019,#5020);
#4307=AXIS2_PLACEMENT_3D('',#6221,#5022,#5023);
#4308=AXIS2_PLACEMENT_3D('',#6224,#5025,#5026);
#4309=AXIS2_PLACEMENT_3D('',#6225,#5027,#5028);
#4310=AXIS2_PLACEMENT_3D('',#6231,#5032,#5033);
#4311=AXIS2_PLACEMENT_3D('',#6235,#5036,#5037);
#4312=AXIS2_PLACEMENT_3D('',#6239,#5040,#5041);
#4313=AXIS2_PLACEMENT_3D('',#6241,#5043,#5044);
#4314=AXIS2_PLACEMENT_3D('',#6244,#5046,#5047);
#4315=AXIS2_PLACEMENT_3D('',#6245,#5048,#5049);
#4316=AXIS2_PLACEMENT_3D('',#6249,#5052,#5053);
#4317=AXIS2_PLACEMENT_3D('',#6253,#5056,#5057);
#4318=AXIS2_PLACEMENT_3D('',#6255,#5059,#5060);
#4319=AXIS2_PLACEMENT_3D('',#6257,#5062,#5063);
#4320=AXIS2_PLACEMENT_3D('',#6261,#5066,#5067);
#4321=AXIS2_PLACEMENT_3D('',#6265,#5070,#5071);
#4322=AXIS2_PLACEMENT_3D('',#6267,#5073,#5074);
#4323=AXIS2_PLACEMENT_3D('',#6270,#5076,#5077);
#4324=AXIS2_PLACEMENT_3D('',#6271,#5078,#5079);
#4325=AXIS2_PLACEMENT_3D('',#6274,#5081,#5082);
#4326=AXIS2_PLACEMENT_3D('',#6275,#5083,#5084);
#4327=AXIS2_PLACEMENT_3D('',#6278,#5086,#5087);
#4328=AXIS2_PLACEMENT_3D('',#6279,#5088,#5089);
#4329=AXIS2_PLACEMENT_3D('',#6282,#5091,#5092);
#4330=AXIS2_PLACEMENT_3D('',#6283,#5093,#5094);
#4331=AXIS2_PLACEMENT_3D('',#6286,#5096,#5097);
#4332=AXIS2_PLACEMENT_3D('',#6287,#5098,#5099);
#4333=AXIS2_PLACEMENT_3D('',#6290,#5101,#5102);
#4334=AXIS2_PLACEMENT_3D('',#6291,#5103,#5104);
#4335=AXIS2_PLACEMENT_3D('',#6297,#5108,#5109);
#4336=AXIS2_PLACEMENT_3D('',#6301,#5112,#5113);
#4337=AXIS2_PLACEMENT_3D('',#6305,#5116,#5117);
#4338=AXIS2_PLACEMENT_3D('',#6307,#5119,#5120);
#4339=AXIS2_PLACEMENT_3D('',#6310,#5122,#5123);
#4340=AXIS2_PLACEMENT_3D('',#6311,#5124,#5125);
#4341=AXIS2_PLACEMENT_3D('',#6314,#5127,#5128);
#4342=AXIS2_PLACEMENT_3D('',#6315,#5129,#5130);
#4343=AXIS2_PLACEMENT_3D('',#6321,#5134,#5135);
#4344=AXIS2_PLACEMENT_3D('',#6325,#5138,#5139);
#4345=AXIS2_PLACEMENT_3D('',#6329,#5142,#5143);
#4346=AXIS2_PLACEMENT_3D('',#6331,#5145,#5146);
#4347=AXIS2_PLACEMENT_3D('',#6335,#5149,#5150);
#4348=AXIS2_PLACEMENT_3D('',#6339,#5153,#5154);
#4349=AXIS2_PLACEMENT_3D('',#6343,#5157,#5158);
#4350=AXIS2_PLACEMENT_3D('',#6347,#5161,#5162);
#4351=AXIS2_PLACEMENT_3D('',#6351,#5165,#5166);
#4352=AXIS2_PLACEMENT_3D('',#6355,#5169,#5170);
#4353=AXIS2_PLACEMENT_3D('',#6359,#5173,#5174);
#4354=AXIS2_PLACEMENT_3D('',#6363,#5177,#5178);
#4355=AXIS2_PLACEMENT_3D('',#6365,#5180,#5181);
#4356=AXIS2_PLACEMENT_3D('',#6369,#5184,#5185);
#4357=AXIS2_PLACEMENT_3D('',#6373,#5188,#5189);
#4358=AXIS2_PLACEMENT_3D('',#6377,#5192,#5193);
#4359=AXIS2_PLACEMENT_3D('',#6381,#5196,#5197);
#4360=AXIS2_PLACEMENT_3D('',#6383,#5199,#5200);
#4361=AXIS2_PLACEMENT_3D('',#6384,#5201,#5202);
#4362=AXIS2_PLACEMENT_3D('',#6386,#5204,#5205);
#4363=AXIS2_PLACEMENT_3D('',#6388,#5207,#5208);
#4364=AXIS2_PLACEMENT_3D('',#6390,#5210,#5211);
#4365=AXIS2_PLACEMENT_3D('',#6392,#5213,#5214);
#4366=AXIS2_PLACEMENT_3D('',#6408,#5222,#5223);
#4367=AXIS2_PLACEMENT_3D('',#6412,#5225,#5226);
#4368=AXIS2_PLACEMENT_3D('',#6414,#5227,#5228);
#4369=AXIS2_PLACEMENT_3D('',#6418,#5230,#5231);
#4370=AXIS2_PLACEMENT_3D('',#6420,#5232,#5233);
#4371=AXIS2_PLACEMENT_3D('',#6422,#5234,#5235);
#4372=AXIS2_PLACEMENT_3D('',#6426,#5237,#5238);
#4373=AXIS2_PLACEMENT_3D('',#6427,#5239,#5240);
#4374=AXIS2_PLACEMENT_3D('',#6429,#5241,#5242);
#4375=AXIS2_PLACEMENT_3D('',#6430,#5243,#5244);
#4376=AXIS2_PLACEMENT_3D('',#6434,#5246,#5247);
#4377=AXIS2_PLACEMENT_3D('',#6450,#5255,#5256);
#4378=AXIS2_PLACEMENT_3D('',#6452,#5257,#5258);
#4379=AXIS2_PLACEMENT_3D('',#6454,#5259,#5260);
#4380=AXIS2_PLACEMENT_3D('',#6458,#5262,#5263);
#4381=AXIS2_PLACEMENT_3D('',#6460,#5264,#5265);
#4382=AXIS2_PLACEMENT_3D('',#6462,#5266,#5267);
#4383=AXIS2_PLACEMENT_3D('',#6465,#5269,#5270);
#4384=AXIS2_PLACEMENT_3D('',#6467,#5271,#5272);
#4385=AXIS2_PLACEMENT_3D('',#6468,#5273,#5274);
#4386=AXIS2_PLACEMENT_3D('',#6475,#5279,#5280);
#4387=AXIS2_PLACEMENT_3D('',#6479,#5283,#5284);
#4388=AXIS2_PLACEMENT_3D('',#6485,#5287,#5288);
#4389=AXIS2_PLACEMENT_3D('',#6496,#5294,#5295);
#4390=AXIS2_PLACEMENT_3D('',#6499,#5296,#5297);
#4391=AXIS2_PLACEMENT_3D('',#6501,#5298,#5299);
#4392=AXIS2_PLACEMENT_3D('',#6503,#5300,#5301);
#4393=AXIS2_PLACEMENT_3D('',#6507,#5303,#5304);
#4394=AXIS2_PLACEMENT_3D('',#6509,#5305,#5306);
#4395=AXIS2_PLACEMENT_3D('',#6511,#5307,#5308);
#4396=AXIS2_PLACEMENT_3D('',#6514,#5310,#5311);
#4397=AXIS2_PLACEMENT_3D('',#6515,#5312,#5313);
#4398=AXIS2_PLACEMENT_3D('',#6518,#5316,#5317);
#4399=AXIS2_PLACEMENT_3D('',#6520,#5319,#5320);
#4400=AXIS2_PLACEMENT_3D('',#6522,#5322,#5323);
#4401=AXIS2_PLACEMENT_3D('',#6524,#5325,#5326);
#4402=AXIS2_PLACEMENT_3D('',#6526,#5328,#5329);
#4403=AXIS2_PLACEMENT_3D('',#6528,#5331,#5332);
#4404=AXIS2_PLACEMENT_3D('',#6530,#5334,#5335);
#4405=AXIS2_PLACEMENT_3D('',#6532,#5337,#5338);
#4406=AXIS2_PLACEMENT_3D('',#6533,#5339,#5340);
#4407=AXIS2_PLACEMENT_3D('',#6535,#5342,#5343);
#4408=AXIS2_PLACEMENT_3D('',#6538,#5346,#5347);
#4409=AXIS2_PLACEMENT_3D('',#6540,#5349,#5350);
#4410=AXIS2_PLACEMENT_3D('',#6542,#5352,#5353);
#4411=AXIS2_PLACEMENT_3D('',#6544,#5355,#5356);
#4412=AXIS2_PLACEMENT_3D('',#6546,#5358,#5359);
#4413=AXIS2_PLACEMENT_3D('',#6550,#5362,#5363);
#4414=AXIS2_PLACEMENT_3D('',#6561,#5369,#5370);
#4415=AXIS2_PLACEMENT_3D('',#6563,#5371,#5372);
#4416=AXIS2_PLACEMENT_3D('',#6566,#5373,#5374);
#4417=AXIS2_PLACEMENT_3D('',#6568,#5375,#5376);
#4418=AXIS2_PLACEMENT_3D('',#6572,#5378,#5379);
#4419=AXIS2_PLACEMENT_3D('',#6574,#5380,#5381);
#4420=AXIS2_PLACEMENT_3D('',#6576,#5382,#5383);
#4421=AXIS2_PLACEMENT_3D('',#6580,#5385,#5386);
#4422=AXIS2_PLACEMENT_3D('',#6581,#5387,#5388);
#4423=AXIS2_PLACEMENT_3D('',#6582,#5389,#5390);
#4424=AXIS2_PLACEMENT_3D('',#6585,#5393,#5394);
#4425=AXIS2_PLACEMENT_3D('',#6587,#5396,#5397);
#4426=AXIS2_PLACEMENT_3D('',#6589,#5399,#5400);
#4427=AXIS2_PLACEMENT_3D('',#6591,#5402,#5403);
#4428=AXIS2_PLACEMENT_3D('',#6593,#5405,#5406);
#4429=AXIS2_PLACEMENT_3D('',#6595,#5408,#5409);
#4430=AXIS2_PLACEMENT_3D('',#6597,#5411,#5412);
#4431=AXIS2_PLACEMENT_3D('',#6599,#5414,#5415);
#4432=AXIS2_PLACEMENT_3D('',#6600,#5416,#5417);
#4433=AXIS2_PLACEMENT_3D('',#6602,#5419,#5420);
#4434=AXIS2_PLACEMENT_3D('',#6605,#5423,#5424);
#4435=AXIS2_PLACEMENT_3D('',#6607,#5426,#5427);
#4436=AXIS2_PLACEMENT_3D('',#6609,#5429,#5430);
#4437=AXIS2_PLACEMENT_3D('',#6611,#5432,#5433);
#4438=AXIS2_PLACEMENT_3D('',#6612,#5434,#5435);
#4439=AXIS2_PLACEMENT_3D('',#6613,#5436,#5437);
#4440=AXIS2_PLACEMENT_3D('',#6615,#5439,#5440);
#4441=AXIS2_PLACEMENT_3D('',#6616,#5441,#5442);
#4442=AXIS2_PLACEMENT_3D('',#6618,#5443,#5444);
#4443=AXIS2_PLACEMENT_3D('',#6621,#5446,#5447);
#4444=AXIS2_PLACEMENT_3D('',#6622,#5448,#5449);
#4445=AXIS2_PLACEMENT_3D('',#6624,#5450,#5451);
#4446=AXIS2_PLACEMENT_3D('',#6627,#5453,#5454);
#4447=AXIS2_PLACEMENT_3D('',#6628,#5455,#5456);
#4448=AXIS2_PLACEMENT_3D('',#6630,#5457,#5458);
#4449=AXIS2_PLACEMENT_3D('',#6633,#5460,#5461);
#4450=AXIS2_PLACEMENT_3D('',#6634,#5462,#5463);
#4451=AXIS2_PLACEMENT_3D('',#6636,#5464,#5465);
#4452=AXIS2_PLACEMENT_3D('',#6639,#5467,#5468);
#4453=AXIS2_PLACEMENT_3D('',#6640,#5469,#5470);
#4454=AXIS2_PLACEMENT_3D('',#6649,#5475,#5476);
#4455=AXIS2_PLACEMENT_3D('',#6655,#5480,#5481);
#4456=AXIS2_PLACEMENT_3D('',#6661,#5485,#5486);
#4457=AXIS2_PLACEMENT_3D('',#6664,#5489,#5490);
#4458=AXIS2_PLACEMENT_3D('',#6665,#5491,#5492);
#4459=AXIS2_PLACEMENT_3D('',#6666,#5493,#5494);
#4460=AXIS2_PLACEMENT_3D('',#6668,#5495,#5496);
#4461=AXIS2_PLACEMENT_3D('',#6671,#5498,#5499);
#4462=AXIS2_PLACEMENT_3D('',#6672,#5500,#5501);
#4463=AXIS2_PLACEMENT_3D('',#6674,#5502,#5503);
#4464=AXIS2_PLACEMENT_3D('',#6677,#5505,#5506);
#4465=AXIS2_PLACEMENT_3D('',#6678,#5507,#5508);
#4466=AXIS2_PLACEMENT_3D('',#6680,#5509,#5510);
#4467=AXIS2_PLACEMENT_3D('',#6683,#5512,#5513);
#4468=AXIS2_PLACEMENT_3D('',#6684,#5514,#5515);
#4469=AXIS2_PLACEMENT_3D('',#6686,#5516,#5517);
#4470=AXIS2_PLACEMENT_3D('',#6689,#5519,#5520);
#4471=AXIS2_PLACEMENT_3D('',#6690,#5521,#5522);
#4472=AXIS2_PLACEMENT_3D('',#6699,#5527,#5528);
#4473=AXIS2_PLACEMENT_3D('',#6705,#5532,#5533);
#4474=AXIS2_PLACEMENT_3D('',#6711,#5537,#5538);
#4475=AXIS2_PLACEMENT_3D('',#6714,#5541,#5542);
#4476=AXIS2_PLACEMENT_3D('',#6715,#5543,#5544);
#4477=DIRECTION('axis',(0.,0.,1.));
#4478=DIRECTION('refdir',(1.,0.,0.));
#4479=DIRECTION('center_axis',(-0.707106781186546,0.707106781186549,0.));
#4480=DIRECTION('ref_axis',(0.,0.,1.));
#4481=DIRECTION('',(0.707106781186547,0.707106781186547,3.70074341541719E-16));
#4482=DIRECTION('',(0.,0.,1.));
#4483=DIRECTION('',(-0.707106781186547,-0.707106781186547,0.));
#4484=DIRECTION('',(0.,0.,-1.));
#4485=DIRECTION('center_axis',(0.707106781186548,0.707106781186547,0.));
#4486=DIRECTION('ref_axis',(-0.707106781186547,0.707106781186548,0.));
#4487=DIRECTION('',(-0.707106781186547,0.707106781186548,0.));
#4488=DIRECTION('',(0.,0.,1.));
#4489=DIRECTION('',(-0.707106781186547,0.707106781186548,0.));
#4490=DIRECTION('',(0.,0.,1.));
#4491=DIRECTION('',(-0.707106781186547,0.707106781186548,0.));
#4492=DIRECTION('',(0.,0.,1.));
#4493=DIRECTION('',(-0.707106781186548,0.707106781186548,0.));
#4494=DIRECTION('',(0.,0.,-1.));
#4495=DIRECTION('',(-0.707106781186548,0.707106781186548,7.40148672054364E-17));
#4496=DIRECTION('center_axis',(-0.707106781186548,-0.707106781186548,0.));
#4497=DIRECTION('ref_axis',(0.,0.,1.));
#4498=DIRECTION('',(-0.707106781186548,0.707106781186548,7.40148672054364E-17));
#4499=DIRECTION('',(0.,0.,1.));
#4500=DIRECTION('',(0.707106781186548,-0.707106781186548,0.));
#4501=DIRECTION('',(0.707106781186548,-0.707106781186548,0.));
#4502=DIRECTION('',(0.,0.,-1.));
#4503=DIRECTION('center_axis',(-0.707106781186548,-0.707106781186548,0.));
#4504=DIRECTION('ref_axis',(0.,0.,1.));
#4505=DIRECTION('',(-0.707106781186547,0.707106781186548,7.40148672054367E-17));
#4506=DIRECTION('',(0.,0.,1.));
#4507=DIRECTION('',(0.707106781186548,-0.707106781186548,0.));
#4508=DIRECTION('',(0.707106781186547,-0.707106781186547,0.));
#4509=DIRECTION('',(0.,0.,-1.));
#4510=DIRECTION('center_axis',(0.,0.,-1.));
#4511=DIRECTION('ref_axis',(-0.707106781186547,0.707106781186548,0.));
#4512=DIRECTION('',(-0.831545806682972,-0.555456183139558,0.));
#4513=DIRECTION('',(0.707106781186547,0.707106781186547,0.));
#4514=DIRECTION('center_axis',(0.,0.,-1.));
#4515=DIRECTION('ref_axis',(-0.707106781186547,0.707106781186548,0.));
#4516=DIRECTION('',(0.707106781186548,0.707106781186547,0.));
#4517=DIRECTION('',(0.561797731573962,0.827274627193625,0.));
#4518=DIRECTION('center_axis',(0.707106781186547,-0.707106781186548,0.));
#4519=DIRECTION('ref_axis',(0.,0.,-1.));
#4520=DIRECTION('',(0.707106781186548,0.707106781186547,3.70074341541719E-16));
#4521=DIRECTION('',(0.,0.,1.));
#4522=DIRECTION('center_axis',(-0.707106781186547,0.707106781186548,0.));
#4523=DIRECTION('ref_axis',(0.,0.,1.));
#4524=DIRECTION('',(0.707106781186548,0.707106781186547,0.));
#4525=DIRECTION('',(0.,0.,1.));
#4526=DIRECTION('',(-0.707106781186548,-0.707106781186547,-3.70074341541719E-16));
#4527=DIRECTION('center_axis',(0.707106781186548,-0.707106781186548,0.));
#4528=DIRECTION('ref_axis',(0.,0.,-1.));
#4529=DIRECTION('',(0.707106781186548,0.707106781186548,3.70074341541719E-16));
#4530=DIRECTION('',(0.,0.,1.));
#4531=DIRECTION('',(-0.707106781186548,-0.707106781186548,0.));
#4532=DIRECTION('center_axis',(-0.707106781186548,0.707106781186548,0.));
#4533=DIRECTION('ref_axis',(0.,0.,1.));
#4534=DIRECTION('',(0.,0.,1.));
#4535=DIRECTION('',(-0.707106781186548,-0.707106781186548,-3.70074341541719E-16));
#4536=DIRECTION('center_axis',(0.707106781186548,-0.707106781186548,0.));
#4537=DIRECTION('ref_axis',(0.,0.,-1.));
#4538=DIRECTION('',(-0.707106781186549,-0.707106781186546,-3.70074341541719E-16));
#4539=DIRECTION('',(0.,0.,1.));
#4540=DIRECTION('',(0.707106781186549,0.707106781186546,0.));
#4541=DIRECTION('',(0.707106781186548,0.707106781186548,0.));
#4542=DIRECTION('',(0.,0.,-1.));
#4543=DIRECTION('center_axis',(0.707106781186548,-0.707106781186548,0.));
#4544=DIRECTION('ref_axis',(0.,0.,-1.));
#4545=DIRECTION('',(-0.707106781186546,-0.707106781186548,-3.70074341541719E-16));
#4546=DIRECTION('',(0.,0.,1.));
#4547=DIRECTION('',(0.707106781186548,0.707106781186548,0.));
#4548=DIRECTION('',(0.707106781186547,0.707106781186548,0.));
#4549=DIRECTION('',(0.,0.,-1.));
#4550=DIRECTION('center_axis',(0.707106781186549,0.707106781186546,0.));
#4551=DIRECTION('ref_axis',(0.,0.,-1.));
#4552=DIRECTION('',(-0.707106781186546,0.707106781186549,7.4014867205437E-17));
#4553=DIRECTION('',(0.,0.,1.));
#4554=DIRECTION('',(0.707106781186546,-0.707106781186549,0.));
#4555=DIRECTION('center_axis',(-0.707106781186549,-0.707106781186546,0.));
#4556=DIRECTION('ref_axis',(0.,0.,1.));
#4557=DIRECTION('',(-0.707106781186546,0.707106781186549,0.));
#4558=DIRECTION('',(0.,0.,1.));
#4559=DIRECTION('',(0.707106781186546,-0.707106781186549,-7.4014867205437E-17));
#4560=DIRECTION('center_axis',(0.707106781186547,0.707106781186549,0.));
#4561=DIRECTION('ref_axis',(0.,0.,-1.));
#4562=DIRECTION('',(-0.707106781186549,0.707106781186547,7.40148672054359E-17));
#4563=DIRECTION('',(0.,0.,1.));
#4564=DIRECTION('',(-0.707106781186549,0.707106781186547,0.));
#4565=DIRECTION('center_axis',(-0.707106781186547,-0.707106781186549,0.));
#4566=DIRECTION('ref_axis',(0.,0.,1.));
#4567=DIRECTION('',(-0.707106781186549,0.707106781186547,0.));
#4568=DIRECTION('',(0.,0.,1.));
#4569=DIRECTION('',(0.707106781186549,-0.707106781186547,-7.40148672054359E-17));
#4570=DIRECTION('center_axis',(0.707106781186554,0.707106781186541,0.));
#4571=DIRECTION('ref_axis',(0.,0.,-1.));
#4572=DIRECTION('',(0.707106781186547,-0.707106781186548,-7.40148672054366E-17));
#4573=DIRECTION('',(0.,0.,1.));
#4574=DIRECTION('',(-0.707106781186547,0.707106781186548,0.));
#4575=DIRECTION('',(0.,0.,-1.));
#4576=DIRECTION('center_axis',(0.707106781186548,-0.707106781186547,0.));
#4577=DIRECTION('ref_axis',(0.707106781186547,0.707106781186548,0.));
#4578=DIRECTION('',(0.707106781186547,0.707106781186548,0.));
#4579=DIRECTION('',(0.,0.,1.));
#4580=DIRECTION('',(0.707106781186547,0.707106781186548,0.));
#4581=DIRECTION('',(0.,0.,1.));
#4582=DIRECTION('',(0.707106781186547,0.707106781186548,0.));
#4583=DIRECTION('',(0.,0.,1.));
#4584=DIRECTION('',(0.707106781186548,0.707106781186547,3.70074341541719E-16));
#4585=DIRECTION('center_axis',(0.,0.,1.));
#4586=DIRECTION('ref_axis',(1.,0.,0.));
#4587=DIRECTION('',(0.561797731573962,0.827274627193625,0.));
#4588=DIRECTION('',(0.707106781186547,-0.707106781186547,0.));
#4589=DIRECTION('',(-0.707106781186547,-0.707106781186548,0.));
#4590=DIRECTION('',(-0.707106781186548,0.707106781186547,0.));
#4591=DIRECTION('',(0.561797731573962,0.827274627193625,0.));
#4592=DIRECTION('',(-0.707106781186548,0.707106781186547,0.));
#4593=DIRECTION('',(-0.561797731573962,-0.827274627193625,0.));
#4594=DIRECTION('',(-0.25881904510252,-0.965925826289068,0.));
#4595=DIRECTION('',(0.965925826289069,0.258819045102519,0.));
#4596=DIRECTION('',(0.831545806682972,0.555456183139558,0.));
#4597=DIRECTION('',(-0.707106781186547,0.707106781186547,0.));
#4598=DIRECTION('',(-0.831545806682972,-0.555456183139558,0.));
#4599=DIRECTION('',(-0.707106781186547,0.707106781186548,0.));
#4600=DIRECTION('',(0.707106781186548,0.707106781186547,0.));
#4601=DIRECTION('',(0.707106781186547,-0.707106781186547,0.));
#4602=DIRECTION('',(-0.831545806682972,-0.555456183139558,0.));
#4603=DIRECTION('',(0.831545806682972,0.555456183139558,0.));
#4604=DIRECTION('',(0.829835862585811,-0.558007563717968,0.));
#4605=DIRECTION('',(-0.987324690318656,-0.158713439529141,0.));
#4606=DIRECTION('',(0.707106781186547,0.707106781186548,0.));
#4607=DIRECTION('',(-0.707106781186548,0.707106781186548,0.));
#4608=DIRECTION('',(-0.707106781186548,-0.707106781186547,0.));
#4609=DIRECTION('',(-0.707106781186547,0.707106781186548,0.));
#4610=DIRECTION('',(0.707106781186547,0.707106781186548,0.));
#4611=DIRECTION('',(0.707106781186548,-0.707106781186548,0.));
#4612=DIRECTION('',(-0.707106781186548,-0.707106781186547,0.));
#4613=DIRECTION('',(0.707106781186548,-0.707106781186548,0.));
#4614=DIRECTION('',(0.707106781186547,0.707106781186548,0.));
#4615=DIRECTION('',(-0.158713439529141,-0.987324690318656,0.));
#4616=DIRECTION('',(-0.558007563717969,0.829835862585811,0.));
#4617=DIRECTION('',(0.555456183139558,0.831545806682972,0.));
#4618=DIRECTION('',(0.258819045102521,0.965925826289068,0.));
#4619=DIRECTION('',(-0.965925826289068,-0.25881904510252,0.));
#4620=DIRECTION('',(-0.827274627193625,-0.561797731573961,0.));
#4621=DIRECTION('',(-0.829002602447083,0.559244745291329,0.));
#4622=DIRECTION('',(-0.965925826289068,0.258819045102521,0.));
#4623=DIRECTION('',(0.25881904510252,-0.965925826289068,0.));
#4624=DIRECTION('',(0.55924474529133,-0.829002602447083,0.));
#4625=DIRECTION('',(-0.561797731573962,-0.827274627193625,0.));
#4626=DIRECTION('',(0.707106781186547,-0.707106781186548,0.));
#4627=DIRECTION('',(-0.707106781186547,-0.707106781186548,0.));
#4628=DIRECTION('',(-0.55924474529133,0.829002602447083,0.));
#4629=DIRECTION('',(0.707106781186548,0.707106781186547,0.));
#4630=DIRECTION('',(0.707106781186547,-0.707106781186548,0.));
#4631=DIRECTION('',(0.707106781186548,0.707106781186547,0.));
#4632=DIRECTION('',(0.707106781186548,0.707106781186547,0.));
#4633=DIRECTION('',(0.829002602447083,-0.559244745291329,0.));
#4634=DIRECTION('',(-0.707106781186547,-0.707106781186548,0.));
#4635=DIRECTION('center_axis',(0.,0.,-1.));
#4636=DIRECTION('ref_axis',(1.,0.,0.));
#4637=DIRECTION('center_axis',(0.,0.,-1.));
#4638=DIRECTION('ref_axis',(1.,0.,0.));
#4639=DIRECTION('center_axis',(0.,0.,-1.));
#4640=DIRECTION('ref_axis',(1.,0.,0.));
#4641=DIRECTION('center_axis',(0.,0.,-1.));
#4642=DIRECTION('ref_axis',(1.,0.,0.));
#4643=DIRECTION('center_axis',(0.,0.,-1.));
#4644=DIRECTION('ref_axis',(1.,0.,0.));
#4645=DIRECTION('center_axis',(0.,0.,-1.));
#4646=DIRECTION('ref_axis',(1.,0.,0.));
#4647=DIRECTION('center_axis',(0.,0.,-1.));
#4648=DIRECTION('ref_axis',(1.,0.,0.));
#4649=DIRECTION('center_axis',(0.,0.,-1.));
#4650=DIRECTION('ref_axis',(1.,0.,0.));
#4651=DIRECTION('center_axis',(0.,0.,-1.));
#4652=DIRECTION('ref_axis',(1.,0.,0.));
#4653=DIRECTION('center_axis',(0.,0.,-1.));
#4654=DIRECTION('ref_axis',(1.,0.,0.));
#4655=DIRECTION('center_axis',(0.,0.,-1.));
#4656=DIRECTION('ref_axis',(1.,0.,0.));
#4657=DIRECTION('center_axis',(0.,0.,-1.));
#4658=DIRECTION('ref_axis',(1.,0.,0.));
#4659=DIRECTION('center_axis',(0.,0.,-1.));
#4660=DIRECTION('ref_axis',(1.,0.,0.));
#4661=DIRECTION('center_axis',(0.,0.,-1.));
#4662=DIRECTION('ref_axis',(1.,0.,0.));
#4663=DIRECTION('center_axis',(0.,0.,-1.));
#4664=DIRECTION('ref_axis',(1.,0.,0.));
#4665=DIRECTION('center_axis',(0.,0.,-1.));
#4666=DIRECTION('ref_axis',(1.,0.,0.));
#4667=DIRECTION('',(-0.707106781186547,-0.707106781186548,0.));
#4668=DIRECTION('',(-0.707106781186547,0.707106781186547,0.));
#4669=DIRECTION('',(0.827274627193625,0.561797731573961,0.));
#4670=DIRECTION('',(0.707106781186547,-0.707106781186547,0.));
#4671=DIRECTION('',(-0.707106781186547,-0.707106781186548,0.));
#4672=DIRECTION('',(0.707106781186547,-0.707106781186548,0.));
#4673=DIRECTION('',(0.707106781186547,-0.707106781186548,0.));
#4674=DIRECTION('',(-0.555456183139558,-0.831545806682972,0.));
#4675=DIRECTION('',(-0.707106781186547,0.707106781186547,0.));
#4676=DIRECTION('center_axis',(0.,0.,-1.));
#4677=DIRECTION('ref_axis',(-0.707106781186548,-0.707106781186547,0.));
#4678=DIRECTION('',(-0.158713439529141,-0.987324690318656,0.));
#4679=DIRECTION('center_axis',(0.,0.,-1.));
#4680=DIRECTION('ref_axis',(-0.707106781186547,-0.707106781186548,0.));
#4681=DIRECTION('',(-0.987324690318656,-0.158713439529141,0.));
#4682=DIRECTION('center_axis',(-2.0934566193771E-16,-3.14018490956882E-16,
1.));
#4683=DIRECTION('ref_axis',(-0.707106781186548,0.707106781186547,7.40148672054363E-17));
#4684=DIRECTION('',(0.561797731573962,0.827274627193625,1.38941088518688E-17));
#4685=DIRECTION('',(-0.707106781186548,0.707106781186547,0.));
#4686=DIRECTION('',(-0.707106781186547,-0.707106781186548,-3.70074341541719E-16));
#4687=DIRECTION('',(0.707106781186548,-0.707106781186548,-7.40148672054364E-17));
#4688=DIRECTION('',(-0.707106781186547,-0.707106781186548,-3.70074341541719E-16));
#4689=DIRECTION('',(-0.707106781186548,0.707106781186547,0.));
#4690=DIRECTION('',(0.707106781186547,0.707106781186548,3.70074341541719E-16));
#4691=DIRECTION('',(0.558007563717969,-0.829835862585811,-7.11325936848732E-17));
#4692=DIRECTION('',(0.158713439529141,0.987324690318656,2.99897637506347E-16));
#4693=DIRECTION('',(0.707106781186547,0.707106781186548,3.70074341541719E-16));
#4694=DIRECTION('',(0.987324690318656,0.158713439529141,2.99897637506347E-16));
#4695=DIRECTION('',(-0.829835862585811,0.558007563717968,-7.11325936848731E-17));
#4696=DIRECTION('',(0.707106781186547,0.707106781186548,3.70074341541719E-16));
#4697=DIRECTION('',(0.707106781186548,-0.707106781186547,-7.40148672054363E-17));
#4698=DIRECTION('',(-0.831545806682972,-0.555456183139558,1.44495409795636E-17));
#4699=DIRECTION('',(0.831545806682972,0.555456183139558,-1.44495409795636E-17));
#4700=DIRECTION('',(0.707106781186548,-0.707106781186547,-7.40148672054363E-17));
#4701=DIRECTION('',(-0.561797731573962,-0.827274627193625,-1.38941088518688E-17));
#4702=DIRECTION('',(0.707106781186547,-0.707106781186548,0.));
#4703=DIRECTION('',(-0.707106781186548,-0.707106781186547,-3.70074341541719E-16));
#4704=DIRECTION('center_axis',(2.0934566193771E-16,3.14018490956882E-16,
-1.));
#4705=DIRECTION('ref_axis',(1.,2.43086534291451E-63,9.86076131526265E-32));
#4706=DIRECTION('center_axis',(2.0934566193771E-16,3.14018490956882E-16,
-1.));
#4707=DIRECTION('ref_axis',(1.,2.43086534291451E-63,9.86076131526265E-32));
#4708=DIRECTION('center_axis',(2.0934566193771E-16,3.14018490956882E-16,
-1.));
#4709=DIRECTION('ref_axis',(1.,2.43086534291451E-63,9.86076131526265E-32));
#4710=DIRECTION('center_axis',(2.0934566193771E-16,3.14018490956882E-16,
-1.));
#4711=DIRECTION('ref_axis',(1.,2.43086534291451E-63,9.86076131526265E-32));
#4712=DIRECTION('center_axis',(-0.707106781186548,0.707106781186547,0.));
#4713=DIRECTION('ref_axis',(0.,0.,1.));
#4714=DIRECTION('',(0.707106781186547,0.707106781186547,0.));
#4715=DIRECTION('',(9.86076131526265E-32,-9.86076131526265E-32,-1.));
#4716=DIRECTION('center_axis',(-0.707106781186548,0.707106781186547,0.));
#4717=DIRECTION('ref_axis',(0.,0.,1.));
#4718=DIRECTION('',(0.,0.,1.));
#4719=DIRECTION('',(-9.86076131526265E-32,9.86076131526265E-32,1.));
#4720=DIRECTION('',(0.707106781186547,0.707106781186547,0.));
#4721=DIRECTION('center_axis',(0.707106781186547,0.707106781186548,0.));
#4722=DIRECTION('ref_axis',(0.,0.,-1.));
#4723=DIRECTION('',(-0.707106781186548,0.707106781186547,0.));
#4724=DIRECTION('',(9.86076131526265E-32,-9.86076131526265E-32,-1.));
#4725=DIRECTION('center_axis',(0.707106781186548,0.707106781186547,0.));
#4726=DIRECTION('ref_axis',(-0.707106781186547,0.707106781186548,0.));
#4727=DIRECTION('',(0.,0.,1.));
#4728=DIRECTION('center_axis',(0.707106781186548,-0.707106781186547,0.));
#4729=DIRECTION('ref_axis',(0.,0.,-1.));
#4730=DIRECTION('',(0.,0.,-1.));
#4731=DIRECTION('',(-0.707106781186547,-0.707106781186547,0.));
#4732=DIRECTION('',(0.,0.,1.));
#4733=DIRECTION('',(0.707106781186547,0.707106781186548,3.70074341541719E-16));
#4734=DIRECTION('center_axis',(0.707106781186548,-0.707106781186547,0.));
#4735=DIRECTION('ref_axis',(0.,0.,-1.));
#4736=DIRECTION('',(0.,0.,1.));
#4737=DIRECTION('',(0.707106781186547,0.707106781186548,0.));
#4738=DIRECTION('center_axis',(0.707106781186548,-0.707106781186547,0.));
#4739=DIRECTION('ref_axis',(0.,0.,-1.));
#4740=DIRECTION('',(0.,0.,1.));
#4741=DIRECTION('',(0.,0.,-1.));
#4742=DIRECTION('',(-0.707106781186547,-0.707106781186547,0.));
#4743=DIRECTION('center_axis',(0.707106781186548,-0.707106781186547,0.));
#4744=DIRECTION('ref_axis',(0.,0.,-1.));
#4745=DIRECTION('',(0.,0.,1.));
#4746=DIRECTION('',(0.707106781186547,0.707106781186548,3.70074341541719E-16));
#4747=DIRECTION('',(0.,0.,-1.));
#4748=DIRECTION('',(-0.707106781186547,-0.707106781186547,0.));
#4749=DIRECTION('center_axis',(0.707106781186548,-0.707106781186547,0.));
#4750=DIRECTION('ref_axis',(0.,0.,-1.));
#4751=DIRECTION('',(0.,0.,-1.));
#4752=DIRECTION('',(-0.707106781186547,-0.707106781186547,0.));
#4753=DIRECTION('',(9.86076131526265E-32,-9.86076131526265E-32,-1.));
#4754=DIRECTION('center_axis',(2.61682076447296E-16,2.61682076447296E-16,
-1.));
#4755=DIRECTION('ref_axis',(0.707106781186547,0.707106781186548,3.70074341541719E-16));
#4756=DIRECTION('',(0.829835862585811,-0.558007563717968,7.11325936848731E-17));
#4757=DIRECTION('',(-0.987324690318656,-0.158713439529141,-2.99897637506347E-16));
#4758=DIRECTION('center_axis',(2.61682076447296E-16,2.61682076447296E-16,
-1.));
#4759=DIRECTION('ref_axis',(0.707106781186547,0.707106781186548,3.70074341541719E-16));
#4760=DIRECTION('',(-0.558007563717969,0.829835862585811,7.11325936848732E-17));
#4761=DIRECTION('',(-0.158713439529141,-0.987324690318656,-2.99897637506347E-16));
#4762=DIRECTION('center_axis',(-0.158713439529141,0.987324690318656,0.));
#4763=DIRECTION('ref_axis',(-0.987324690318656,-0.158713439529141,0.));
#4764=DIRECTION('',(-0.987324690318656,-0.158713439529141,0.));
#4765=DIRECTION('',(0.,0.,1.));
#4766=DIRECTION('',(-0.987324690318656,-0.158713439529141,0.));
#4767=DIRECTION('',(0.,0.,-1.));
#4768=DIRECTION('',(-0.987324690318656,-0.158713439529141,0.));
#4769=DIRECTION('',(0.,0.,1.));
#4770=DIRECTION('center_axis',(0.158713439529141,-0.987324690318656,0.));
#4771=DIRECTION('ref_axis',(0.987324690318656,0.158713439529141,0.));
#4772=DIRECTION('',(0.,0.,1.));
#4773=DIRECTION('',(-0.987324690318656,-0.158713439529141,0.));
#4774=DIRECTION('',(0.,0.,-1.));
#4775=DIRECTION('',(0.987324690318656,0.158713439529141,0.));
#4776=DIRECTION('',(0.,0.,1.));
#4777=DIRECTION('',(0.987324690318656,0.158713439529141,0.));
#4778=DIRECTION('center_axis',(0.829835862585811,0.558007563717969,0.));
#4779=DIRECTION('ref_axis',(-0.558007563717969,0.829835862585811,0.));
#4780=DIRECTION('',(-0.558007563717969,0.829835862585811,0.));
#4781=DIRECTION('',(0.,0.,1.));
#4782=DIRECTION('',(-0.558007563717969,0.829835862585811,0.));
#4783=DIRECTION('',(0.,0.,1.));
#4784=DIRECTION('',(0.558007563717969,-0.829835862585811,0.));
#4785=DIRECTION('',(0.,0.,1.));
#4786=DIRECTION('center_axis',(-0.829835862585811,-0.558007563717969,0.));
#4787=DIRECTION('ref_axis',(0.558007563717969,-0.829835862585811,0.));
#4788=DIRECTION('',(0.,0.,-1.));
#4789=DIRECTION('',(0.558007563717969,-0.829835862585811,0.));
#4790=DIRECTION('',(0.,0.,1.));
#4791=DIRECTION('',(0.558007563717969,-0.829835862585811,0.));
#4792=DIRECTION('',(0.,0.,1.));
#4793=DIRECTION('',(0.558007563717969,-0.829835862585811,0.));
#4794=DIRECTION('center_axis',(-0.707106781186548,-0.707106781186548,0.));
#4795=DIRECTION('ref_axis',(0.,0.,1.));
#4796=DIRECTION('',(0.,0.,1.));
#4797=DIRECTION('',(0.707106781186548,-0.707106781186547,0.));
#4798=DIRECTION('center_axis',(-0.707106781186548,-0.707106781186548,0.));
#4799=DIRECTION('ref_axis',(0.,0.,1.));
#4800=DIRECTION('',(0.,0.,-1.));
#4801=DIRECTION('',(-0.707106781186548,0.707106781186547,7.40148672054361E-17));
#4802=DIRECTION('center_axis',(-0.707106781186548,-0.707106781186548,0.));
#4803=DIRECTION('ref_axis',(0.,0.,1.));
#4804=DIRECTION('',(0.,0.,1.));
#4805=DIRECTION('',(0.,0.,-1.));
#4806=DIRECTION('',(-0.707106781186548,0.707106781186547,7.40148672054361E-17));
#4807=DIRECTION('center_axis',(0.,0.,1.));
#4808=DIRECTION('ref_axis',(1.,0.,0.));
#4809=DIRECTION('',(-0.831545806682972,-0.555456183139558,0.));
#4810=DIRECTION('',(0.707106781186547,-0.707106781186547,0.));
#4811=DIRECTION('',(0.831545806682972,0.555456183139558,0.));
#4812=DIRECTION('',(0.829835862585812,-0.558007563717968,0.));
#4813=DIRECTION('',(0.707106781186548,0.707106781186547,0.));
#4814=DIRECTION('',(-0.829835862585811,0.558007563717968,0.));
#4815=DIRECTION('',(0.707106781186548,0.707106781186547,0.));
#4816=DIRECTION('',(-0.15871343952914,-0.987324690318656,0.));
#4817=DIRECTION('',(0.707106781186547,0.707106781186548,0.));
#4818=DIRECTION('',(0.158713439529141,0.987324690318656,0.));
#4819=DIRECTION('',(0.707106781186547,0.707106781186548,0.));
#4820=DIRECTION('',(-0.707106781186548,-0.707106781186547,0.));
#4821=DIRECTION('',(0.707106781186548,-0.707106781186548,0.));
#4822=DIRECTION('',(-0.561797731573962,-0.827274627193625,0.));
#4823=DIRECTION('',(0.707106781186548,-0.707106781186547,0.));
#4824=DIRECTION('',(0.561797731573962,0.827274627193625,0.));
#4825=DIRECTION('',(-0.707106781186547,-0.707106781186548,-2.46519032881565E-32));
#4826=DIRECTION('',(-0.707106781186548,0.707106781186547,7.40148672054362E-17));
#4827=DIRECTION('',(0.707106781186547,0.707106781186548,2.46519032881565E-32));
#4828=DIRECTION('',(-0.707106781186548,0.707106781186547,-9.01484172973707E-32));
#4829=DIRECTION('',(-0.707106781186548,0.707106781186547,-9.01484172973707E-32));
#4830=DIRECTION('',(0.707106781186547,0.707106781186548,2.46519032881565E-32));
#4831=DIRECTION('',(0.707106781186548,-0.707106781186547,-7.40148672054362E-17));
#4832=DIRECTION('',(-0.707106781186547,-0.707106781186548,-2.46519032881565E-32));
#4833=DIRECTION('center_axis',(3.14018491736755E-16,3.14018491736755E-16,
-1.));
#4834=DIRECTION('ref_axis',(1.,2.43086534291451E-63,9.86076131526265E-32));
#4835=DIRECTION('center_axis',(3.14018491736755E-16,3.14018491736755E-16,
-1.));
#4836=DIRECTION('ref_axis',(1.,2.43086534291451E-63,9.86076131526265E-32));
#4837=DIRECTION('center_axis',(3.14018491736755E-16,3.14018491736755E-16,
-1.));
#4838=DIRECTION('ref_axis',(1.,2.43086534291451E-63,9.86076131526265E-32));
#4839=DIRECTION('center_axis',(3.14018491736755E-16,3.14018491736755E-16,
-1.));
#4840=DIRECTION('ref_axis',(1.,2.43086534291451E-63,9.86076131526265E-32));
#4841=DIRECTION('center_axis',(-0.827274627193625,0.561797731573962,0.));
#4842=DIRECTION('ref_axis',(-0.561797731573962,-0.827274627193625,0.));
#4843=DIRECTION('',(0.,0.,1.));
#4844=DIRECTION('',(0.561797731573962,0.827274627193625,0.));
#4845=DIRECTION('',(0.,0.,1.));
#4846=DIRECTION('',(0.,0.,1.));
#4847=DIRECTION('center_axis',(-0.555456183139558,0.831545806682972,0.));
#4848=DIRECTION('ref_axis',(-0.831545806682972,-0.555456183139558,0.));
#4849=DIRECTION('',(0.,0.,1.));
#4850=DIRECTION('',(-0.831545806682972,-0.555456183139558,0.));
#4851=DIRECTION('',(0.,0.,1.));
#4852=DIRECTION('',(0.,0.,1.));
#4853=DIRECTION('center_axis',(-0.707106781186547,-0.707106781186548,0.));
#4854=DIRECTION('ref_axis',(0.707106781186548,-0.707106781186547,0.));
#4855=DIRECTION('',(0.,0.,1.));
#4856=DIRECTION('center_axis',(0.707106781186548,-0.707106781186547,0.));
#4857=DIRECTION('ref_axis',(0.707106781186547,0.707106781186548,0.));
#4858=DIRECTION('',(-0.707106781186547,-0.707106781186548,0.));
#4859=DIRECTION('center_axis',(0.707106781186548,-0.707106781186547,0.));
#4860=DIRECTION('ref_axis',(0.707106781186547,0.707106781186548,0.));
#4861=DIRECTION('',(-0.707106781186547,-0.707106781186548,0.));
#4862=DIRECTION('',(0.,0.,1.));
#4863=DIRECTION('',(0.,0.,1.));
#4864=DIRECTION('center_axis',(0.,0.,1.));
#4865=DIRECTION('ref_axis',(1.,0.,0.));
#4866=DIRECTION('',(-0.707106781186547,-0.707106781186548,0.));
#4867=DIRECTION('',(-0.707106781186548,0.707106781186547,0.));
#4868=DIRECTION('',(0.158713439529141,0.987324690318656,0.));
#4869=DIRECTION('',(-0.158713439529141,-0.987324690318656,0.));
#4870=DIRECTION('',(-0.707106781186548,-0.707106781186548,0.));
#4871=DIRECTION('',(-0.707106781186548,-0.707106781186547,0.));
#4872=DIRECTION('',(0.707106781186548,-0.707106781186547,0.));
#4873=DIRECTION('',(-0.707106781186547,-0.707106781186548,0.));
#4874=DIRECTION('',(-0.829835862585811,0.558007563717968,0.));
#4875=DIRECTION('',(-0.707106781186548,-0.707106781186547,0.));
#4876=DIRECTION('',(0.829835862585811,-0.558007563717968,0.));
#4877=DIRECTION('',(0.965925826289068,-0.258819045102521,0.));
#4878=DIRECTION('',(-0.25881904510252,0.965925826289068,0.));
#4879=DIRECTION('center_axis',(0.,0.,-1.));
#4880=DIRECTION('ref_axis',(1.,0.,0.));
#4881=DIRECTION('center_axis',(0.,0.,-1.));
#4882=DIRECTION('ref_axis',(1.,0.,0.));
#4883=DIRECTION('center_axis',(0.,0.,-1.));
#4884=DIRECTION('ref_axis',(1.,0.,0.));
#4885=DIRECTION('center_axis',(0.,0.,-1.));
#4886=DIRECTION('ref_axis',(1.,0.,0.));
#4887=DIRECTION('center_axis',(-0.707106781186548,-0.707106781186548,0.));
#4888=DIRECTION('ref_axis',(0.707106781186548,-0.707106781186548,0.));
#4889=DIRECTION('',(0.,0.,1.));
#4890=DIRECTION('center_axis',(0.707106781186547,-0.707106781186548,0.));
#4891=DIRECTION('ref_axis',(0.707106781186548,0.707106781186547,0.));
#4892=DIRECTION('center_axis',(0.707106781186547,-0.707106781186548,0.));
#4893=DIRECTION('ref_axis',(0.707106781186548,0.707106781186547,0.));
#4894=DIRECTION('',(0.,0.,1.));
#4895=DIRECTION('',(0.,0.,1.));
#4896=DIRECTION('center_axis',(-0.707106781186547,0.707106781186548,0.));
#4897=DIRECTION('ref_axis',(-0.707106781186548,-0.707106781186547,0.));
#4898=DIRECTION('',(0.,0.,1.));
#4899=DIRECTION('center_axis',(-0.987324690318656,0.158713439529141,0.));
#4900=DIRECTION('ref_axis',(-0.158713439529141,-0.987324690318656,0.));
#4901=DIRECTION('',(0.,0.,1.));
#4902=DIRECTION('',(-0.158713439529141,-0.987324690318656,0.));
#4903=DIRECTION('',(0.,0.,1.));
#4904=DIRECTION('center_axis',(0.987324690318656,-0.158713439529141,0.));
#4905=DIRECTION('ref_axis',(0.158713439529141,0.987324690318656,0.));
#4906=DIRECTION('',(0.,0.,1.));
#4907=DIRECTION('',(0.158713439529141,0.987324690318656,0.));
#4908=DIRECTION('center_axis',(0.707106781186548,0.707106781186548,0.));
#4909=DIRECTION('ref_axis',(-0.707106781186548,0.707106781186548,0.));
#4910=DIRECTION('',(0.,0.,1.));
#4911=DIRECTION('',(-0.707106781186548,0.707106781186548,0.));
#4912=DIRECTION('',(0.,0.,-1.));
#4913=DIRECTION('center_axis',(0.707106781186548,-0.707106781186548,0.));
#4914=DIRECTION('ref_axis',(0.707106781186548,0.707106781186548,0.));
#4915=DIRECTION('',(0.707106781186548,0.707106781186548,0.));
#4916=DIRECTION('center_axis',(-0.707106781186548,-0.707106781186548,0.));
#4917=DIRECTION('ref_axis',(0.707106781186548,-0.707106781186548,0.));
#4918=DIRECTION('',(0.,0.,1.));
#4919=DIRECTION('',(0.707106781186548,-0.707106781186548,0.));
#4920=DIRECTION('',(0.,0.,-1.));
#4921=DIRECTION('center_axis',(-0.707106781186547,0.707106781186548,0.));
#4922=DIRECTION('ref_axis',(-0.707106781186548,-0.707106781186547,0.));
#4923=DIRECTION('',(-0.707106781186548,-0.707106781186547,0.));
#4924=DIRECTION('',(0.,0.,1.));
#4925=DIRECTION('center_axis',(-0.707106781186547,0.707106781186548,0.));
#4926=DIRECTION('ref_axis',(-0.707106781186548,-0.707106781186547,0.));
#4927=DIRECTION('',(0.,0.,1.));
#4928=DIRECTION('',(-0.707106781186548,-0.707106781186547,0.));
#4929=DIRECTION('center_axis',(0.707106781186547,0.707106781186548,0.));
#4930=DIRECTION('ref_axis',(-0.707106781186548,0.707106781186547,0.));
#4931=DIRECTION('',(0.,0.,1.));
#4932=DIRECTION('',(-0.707106781186548,0.707106781186547,0.));
#4933=DIRECTION('center_axis',(0.707106781186548,-0.707106781186547,0.));
#4934=DIRECTION('ref_axis',(0.707106781186547,0.707106781186548,0.));
#4935=DIRECTION('',(0.707106781186547,0.707106781186548,0.));
#4936=DIRECTION('center_axis',(-0.707106781186548,0.707106781186547,0.));
#4937=DIRECTION('ref_axis',(-0.707106781186547,-0.707106781186548,0.));
#4938=DIRECTION('',(-0.707106781186547,-0.707106781186548,0.));
#4939=DIRECTION('center_axis',(0.,0.,1.));
#4940=DIRECTION('ref_axis',(1.,0.,0.));
#4941=DIRECTION('',(0.,0.,-1.));
#4942=DIRECTION('center_axis',(0.,0.,-1.));
#4943=DIRECTION('ref_axis',(1.,0.,0.));
#4944=DIRECTION('center_axis',(0.,0.,1.));
#4945=DIRECTION('ref_axis',(1.,0.,0.));
#4946=DIRECTION('',(0.,0.,-1.));
#4947=DIRECTION('center_axis',(0.,0.,-1.));
#4948=DIRECTION('ref_axis',(1.,0.,0.));
#4949=DIRECTION('center_axis',(0.,0.,1.));
#4950=DIRECTION('ref_axis',(1.,0.,0.));
#4951=DIRECTION('',(0.,0.,-1.));
#4952=DIRECTION('center_axis',(0.,0.,-1.));
#4953=DIRECTION('ref_axis',(1.,0.,0.));
#4954=DIRECTION('center_axis',(0.,0.,1.));
#4955=DIRECTION('ref_axis',(1.,0.,0.));
#4956=DIRECTION('',(0.,0.,-1.));
#4957=DIRECTION('center_axis',(0.,0.,-1.));
#4958=DIRECTION('ref_axis',(1.,0.,0.));
#4959=DIRECTION('center_axis',(0.707106781186548,-0.707106781186547,0.));
#4960=DIRECTION('ref_axis',(0.707106781186547,0.707106781186548,0.));
#4961=DIRECTION('',(0.707106781186547,0.707106781186548,0.));
#4962=DIRECTION('',(0.,0.,1.));
#4963=DIRECTION('',(0.,0.,1.));
#4964=DIRECTION('center_axis',(0.707106781186548,0.707106781186547,0.));
#4965=DIRECTION('ref_axis',(-0.707106781186547,0.707106781186548,0.));
#4966=DIRECTION('',(-0.707106781186547,0.707106781186548,0.));
#4967=DIRECTION('center_axis',(-0.707106781186548,-0.707106781186548,0.));
#4968=DIRECTION('ref_axis',(0.707106781186548,-0.707106781186548,0.));
#4969=DIRECTION('',(0.707106781186548,-0.707106781186548,0.));
#4970=DIRECTION('center_axis',(0.,0.,1.));
#4971=DIRECTION('ref_axis',(1.,0.,0.));
#4972=DIRECTION('',(0.,0.,-1.));
#4973=DIRECTION('center_axis',(0.,0.,-1.));
#4974=DIRECTION('ref_axis',(1.,0.,0.));
#4975=DIRECTION('center_axis',(0.,0.,1.));
#4976=DIRECTION('ref_axis',(1.,0.,0.));
#4977=DIRECTION('',(0.,0.,-1.));
#4978=DIRECTION('center_axis',(0.,0.,-1.));
#4979=DIRECTION('ref_axis',(1.,0.,0.));
#4980=DIRECTION('center_axis',(0.,0.,1.));
#4981=DIRECTION('ref_axis',(1.,0.,0.));
#4982=DIRECTION('',(0.,0.,-1.));
#4983=DIRECTION('center_axis',(0.,0.,-1.));
#4984=DIRECTION('ref_axis',(1.,0.,0.));
#4985=DIRECTION('center_axis',(0.,0.,1.));
#4986=DIRECTION('ref_axis',(1.,0.,0.));
#4987=DIRECTION('',(0.,0.,-1.));
#4988=DIRECTION('center_axis',(0.,0.,-1.));
#4989=DIRECTION('ref_axis',(1.,0.,0.));
#4990=DIRECTION('center_axis',(-0.707106781186548,0.707106781186547,0.));
#4991=DIRECTION('ref_axis',(-0.707106781186547,-0.707106781186548,0.));
#4992=DIRECTION('',(-0.707106781186547,-0.707106781186548,0.));
#4993=DIRECTION('',(0.,0.,1.));
#4994=DIRECTION('center_axis',(-0.559244745291329,-0.829002602447083,0.));
#4995=DIRECTION('ref_axis',(0.829002602447083,-0.559244745291329,0.));
#4996=DIRECTION('',(0.829002602447083,-0.559244745291329,0.));
#4997=DIRECTION('',(0.,0.,1.));
#4998=DIRECTION('center_axis',(0.707106781186547,-0.707106781186548,0.));
#4999=DIRECTION('ref_axis',(0.707106781186548,0.707106781186547,0.));
#5000=DIRECTION('',(0.707106781186548,0.707106781186547,0.));
#5001=DIRECTION('center_axis',(0.,0.,1.));
#5002=DIRECTION('ref_axis',(1.,0.,0.));
#5003=DIRECTION('',(0.,0.,-1.));
#5004=DIRECTION('center_axis',(0.,0.,-1.));
#5005=DIRECTION('ref_axis',(1.,0.,0.));
#5006=DIRECTION('center_axis',(0.,0.,1.));
#5007=DIRECTION('ref_axis',(1.,0.,0.));
#5008=DIRECTION('',(0.,0.,-1.));
#5009=DIRECTION('center_axis',(0.,0.,-1.));
#5010=DIRECTION('ref_axis',(1.,0.,0.));
#5011=DIRECTION('center_axis',(-0.707106781186548,-0.707106781186548,0.));
#5012=DIRECTION('ref_axis',(0.707106781186548,-0.707106781186548,0.));
#5013=DIRECTION('',(0.707106781186547,-0.707106781186547,0.));
#5014=DIRECTION('',(0.,0.,1.));
#5015=DIRECTION('center_axis',(0.707106781186547,-0.707106781186548,0.));
#5016=DIRECTION('ref_axis',(0.707106781186548,0.707106781186547,0.));
#5017=DIRECTION('',(0.707106781186548,0.707106781186547,0.));
#5018=DIRECTION('',(0.,0.,1.));
#5019=DIRECTION('center_axis',(0.707106781186548,0.707106781186547,0.));
#5020=DIRECTION('ref_axis',(-0.707106781186547,0.707106781186548,0.));
#5021=DIRECTION('',(-0.707106781186547,0.707106781186548,0.));
#5022=DIRECTION('center_axis',(0.,0.,1.));
#5023=DIRECTION('ref_axis',(1.,0.,0.));
#5024=DIRECTION('',(0.,0.,-1.));
#5025=DIRECTION('center_axis',(0.,0.,-1.));
#5026=DIRECTION('ref_axis',(1.,0.,0.));
#5027=DIRECTION('center_axis',(-0.707106781186548,-0.707106781186548,0.));
#5028=DIRECTION('ref_axis',(0.707106781186548,-0.707106781186548,0.));
#5029=DIRECTION('',(0.707106781186547,-0.707106781186547,0.));
#5030=DIRECTION('',(0.,0.,1.));
#5031=DIRECTION('',(0.,0.,1.));
#5032=DIRECTION('center_axis',(0.827274627193625,-0.561797731573962,0.));
#5033=DIRECTION('ref_axis',(0.561797731573962,0.827274627193625,0.));
#5034=DIRECTION('',(0.,0.,1.));
#5035=DIRECTION('',(0.561797731573962,0.827274627193625,0.));
#5036=DIRECTION('center_axis',(0.707106781186547,0.707106781186548,0.));
#5037=DIRECTION('ref_axis',(-0.707106781186548,0.707106781186547,0.));
#5038=DIRECTION('',(-0.707106781186548,0.707106781186547,0.));
#5039=DIRECTION('',(0.,0.,1.));
#5040=DIRECTION('center_axis',(-0.707106781186548,0.707106781186547,0.));
#5041=DIRECTION('ref_axis',(-0.707106781186547,-0.707106781186548,0.));
#5042=DIRECTION('',(-0.707106781186547,-0.707106781186548,0.));
#5043=DIRECTION('center_axis',(0.,0.,1.));
#5044=DIRECTION('ref_axis',(1.,0.,0.));
#5045=DIRECTION('',(0.,0.,-1.));
#5046=DIRECTION('center_axis',(0.,0.,-1.));
#5047=DIRECTION('ref_axis',(1.,0.,0.));
#5048=DIRECTION('center_axis',(0.707106781186548,0.707106781186548,0.));
#5049=DIRECTION('ref_axis',(-0.707106781186548,0.707106781186548,0.));
#5050=DIRECTION('',(-0.707106781186547,0.707106781186547,0.));
#5051=DIRECTION('',(0.,0.,1.));
#5052=DIRECTION('center_axis',(-0.831545806682972,0.555456183139558,0.));
#5053=DIRECTION('ref_axis',(-0.555456183139558,-0.831545806682972,0.));
#5054=DIRECTION('',(-0.555456183139558,-0.831545806682972,0.));
#5055=DIRECTION('',(0.,0.,1.));
#5056=DIRECTION('center_axis',(-0.707106781186548,-0.707106781186547,0.));
#5057=DIRECTION('ref_axis',(0.707106781186547,-0.707106781186548,0.));
#5058=DIRECTION('',(0.707106781186547,-0.707106781186548,0.));
#5059=DIRECTION('center_axis',(0.707106781186548,-0.707106781186547,0.));
#5060=DIRECTION('ref_axis',(0.707106781186547,0.707106781186548,0.));
#5061=DIRECTION('',(0.707106781186547,0.707106781186548,0.));
#5062=DIRECTION('center_axis',(0.558007563717968,0.829835862585811,0.));
#5063=DIRECTION('ref_axis',(-0.829835862585811,0.558007563717968,0.));
#5064=DIRECTION('',(0.,0.,1.));
#5065=DIRECTION('',(-0.829835862585811,0.558007563717968,0.));
#5066=DIRECTION('center_axis',(-0.707106781186548,0.707106781186547,0.));
#5067=DIRECTION('ref_axis',(-0.707106781186547,-0.707106781186548,0.));
#5068=DIRECTION('',(-0.707106781186547,-0.707106781186548,0.));
#5069=DIRECTION('',(0.,0.,1.));
#5070=DIRECTION('center_axis',(-0.707106781186547,-0.707106781186548,0.));
#5071=DIRECTION('ref_axis',(0.707106781186548,-0.707106781186547,0.));
#5072=DIRECTION('',(0.707106781186548,-0.707106781186547,0.));
#5073=DIRECTION('center_axis',(0.,0.,1.));
#5074=DIRECTION('ref_axis',(1.,0.,0.));
#5075=DIRECTION('',(0.,0.,-1.));
#5076=DIRECTION('center_axis',(0.,0.,-1.));
#5077=DIRECTION('ref_axis',(1.,0.,0.));
#5078=DIRECTION('center_axis',(0.,0.,1.));
#5079=DIRECTION('ref_axis',(1.,0.,0.));
#5080=DIRECTION('',(0.,0.,-1.));
#5081=DIRECTION('center_axis',(0.,0.,-1.));
#5082=DIRECTION('ref_axis',(1.,0.,0.));
#5083=DIRECTION('center_axis',(0.,0.,1.));
#5084=DIRECTION('ref_axis',(1.,0.,0.));
#5085=DIRECTION('',(0.,0.,-1.));
#5086=DIRECTION('center_axis',(0.,0.,-1.));
#5087=DIRECTION('ref_axis',(1.,0.,0.));
#5088=DIRECTION('center_axis',(0.,0.,1.));
#5089=DIRECTION('ref_axis',(1.,0.,0.));
#5090=DIRECTION('',(0.,0.,-1.));
#5091=DIRECTION('center_axis',(0.,0.,-1.));
#5092=DIRECTION('ref_axis',(1.,0.,0.));
#5093=DIRECTION('center_axis',(0.,0.,1.));
#5094=DIRECTION('ref_axis',(1.,0.,0.));
#5095=DIRECTION('',(0.,0.,-1.));
#5096=DIRECTION('center_axis',(0.,0.,-1.));
#5097=DIRECTION('ref_axis',(1.,0.,0.));
#5098=DIRECTION('center_axis',(0.,0.,1.));
#5099=DIRECTION('ref_axis',(1.,0.,0.));
#5100=DIRECTION('',(0.,0.,-1.));
#5101=DIRECTION('center_axis',(0.,0.,-1.));
#5102=DIRECTION('ref_axis',(1.,0.,0.));
#5103=DIRECTION('center_axis',(0.561797731573962,-0.827274627193625,0.));
#5104=DIRECTION('ref_axis',(0.827274627193625,0.561797731573962,0.));
#5105=DIRECTION('',(0.827274627193625,0.561797731573961,0.));
#5106=DIRECTION('',(0.,0.,1.));
#5107=DIRECTION('',(0.,0.,1.));
#5108=DIRECTION('center_axis',(0.707106781186548,0.707106781186548,0.));
#5109=DIRECTION('ref_axis',(-0.707106781186548,0.707106781186548,0.));
#5110=DIRECTION('',(-0.707106781186547,0.707106781186547,0.));
#5111=DIRECTION('',(0.,0.,1.));
#5112=DIRECTION('center_axis',(-0.707106781186548,0.707106781186547,0.));
#5113=DIRECTION('ref_axis',(-0.707106781186547,-0.707106781186548,0.));
#5114=DIRECTION('',(0.,0.,1.));
#5115=DIRECTION('',(-0.707106781186547,-0.707106781186548,0.));
#5116=DIRECTION('center_axis',(-0.707106781186548,-0.707106781186548,0.));
#5117=DIRECTION('ref_axis',(0.707106781186548,-0.707106781186548,0.));
#5118=DIRECTION('',(0.707106781186547,-0.707106781186547,0.));
#5119=DIRECTION('center_axis',(0.,0.,1.));
#5120=DIRECTION('ref_axis',(1.,0.,0.));
#5121=DIRECTION('',(0.,0.,-1.));
#5122=DIRECTION('center_axis',(0.,0.,-1.));
#5123=DIRECTION('ref_axis',(1.,0.,0.));
#5124=DIRECTION('center_axis',(0.,0.,1.));
#5125=DIRECTION('ref_axis',(1.,0.,0.));
#5126=DIRECTION('',(0.,0.,-1.));
#5127=DIRECTION('center_axis',(0.,0.,-1.));
#5128=DIRECTION('ref_axis',(1.,0.,0.));
#5129=DIRECTION('center_axis',(0.829002602447083,0.55924474529133,0.));
#5130=DIRECTION('ref_axis',(-0.55924474529133,0.829002602447083,0.));
#5131=DIRECTION('',(-0.55924474529133,0.829002602447083,0.));
#5132=DIRECTION('',(0.,0.,1.));
#5133=DIRECTION('',(0.,0.,1.));
#5134=DIRECTION('center_axis',(-0.707106781186548,0.707106781186547,0.));
#5135=DIRECTION('ref_axis',(-0.707106781186547,-0.707106781186548,0.));
#5136=DIRECTION('',(-0.707106781186547,-0.707106781186548,0.));
#5137=DIRECTION('',(0.,0.,1.));
#5138=DIRECTION('center_axis',(-0.707106781186548,-0.707106781186547,0.));
#5139=DIRECTION('ref_axis',(0.707106781186547,-0.707106781186548,0.));
#5140=DIRECTION('',(0.,0.,1.));
#5141=DIRECTION('',(0.707106781186547,-0.707106781186548,0.));
#5142=DIRECTION('center_axis',(0.707106781186547,-0.707106781186548,0.));
#5143=DIRECTION('ref_axis',(0.707106781186548,0.707106781186547,0.));
#5144=DIRECTION('',(0.707106781186548,0.707106781186547,0.));
#5145=DIRECTION('center_axis',(-0.965925826289068,0.25881904510252,0.));
#5146=DIRECTION('ref_axis',(-0.25881904510252,-0.965925826289068,0.));
#5147=DIRECTION('',(0.25881904510252,0.965925826289068,0.));
#5148=DIRECTION('',(0.,0.,1.));
#5149=DIRECTION('center_axis',(-0.829002602447083,-0.55924474529133,0.));
#5150=DIRECTION('ref_axis',(0.55924474529133,-0.829002602447083,0.));
#5151=DIRECTION('',(-0.55924474529133,0.829002602447083,0.));
#5152=DIRECTION('',(0.,0.,1.));
#5153=DIRECTION('center_axis',(-0.965925826289068,-0.25881904510252,0.));
#5154=DIRECTION('ref_axis',(0.25881904510252,-0.965925826289068,0.));
#5155=DIRECTION('',(-0.25881904510252,0.965925826289068,0.));
#5156=DIRECTION('',(0.,0.,1.));
#5157=DIRECTION('center_axis',(0.258819045102521,0.965925826289068,0.));
#5158=DIRECTION('ref_axis',(-0.965925826289068,0.258819045102521,0.));
#5159=DIRECTION('',(0.965925826289068,-0.258819045102521,0.));
#5160=DIRECTION('',(0.,0.,1.));
#5161=DIRECTION('center_axis',(0.559244745291329,0.829002602447083,0.));
#5162=DIRECTION('ref_axis',(-0.829002602447083,0.559244745291329,0.));
#5163=DIRECTION('',(0.829002602447083,-0.559244745291329,0.));
#5164=DIRECTION('',(0.,0.,1.));
#5165=DIRECTION('center_axis',(-0.561797731573962,0.827274627193625,0.));
#5166=DIRECTION('ref_axis',(-0.827274627193625,-0.561797731573962,0.));
#5167=DIRECTION('',(0.827274627193625,0.561797731573961,0.));
#5168=DIRECTION('',(0.,0.,1.));
#5169=DIRECTION('center_axis',(-0.25881904510252,0.965925826289069,0.));
#5170=DIRECTION('ref_axis',(-0.965925826289068,-0.25881904510252,0.));
#5171=DIRECTION('',(0.965925826289068,0.25881904510252,0.));
#5172=DIRECTION('',(0.,0.,1.));
#5173=DIRECTION('center_axis',(0.965925826289068,-0.258819045102521,0.));
#5174=DIRECTION('ref_axis',(0.258819045102521,0.965925826289068,0.));
#5175=DIRECTION('',(-0.258819045102521,-0.965925826289068,0.));
#5176=DIRECTION('',(0.,0.,1.));
#5177=DIRECTION('center_axis',(0.831545806682972,-0.555456183139558,0.));
#5178=DIRECTION('ref_axis',(0.555456183139558,0.831545806682972,0.));
#5179=DIRECTION('',(-0.555456183139558,-0.831545806682972,0.));
#5180=DIRECTION('center_axis',(0.965925826289069,0.25881904510252,0.));
#5181=DIRECTION('ref_axis',(-0.25881904510252,0.965925826289068,0.));
#5182=DIRECTION('',(0.25881904510252,-0.965925826289068,0.));
#5183=DIRECTION('',(0.,0.,1.));
#5184=DIRECTION('center_axis',(-0.258819045102521,-0.965925826289068,0.));
#5185=DIRECTION('ref_axis',(0.965925826289068,-0.258819045102521,0.));
#5186=DIRECTION('',(-0.965925826289068,0.258819045102521,0.));
#5187=DIRECTION('',(0.,0.,1.));
#5188=DIRECTION('center_axis',(-0.558007563717968,-0.829835862585812,0.));
#5189=DIRECTION('ref_axis',(0.829835862585811,-0.558007563717968,0.));
#5190=DIRECTION('',(0.,0.,1.));
#5191=DIRECTION('',(0.829835862585811,-0.558007563717968,0.));
#5192=DIRECTION('center_axis',(0.555456183139558,-0.831545806682972,0.));
#5193=DIRECTION('ref_axis',(0.831545806682972,0.555456183139558,0.));
#5194=DIRECTION('',(0.,0.,1.));
#5195=DIRECTION('',(0.831545806682972,0.555456183139558,0.));
#5196=DIRECTION('center_axis',(0.258819045102519,-0.965925826289069,0.));
#5197=DIRECTION('ref_axis',(0.965925826289069,0.258819045102519,0.));
#5198=DIRECTION('',(0.965925826289069,0.258819045102519,0.));
#5199=DIRECTION('center_axis',(0.,0.,1.));
#5200=DIRECTION('ref_axis',(1.,0.,0.));
#5201=DIRECTION('center_axis',(-9.86076131526265E-32,9.86076131526265E-32,
1.));
#5202=DIRECTION('ref_axis',(1.,2.43086534291451E-63,9.86076131526265E-32));
#5203=DIRECTION('',(-9.86076131526265E-32,9.86076131526265E-32,1.));
#5204=DIRECTION('center_axis',(-9.86076131526265E-32,9.86076131526265E-32,
1.));
#5205=DIRECTION('ref_axis',(1.,2.43086534291451E-63,9.86076131526265E-32));
#5206=DIRECTION('',(-9.86076131526265E-32,9.86076131526265E-32,1.));
#5207=DIRECTION('center_axis',(-9.86076131526265E-32,9.86076131526265E-32,
1.));
#5208=DIRECTION('ref_axis',(1.,2.43086534291451E-63,9.86076131526265E-32));
#5209=DIRECTION('',(-9.86076131526265E-32,9.86076131526265E-32,1.));
#5210=DIRECTION('center_axis',(-9.86076131526265E-32,9.86076131526265E-32,
1.));
#5211=DIRECTION('ref_axis',(1.,2.43086534291451E-63,9.86076131526265E-32));
#5212=DIRECTION('',(-9.86076131526265E-32,9.86076131526265E-32,1.));
#5213=DIRECTION('center_axis',(-0.707106781186547,-0.707106781186548,4.41139465553038E-16));
#5214=DIRECTION('ref_axis',(0.707106781186548,-0.707106781186547,8.70293239965906E-32));
#5215=DIRECTION('',(-2.91433543964101E-16,-2.91433543964102E-16,-1.));
#5216=DIRECTION('',(-0.707106781186548,0.707106781186547,-1.39452223873684E-31));
#5217=DIRECTION('',(2.91433543964101E-16,2.91433543964102E-16,1.));
#5218=DIRECTION('',(-0.707106781186548,0.707106781186547,-1.39452223873684E-31));
#5219=DIRECTION('',(2.91433543964101E-16,2.91433543964102E-16,1.));
#5220=DIRECTION('',(0.707106781186548,-0.707106781186547,1.39452223873684E-31));
#5221=DIRECTION('',(7.38507806136361E-16,-1.75663773784035E-16,1.));
#5222=DIRECTION('center_axis',(-0.707106781186547,-0.707106781186548,4.41139465553038E-16));
#5223=DIRECTION('ref_axis',(0.157134840263677,-0.157134840263677,-0.974996043043569));
#5224=DIRECTION('',(2.91433543964101E-16,2.91433543964102E-16,1.));
#5225=DIRECTION('center_axis',(0.707106781186547,0.707106781186548,-4.12149270404488E-16));
#5226=DIRECTION('ref_axis',(0.707106781186548,-0.707106781186547,1.39452223873684E-31));
#5227=DIRECTION('center_axis',(-0.707106781186547,-0.707106781186548,4.12149270404488E-16));
#5228=DIRECTION('ref_axis',(0.500000000000001,-0.5,0.707106781186547));
#5229=DIRECTION('',(-0.500000000000001,0.5,-0.707106781186547));
#5230=DIRECTION('center_axis',(0.707106781186547,0.707106781186548,-4.12149270404488E-16));
#5231=DIRECTION('ref_axis',(0.500000000000001,-0.5,0.707106781186548));
#5232=DIRECTION('center_axis',(0.707106781186547,0.707106781186548,-4.12149270404488E-16));
#5233=DIRECTION('ref_axis',(0.707106781186548,-0.707106781186547,1.39452223873684E-31));
#5234=DIRECTION('center_axis',(0.707106781186547,0.707106781186548,-4.12149270404488E-16));
#5235=DIRECTION('ref_axis',(0.500000000000001,-0.5,0.707106781186548));
#5236=DIRECTION('',(-2.54889637291114E-16,8.37756725219317E-16,1.));
#5237=DIRECTION('center_axis',(0.707106781186544,0.707106781186551,-4.12149270404488E-16));
#5238=DIRECTION('ref_axis',(-0.707106781186551,0.707106781186544,1.6908582144684E-30));
#5239=DIRECTION('center_axis',(-0.707106781186547,-0.707106781186548,4.12149270404488E-16));
#5240=DIRECTION('ref_axis',(0.500000000000001,-0.5,0.707106781186547));
#5241=DIRECTION('center_axis',(0.707106781186547,0.707106781186548,-4.12149270404488E-16));
#5242=DIRECTION('ref_axis',(0.707106781186548,-0.707106781186547,1.39452223873684E-31));
#5243=DIRECTION('center_axis',(-0.707106781186547,-0.707106781186548,-4.41139465553038E-16));
#5244=DIRECTION('ref_axis',(0.707106781186548,-0.707106781186547,8.70293239965906E-32));
#5245=DIRECTION('',(-2.91433543964102E-16,-2.91433543964102E-16,1.));
#5246=DIRECTION('center_axis',(-0.707106781186547,-0.707106781186548,-4.41139465553038E-16));
#5247=DIRECTION('ref_axis',(0.157134840263677,-0.157134840263677,-0.974996043043569));
#5248=DIRECTION('',(1.75663773784036E-16,-7.38507806136361E-16,1.));
#5249=DIRECTION('',(0.707106781186548,-0.707106781186547,1.39452223873684E-31));
#5250=DIRECTION('',(-2.91433543964102E-16,-2.91433543964102E-16,1.));
#5251=DIRECTION('',(-0.707106781186548,0.707106781186547,-1.39452223873684E-31));
#5252=DIRECTION('',(-2.91433543964102E-16,-2.91433543964102E-16,1.));
#5253=DIRECTION('',(-0.707106781186548,0.707106781186547,-1.39452223873684E-31));
#5254=DIRECTION('',(2.91433543964102E-16,2.91433543964102E-16,-1.));
#5255=DIRECTION('center_axis',(0.707106781186547,0.707106781186548,4.12149270404488E-16));
#5256=DIRECTION('ref_axis',(0.707106781186548,-0.707106781186547,1.39452223873684E-31));
#5257=DIRECTION('center_axis',(-0.707106781186547,-0.707106781186548,-4.12149270404488E-16));
#5258=DIRECTION('ref_axis',(0.5,-0.5,0.707106781186547));
#5259=DIRECTION('center_axis',(0.70710678118655,0.707106781186545,4.12149270404488E-16));
#5260=DIRECTION('ref_axis',(-0.707106781186545,0.70710678118655,1.6908582144684E-30));
#5261=DIRECTION('',(-8.37756725219318E-16,2.54889637291113E-16,1.));
#5262=DIRECTION('center_axis',(0.707106781186547,0.707106781186548,4.12149270404488E-16));
#5263=DIRECTION('ref_axis',(0.5,-0.5,0.707106781186547));
#5264=DIRECTION('center_axis',(0.707106781186547,0.707106781186548,4.12149270404488E-16));
#5265=DIRECTION('ref_axis',(0.707106781186548,-0.707106781186547,1.39452223873684E-31));
#5266=DIRECTION('center_axis',(0.707106781186547,0.707106781186548,4.12149270404488E-16));
#5267=DIRECTION('ref_axis',(0.5,-0.5,0.707106781186547));
#5268=DIRECTION('',(-0.5,0.5,-0.707106781186547));
#5269=DIRECTION('center_axis',(-0.707106781186547,-0.707106781186548,-4.12149270404488E-16));
#5270=DIRECTION('ref_axis',(0.5,-0.5,0.707106781186547));
#5271=DIRECTION('center_axis',(0.707106781186547,0.707106781186548,4.12149270404488E-16));
#5272=DIRECTION('ref_axis',(0.707106781186548,-0.707106781186547,1.39452223873684E-31));
#5273=DIRECTION('center_axis',(-0.707106781186548,0.707106781186547,-1.64104127161841E-31));
#5274=DIRECTION('ref_axis',(2.91433543964101E-16,2.91433543964102E-16,-1.));
#5275=DIRECTION('',(2.91433543964101E-16,2.91433543964102E-16,1.));
#5276=DIRECTION('',(0.707106781186547,0.707106781186548,-7.66335097677634E-47));
#5277=DIRECTION('',(-2.91433543964101E-16,-2.91433543964102E-16,1.));
#5278=DIRECTION('',(-0.707106781186547,-0.707106781186548,7.66335097677634E-47));
#5279=DIRECTION('center_axis',(0.707106781186548,-0.707106781186547,1.64104127161841E-31));
#5280=DIRECTION('ref_axis',(-2.91433543964101E-16,-2.91433543964102E-16,
1.));
#5281=DIRECTION('',(-2.91433543964101E-16,-2.91433543964102E-16,1.));
#5282=DIRECTION('',(-0.707106781186547,-0.707106781186548,7.66335097677634E-47));
#5283=DIRECTION('center_axis',(-0.707106781186547,-0.707106781186548,4.41139465553038E-16));
#5284=DIRECTION('ref_axis',(0.707106781186548,-0.707106781186547,8.70293239965906E-32));
#5285=DIRECTION('',(0.707106781186548,-0.707106781186547,1.39452223873684E-31));
#5286=DIRECTION('',(2.91433543964101E-16,2.91433543964102E-16,1.));
#5287=DIRECTION('center_axis',(-0.707106781186547,-0.707106781186548,4.41139465553038E-16));
#5288=DIRECTION('ref_axis',(0.157134840263677,-0.157134840263677,-0.974996043043569));
#5289=DIRECTION('',(7.38507806136361E-16,-1.75663773784035E-16,1.));
#5290=DIRECTION('',(-0.707106781186548,0.707106781186547,-1.39452223873684E-31));
#5291=DIRECTION('',(-2.91433543964101E-16,-2.91433543964102E-16,-1.));
#5292=DIRECTION('',(0.707106781186548,-0.707106781186547,1.39452223873684E-31));
#5293=DIRECTION('',(2.91433543964101E-16,2.91433543964102E-16,1.));
#5294=DIRECTION('center_axis',(0.707106781186547,0.707106781186548,-4.12149270404488E-16));
#5295=DIRECTION('ref_axis',(0.707106781186548,-0.707106781186547,1.39452223873684E-31));
#5296=DIRECTION('center_axis',(0.707106781186547,0.707106781186548,-4.12149270404488E-16));
#5297=DIRECTION('ref_axis',(0.707106781186548,-0.707106781186547,1.39452223873684E-31));
#5298=DIRECTION('center_axis',(-0.707106781186547,-0.707106781186548,4.12149270404488E-16));
#5299=DIRECTION('ref_axis',(0.500000000000001,-0.499999999999999,0.707106781186547));
#5300=DIRECTION('center_axis',(0.707106781186544,0.707106781186551,-4.12149270404488E-16));
#5301=DIRECTION('ref_axis',(-0.707106781186551,0.707106781186544,1.6908582144684E-30));
#5302=DIRECTION('',(-2.54889637291114E-16,8.37756725219317E-16,1.));
#5303=DIRECTION('center_axis',(0.707106781186547,0.707106781186548,-4.12149270404488E-16));
#5304=DIRECTION('ref_axis',(0.500000000000001,-0.5,0.707106781186548));
#5305=DIRECTION('center_axis',(0.707106781186547,0.707106781186548,-4.12149270404488E-16));
#5306=DIRECTION('ref_axis',(0.707106781186548,-0.707106781186547,1.39452223873684E-31));
#5307=DIRECTION('center_axis',(0.707106781186547,0.707106781186548,-4.12149270404488E-16));
#5308=DIRECTION('ref_axis',(0.500000000000001,-0.5,0.707106781186548));
#5309=DIRECTION('',(-0.500000000000001,0.5,-0.707106781186548));
#5310=DIRECTION('center_axis',(-0.707106781186547,-0.707106781186548,4.12149270404488E-16));
#5311=DIRECTION('ref_axis',(0.500000000000001,-0.499999999999999,0.707106781186547));
#5312=DIRECTION('center_axis',(-0.707106781186547,-0.707106781186548,7.66335097677634E-47));
#5313=DIRECTION('ref_axis',(0.5,-0.5,0.707106781186547));
#5314=DIRECTION('',(0.707106781186547,0.707106781186548,-7.66335097677634E-47));
#5315=DIRECTION('',(0.707106781186547,0.707106781186548,-7.66335097677634E-47));
#5316=DIRECTION('center_axis',(0.5,-0.5,-0.707106781186548));
#5317=DIRECTION('ref_axis',(-0.500000000000001,0.5,-0.707106781186548));
#5318=DIRECTION('',(0.707106781186547,0.707106781186548,-7.66335097677634E-47));
#5319=DIRECTION('center_axis',(-0.707106781186547,-0.707106781186548,7.66335097677634E-47));
#5320=DIRECTION('ref_axis',(0.5,-0.5,0.707106781186548));
#5321=DIRECTION('',(0.707106781186547,0.707106781186548,-7.66335097677634E-47));
#5322=DIRECTION('center_axis',(-0.707106781186547,-0.707106781186548,7.66335097677634E-47));
#5323=DIRECTION('ref_axis',(0.707106781186548,-0.707106781186547,1.39452223873684E-31));
#5324=DIRECTION('',(0.707106781186547,0.707106781186548,-7.66335097677634E-47));
#5325=DIRECTION('center_axis',(-0.707106781186547,-0.707106781186548,7.66335097677634E-47));
#5326=DIRECTION('ref_axis',(0.5,-0.5,0.707106781186548));
#5327=DIRECTION('',(0.707106781186547,0.707106781186548,-7.66335097677634E-47));
#5328=DIRECTION('center_axis',(-0.707106781186548,0.707106781186547,-7.72617652369941E-16));
#5329=DIRECTION('ref_axis',(-2.54889637291114E-16,8.37756725219317E-16,
1.));
#5330=DIRECTION('',(0.707106781186547,0.707106781186548,-7.66335097677634E-47));
#5331=DIRECTION('center_axis',(-0.707106781186547,-0.707106781186548,7.66335097677634E-47));
#5332=DIRECTION('ref_axis',(-0.707106781186548,0.707106781186547,1.6908582144684E-30));
#5333=DIRECTION('',(0.707106781186547,0.707106781186548,-7.66335097677634E-47));
#5334=DIRECTION('center_axis',(-0.707106781186547,-0.707106781186548,7.66335097677634E-47));
#5335=DIRECTION('ref_axis',(0.5,-0.5,0.707106781186547));
#5336=DIRECTION('',(0.707106781186547,0.707106781186548,-7.66335097677634E-47));
#5337=DIRECTION('center_axis',(-0.707106781186547,-0.707106781186548,7.66335097677634E-47));
#5338=DIRECTION('ref_axis',(0.707106781186548,-0.707106781186547,1.39452223873684E-31));
#5339=DIRECTION('center_axis',(-0.707106781186547,-0.707106781186548,7.66335097677634E-47));
#5340=DIRECTION('ref_axis',(0.707106781186548,-0.707106781186547,1.39452223873684E-31));
#5341=DIRECTION('',(-0.707106781186547,-0.707106781186548,7.66335097677634E-47));
#5342=DIRECTION('center_axis',(9.86076131526265E-32,-9.86076131526265E-32,
-1.));
#5343=DIRECTION('ref_axis',(-0.707106781186548,0.707106781186547,-1.39452223873684E-31));
#5344=DIRECTION('',(0.707106781186547,0.707106781186548,-7.66335097677634E-47));
#5345=DIRECTION('',(0.707106781186547,0.707106781186548,-7.66335097677634E-47));
#5346=DIRECTION('center_axis',(-0.707106781186548,0.707106781186547,-1.64104127161841E-31));
#5347=DIRECTION('ref_axis',(2.91433543964101E-16,2.91433543964102E-16,1.));
#5348=DIRECTION('',(0.707106781186547,0.707106781186548,-7.66335097677634E-47));
#5349=DIRECTION('center_axis',(-9.86076131526265E-32,9.86076131526265E-32,
1.));
#5350=DIRECTION('ref_axis',(0.707106781186548,-0.707106781186547,1.39452223873684E-31));
#5351=DIRECTION('',(0.707106781186547,0.707106781186548,-7.66335097677634E-47));
#5352=DIRECTION('center_axis',(-0.707106781186548,0.707106781186547,6.46416923329732E-16));
#5353=DIRECTION('ref_axis',(7.38507806136361E-16,-1.75663773784035E-16,
1.));
#5354=DIRECTION('',(0.707106781186547,0.707106781186548,-7.66335097677634E-47));
#5355=DIRECTION('center_axis',(-0.707106781186547,-0.707106781186548,7.66335097677634E-47));
#5356=DIRECTION('ref_axis',(0.157134840263677,-0.157134840263677,-0.974996043043569));
#5357=DIRECTION('',(0.707106781186547,0.707106781186548,-7.66335097677634E-47));
#5358=DIRECTION('center_axis',(9.86076131526265E-32,-9.86076131526265E-32,
-1.));
#5359=DIRECTION('ref_axis',(-0.707106781186548,0.707106781186547,-1.39452223873684E-31));
#5360=DIRECTION('',(0.707106781186548,-0.707106781186547,1.39452223873684E-31));
#5361=DIRECTION('',(0.707106781186547,0.707106781186548,-7.66335097677634E-47));
#5362=DIRECTION('center_axis',(-0.707106781186547,-0.707106781186548,-4.41139465553039E-16));
#5363=DIRECTION('ref_axis',(0.707106781186548,-0.707106781186547,8.70293239965906E-32));
#5364=DIRECTION('',(-2.91433543964101E-16,-2.91433543964102E-16,1.));
#5365=DIRECTION('',(0.707106781186548,-0.707106781186547,1.39452223873684E-31));
#5366=DIRECTION('',(2.91433543964101E-16,2.91433543964102E-16,-1.));
#5367=DIRECTION('',(-0.707106781186548,0.707106781186547,-1.39452223873684E-31));
#5368=DIRECTION('',(1.75663773784036E-16,-7.3850780613636E-16,1.));
#5369=DIRECTION('center_axis',(-0.707106781186547,-0.707106781186548,-4.41139465553039E-16));
#5370=DIRECTION('ref_axis',(0.157134840263677,-0.157134840263677,-0.974996043043569));
#5371=DIRECTION('center_axis',(0.707106781186547,0.707106781186548,4.12149270404488E-16));
#5372=DIRECTION('ref_axis',(0.707106781186548,-0.707106781186547,1.39452223873684E-31));
#5373=DIRECTION('center_axis',(0.707106781186547,0.707106781186548,4.12149270404488E-16));
#5374=DIRECTION('ref_axis',(0.707106781186548,-0.707106781186547,1.39452223873684E-31));
#5375=DIRECTION('center_axis',(-0.707106781186547,-0.707106781186548,-4.12149270404488E-16));
#5376=DIRECTION('ref_axis',(0.5,-0.5,0.707106781186547));
#5377=DIRECTION('',(-0.5,0.5,-0.707106781186548));
#5378=DIRECTION('center_axis',(0.707106781186547,0.707106781186548,4.12149270404488E-16));
#5379=DIRECTION('ref_axis',(0.5,-0.5,0.707106781186548));
#5380=DIRECTION('center_axis',(0.707106781186547,0.707106781186548,4.12149270404488E-16));
#5381=DIRECTION('ref_axis',(0.707106781186548,-0.707106781186547,1.39452223873684E-31));
#5382=DIRECTION('center_axis',(0.707106781186547,0.707106781186548,4.12149270404488E-16));
#5383=DIRECTION('ref_axis',(0.5,-0.5,0.707106781186548));
#5384=DIRECTION('',(-8.37756725219318E-16,2.54889637291113E-16,1.));
#5385=DIRECTION('center_axis',(0.70710678118655,0.707106781186545,4.12149270404488E-16));
#5386=DIRECTION('ref_axis',(-0.707106781186545,0.70710678118655,1.69085821446841E-30));
#5387=DIRECTION('center_axis',(-0.707106781186547,-0.707106781186548,-4.12149270404488E-16));
#5388=DIRECTION('ref_axis',(0.5,-0.5,0.707106781186547));
#5389=DIRECTION('center_axis',(-0.707106781186547,-0.707106781186548,7.66335097677634E-47));
#5390=DIRECTION('ref_axis',(0.5,-0.5,0.707106781186548));
#5391=DIRECTION('',(-0.707106781186547,-0.707106781186548,7.66335097677634E-47));
#5392=DIRECTION('',(-0.707106781186547,-0.707106781186548,7.66335097677634E-47));
#5393=DIRECTION('center_axis',(-0.5,0.5,0.707106781186548));
#5394=DIRECTION('ref_axis',(-0.5,0.5,-0.707106781186548));
#5395=DIRECTION('',(-0.707106781186547,-0.707106781186548,7.66335097677634E-47));
#5396=DIRECTION('center_axis',(-0.707106781186547,-0.707106781186548,7.66335097677634E-47));
#5397=DIRECTION('ref_axis',(0.5,-0.5,0.707106781186548));
#5398=DIRECTION('',(-0.707106781186547,-0.707106781186548,7.66335097677634E-47));
#5399=DIRECTION('center_axis',(-0.707106781186547,-0.707106781186548,7.66335097677634E-47));
#5400=DIRECTION('ref_axis',(0.707106781186548,-0.707106781186547,1.39452223873684E-31));
#5401=DIRECTION('',(-0.707106781186547,-0.707106781186548,7.66335097677634E-47));
#5402=DIRECTION('center_axis',(-0.707106781186547,-0.707106781186548,7.66335097677634E-47));
#5403=DIRECTION('ref_axis',(0.5,-0.5,0.707106781186548));
#5404=DIRECTION('',(-0.707106781186547,-0.707106781186548,7.66335097677634E-47));
#5405=DIRECTION('center_axis',(0.707106781186548,-0.707106781186547,7.72617652369941E-16));
#5406=DIRECTION('ref_axis',(-8.37756725219318E-16,2.54889637291113E-16,
1.));
#5407=DIRECTION('',(-0.707106781186547,-0.707106781186548,7.66335097677634E-47));
#5408=DIRECTION('center_axis',(-0.707106781186547,-0.707106781186548,7.66335097677634E-47));
#5409=DIRECTION('ref_axis',(-0.707106781186548,0.707106781186547,1.6908582144684E-30));
#5410=DIRECTION('',(-0.707106781186547,-0.707106781186548,7.66335097677634E-47));
#5411=DIRECTION('center_axis',(-0.707106781186547,-0.707106781186548,7.66335097677634E-47));
#5412=DIRECTION('ref_axis',(0.5,-0.5,0.707106781186548));
#5413=DIRECTION('',(-0.707106781186547,-0.707106781186548,7.66335097677634E-47));
#5414=DIRECTION('center_axis',(-0.707106781186547,-0.707106781186548,7.66335097677634E-47));
#5415=DIRECTION('ref_axis',(0.707106781186548,-0.707106781186547,1.39452223873684E-31));
#5416=DIRECTION('center_axis',(-0.707106781186547,-0.707106781186548,7.66335097677634E-47));
#5417=DIRECTION('ref_axis',(0.707106781186548,-0.707106781186547,1.39452223873684E-31));
#5418=DIRECTION('',(0.707106781186547,0.707106781186548,-7.66335097677634E-47));
#5419=DIRECTION('center_axis',(-9.86076131526265E-32,9.86076131526265E-32,
1.));
#5420=DIRECTION('ref_axis',(-0.707106781186548,0.707106781186547,-1.39452223873684E-31));
#5421=DIRECTION('',(-0.707106781186547,-0.707106781186548,7.66335097677634E-47));
#5422=DIRECTION('',(-0.707106781186547,-0.707106781186548,7.66335097677634E-47));
#5423=DIRECTION('center_axis',(0.707106781186548,-0.707106781186547,1.64104127161841E-31));
#5424=DIRECTION('ref_axis',(-2.91433543964101E-16,-2.91433543964102E-16,
1.));
#5425=DIRECTION('',(-0.707106781186547,-0.707106781186548,7.66335097677634E-47));
#5426=DIRECTION('center_axis',(9.86076131526265E-32,-9.86076131526265E-32,
-1.));
#5427=DIRECTION('ref_axis',(0.707106781186548,-0.707106781186547,1.39452223873684E-31));
#5428=DIRECTION('',(-0.707106781186547,-0.707106781186548,7.66335097677634E-47));
#5429=DIRECTION('center_axis',(0.707106781186548,-0.707106781186547,-6.46416923329732E-16));
#5430=DIRECTION('ref_axis',(1.75663773784036E-16,-7.3850780613636E-16,1.));
#5431=DIRECTION('',(-0.707106781186547,-0.707106781186548,7.66335097677634E-47));
#5432=DIRECTION('center_axis',(-0.707106781186547,-0.707106781186548,7.66335097677634E-47));
#5433=DIRECTION('ref_axis',(0.157134840263677,-0.157134840263677,-0.974996043043569));
#5434=DIRECTION('center_axis',(0.707106781186548,-0.707106781186547,1.64104127161841E-31));
#5435=DIRECTION('ref_axis',(-2.91433543964101E-16,-2.91433543964102E-16,
1.));
#5436=DIRECTION('center_axis',(-9.86076131526265E-32,9.86076131526265E-32,
1.));
#5437=DIRECTION('ref_axis',(-0.707106781186548,0.707106781186547,-1.39452223873684E-31));
#5438=DIRECTION('',(-0.707106781186547,-0.707106781186548,7.66335097677634E-47));
#5439=DIRECTION('center_axis',(0.707106781186548,-0.707106781186547,1.64104127161841E-31));
#5440=DIRECTION('ref_axis',(-2.91433543964101E-16,-2.91433543964102E-16,
1.));
#5441=DIRECTION('center_axis',(0.,0.,1.));
#5442=DIRECTION('ref_axis',(1.,0.,0.));
#5443=DIRECTION('center_axis',(-2.4532694666934E-16,-2.4532694666934E-16,
1.));
#5444=DIRECTION('ref_axis',(1.,0.,0.));
#5445=DIRECTION('',(0.,0.,1.));
#5446=DIRECTION('center_axis',(1.92990532159754E-16,2.97663361178926E-16,
-1.));
#5447=DIRECTION('ref_axis',(1.,0.,0.));
#5448=DIRECTION('center_axis',(0.,0.,1.));
#5449=DIRECTION('ref_axis',(1.,0.,0.));
#5450=DIRECTION('center_axis',(-2.4532694666934E-16,-2.4532694666934E-16,
1.));
#5451=DIRECTION('ref_axis',(1.,0.,0.));
#5452=DIRECTION('',(0.,0.,1.));
#5453=DIRECTION('center_axis',(1.92990532159754E-16,2.97663361178926E-16,
-1.));
#5454=DIRECTION('ref_axis',(1.,0.,0.));
#5455=DIRECTION('center_axis',(0.,0.,1.));
#5456=DIRECTION('ref_axis',(1.,0.,0.));
#5457=DIRECTION('center_axis',(-2.4532694666934E-16,-2.4532694666934E-16,
1.));
#5458=DIRECTION('ref_axis',(1.,0.,0.));
#5459=DIRECTION('',(0.,0.,1.));
#5460=DIRECTION('center_axis',(1.92990532159754E-16,2.97663361178926E-16,
-1.));
#5461=DIRECTION('ref_axis',(1.,0.,0.));
#5462=DIRECTION('center_axis',(0.,0.,1.));
#5463=DIRECTION('ref_axis',(1.,0.,0.));
#5464=DIRECTION('center_axis',(-2.4532694666934E-16,-2.4532694666934E-16,
1.));
#5465=DIRECTION('ref_axis',(1.,0.,0.));
#5466=DIRECTION('',(0.,0.,1.));
#5467=DIRECTION('center_axis',(1.92990532159754E-16,2.97663361178926E-16,
-1.));
#5468=DIRECTION('ref_axis',(1.,0.,0.));
#5469=DIRECTION('center_axis',(0.707106781186548,-0.707106781186547,7.40148683083438E-16));
#5470=DIRECTION('ref_axis',(-7.85046229341888E-16,2.61682076447296E-16,
1.));
#5471=DIRECTION('',(7.85046229341888E-16,-2.61682076447296E-16,-1.));
#5472=DIRECTION('',(-0.707106781186547,-0.707106781186548,-3.46944695195361E-16));
#5473=DIRECTION('',(-7.85046229341888E-16,2.61682076447296E-16,1.));
#5474=DIRECTION('',(-0.707106781186547,-0.707106781186548,-3.46944695195361E-16));
#5475=DIRECTION('center_axis',(2.4532694666934E-16,2.4532694666934E-16,
-1.));
#5476=DIRECTION('ref_axis',(0.707106781186548,-0.707106781186547,0.));
#5477=DIRECTION('',(-0.707106781186548,0.707106781186547,0.));
#5478=DIRECTION('',(0.707106781186548,-0.707106781186547,2.18952885050753E-47));
#5479=DIRECTION('',(-0.707106781186547,-0.707106781186548,-3.46944695195361E-16));
#5480=DIRECTION('center_axis',(-0.707106781186548,0.707106781186547,-7.40148683083437E-16));
#5481=DIRECTION('ref_axis',(7.85046229341887E-16,-2.61682076447295E-16,
-1.));
#5482=DIRECTION('',(-7.85046229341887E-16,2.61682076447295E-16,1.));
#5483=DIRECTION('',(7.85046229341887E-16,-2.61682076447295E-16,-1.));
#5484=DIRECTION('',(-0.707106781186547,-0.707106781186548,-3.46944695195361E-16));
#5485=DIRECTION('center_axis',(-1.92990532159754E-16,-2.97663361178926E-16,
1.));
#5486=DIRECTION('ref_axis',(-0.707106781186548,0.707106781186547,7.40148672054363E-17));
#5487=DIRECTION('',(0.707106781186548,-0.707106781186547,-7.40148672054363E-17));
#5488=DIRECTION('',(-0.707106781186548,0.707106781186547,7.40148672054363E-17));
#5489=DIRECTION('center_axis',(0.707106781186547,0.707106781186548,3.70074341541719E-16));
#5490=DIRECTION('ref_axis',(-0.707106781186548,0.707106781186547,0.));
#5491=DIRECTION('center_axis',(-0.707106781186547,-0.707106781186548,-3.46944695195361E-16));
#5492=DIRECTION('ref_axis',(-4.9065389333868E-16,0.,1.));
#5493=DIRECTION('center_axis',(0.,0.,1.));
#5494=DIRECTION('ref_axis',(1.,0.,0.));
#5495=DIRECTION('center_axis',(-2.4532694666934E-16,-2.4532694666934E-16,
1.));
#5496=DIRECTION('ref_axis',(1.,0.,0.));
#5497=DIRECTION('',(0.,0.,1.));
#5498=DIRECTION('center_axis',(1.92990532159754E-16,2.97663361178926E-16,
-1.));
#5499=DIRECTION('ref_axis',(1.,0.,0.));
#5500=DIRECTION('center_axis',(0.,0.,1.));
#5501=DIRECTION('ref_axis',(1.,0.,0.));
#5502=DIRECTION('center_axis',(-2.4532694666934E-16,-2.4532694666934E-16,
1.));
#5503=DIRECTION('ref_axis',(1.,0.,0.));
#5504=DIRECTION('',(0.,0.,1.));
#5505=DIRECTION('center_axis',(1.92990532159754E-16,2.97663361178926E-16,
-1.));
#5506=DIRECTION('ref_axis',(1.,0.,0.));
#5507=DIRECTION('center_axis',(0.,0.,1.));
#5508=DIRECTION('ref_axis',(1.,0.,0.));
#5509=DIRECTION('center_axis',(-2.4532694666934E-16,-2.4532694666934E-16,
1.));
#5510=DIRECTION('ref_axis',(1.,0.,0.));
#5511=DIRECTION('',(0.,0.,1.));
#5512=DIRECTION('center_axis',(1.92990532159754E-16,2.97663361178926E-16,
-1.));
#5513=DIRECTION('ref_axis',(1.,0.,0.));
#5514=DIRECTION('center_axis',(0.,0.,1.));
#5515=DIRECTION('ref_axis',(1.,0.,0.));
#5516=DIRECTION('center_axis',(-2.4532694666934E-16,-2.4532694666934E-16,
1.));
#5517=DIRECTION('ref_axis',(1.,0.,0.));
#5518=DIRECTION('',(0.,0.,1.));
#5519=DIRECTION('center_axis',(1.92990532159754E-16,2.97663361178926E-16,
-1.));
#5520=DIRECTION('ref_axis',(1.,0.,0.));
#5521=DIRECTION('center_axis',(0.707106781186548,-0.707106781186547,7.40148683083438E-16));
#5522=DIRECTION('ref_axis',(-7.85046229341888E-16,2.61682076447296E-16,
1.));
#5523=DIRECTION('',(7.85046229341888E-16,-2.61682076447296E-16,-1.));
#5524=DIRECTION('',(-0.707106781186547,-0.707106781186548,-3.46944695195361E-16));
#5525=DIRECTION('',(-7.85046229341888E-16,2.61682076447296E-16,1.));
#5526=DIRECTION('',(-0.707106781186547,-0.707106781186548,-3.46944695195361E-16));
#5527=DIRECTION('center_axis',(2.4532694666934E-16,2.4532694666934E-16,
-1.));
#5528=DIRECTION('ref_axis',(0.707106781186548,-0.707106781186547,0.));
#5529=DIRECTION('',(-0.707106781186548,0.707106781186547,0.));
#5530=DIRECTION('',(0.707106781186548,-0.707106781186547,2.18952885050753E-47));
#5531=DIRECTION('',(-0.707106781186547,-0.707106781186548,-3.46944695195361E-16));
#5532=DIRECTION('center_axis',(-0.707106781186548,0.707106781186547,-7.40148683083437E-16));
#5533=DIRECTION('ref_axis',(7.85046229341887E-16,-2.61682076447295E-16,
-1.));
#5534=DIRECTION('',(-7.85046229341887E-16,2.61682076447295E-16,1.));
#5535=DIRECTION('',(7.85046229341887E-16,-2.61682076447295E-16,-1.));
#5536=DIRECTION('',(-0.707106781186547,-0.707106781186548,-3.46944695195361E-16));
#5537=DIRECTION('center_axis',(-1.92990532159754E-16,-2.97663361178926E-16,
1.));
#5538=DIRECTION('ref_axis',(-0.707106781186548,0.707106781186547,7.40148672054363E-17));
#5539=DIRECTION('',(0.707106781186548,-0.707106781186547,-7.40148672054363E-17));
#5540=DIRECTION('',(-0.707106781186548,0.707106781186547,7.40148672054363E-17));
#5541=DIRECTION('center_axis',(0.707106781186547,0.707106781186548,3.70074341541719E-16));
#5542=DIRECTION('ref_axis',(-0.707106781186548,0.707106781186547,0.));
#5543=DIRECTION('center_axis',(-0.707106781186547,-0.707106781186548,-3.46944695195361E-16));
#5544=DIRECTION('ref_axis',(-4.9065389333868E-16,0.,1.));
#5545=CARTESIAN_POINT('',(0.,0.,0.));
#5546=CARTESIAN_POINT('Origin',(-26.7586143762681,-0.312453435597395,2.));
#5547=CARTESIAN_POINT('',(-26.7586143762681,-0.312453435597396,16.5));
#5548=CARTESIAN_POINT('',(-19.6875465644026,6.75861437626808,16.5));
#5549=CARTESIAN_POINT('',(-19.2971966094058,7.1489643312649,16.5));
#5550=CARTESIAN_POINT('',(-26.7586143762681,-0.312453435597396,1.99999999999999));
#5551=CARTESIAN_POINT('',(-26.7586143762681,-0.312453435597396,1.));
#5552=CARTESIAN_POINT('',(-19.6875465644026,6.75861437626808,1.99999999999999));
#5553=CARTESIAN_POINT('',(-24.9908474233017,1.45531351736898,2.));
#5554=CARTESIAN_POINT('',(-19.6875465644026,6.75861437626806,1.));
#5555=CARTESIAN_POINT('Origin',(-18.4960716381033,5.56713944996874,0.));
#5556=CARTESIAN_POINT('',(-18.4960716381033,5.56713944996874,2.));
#5557=CARTESIAN_POINT('',(-37.4693127803633,24.5403805922287,2.));
#5558=CARTESIAN_POINT('',(-18.4960716381033,5.56713944996874,0.));
#5559=CARTESIAN_POINT('',(-18.4960716381033,5.56713944996874,0.));
#5560=CARTESIAN_POINT('',(-37.4693127803633,24.5403805922287,0.));
#5561=CARTESIAN_POINT('',(-37.4693127803633,24.5403805922287,0.));
#5562=CARTESIAN_POINT('',(-37.4693127803633,24.5403805922287,2.));
#5563=CARTESIAN_POINT('',(-37.4693127803633,24.5403805922287,0.));
#5564=CARTESIAN_POINT('',(-21.4659201190868,8.53698793095224,2.));
#5565=CARTESIAN_POINT('',(-37.4693127803633,24.5403805922287,2.));
#5566=CARTESIAN_POINT('',(-21.4659201190868,8.53698793095224,18.));
#5567=CARTESIAN_POINT('',(-21.4659201190868,8.53698793095224,2.));
#5568=CARTESIAN_POINT('',(-21.465736636064,8.53680444792943,18.));
#5569=CARTESIAN_POINT('',(-21.4659201190868,8.53698793095224,18.));
#5570=CARTESIAN_POINT('',(-21.465736636064,8.53680444792943,16.5));
#5571=CARTESIAN_POINT('',(-21.465736636064,8.53680444792944,9.00000000000001));
#5572=CARTESIAN_POINT('',(-8.66189217918929,-4.26704000894525,16.5));
#5573=CARTESIAN_POINT('Origin',(-12.8497680643564,-30.5936501591024,2.));
#5574=CARTESIAN_POINT('',(-12.8497680643564,-30.5936501591024,16.5));
#5575=CARTESIAN_POINT('',(-14.5419053730713,-28.9015128503875,16.5));
#5576=CARTESIAN_POINT('',(-12.6895444418417,-30.7538737816171,16.5));
#5577=CARTESIAN_POINT('',(-12.8497680643564,-30.5936501591024,1.99999999999999));
#5578=CARTESIAN_POINT('',(-12.8497680643564,-30.5936501591024,9.25));
#5579=CARTESIAN_POINT('',(-14.4542161849219,-28.989202038537,2.));
#5580=CARTESIAN_POINT('',(-18.0357385880429,-25.4076796354159,2.));
#5581=CARTESIAN_POINT('',(-14.5419053730713,-28.9015128503875,1.99999999999999));
#5582=CARTESIAN_POINT('',(-12.8497680643564,-30.5936501591024,2.));
#5583=CARTESIAN_POINT('',(-14.5419053730713,-28.9015128503875,2.));
#5584=CARTESIAN_POINT('Origin',(-31.763867328387,-11.6795508950718,2.));
#5585=CARTESIAN_POINT('',(-31.763867328387,-11.6795508950718,16.5));
#5586=CARTESIAN_POINT('',(-33.4560046371018,-9.98741358635695,16.5));
#5587=CARTESIAN_POINT('',(-22.146594073857,-21.2968241496018,16.5));
#5588=CARTESIAN_POINT('',(-31.763867328387,-11.6795508950718,1.99999999999999));
#5589=CARTESIAN_POINT('',(-31.763867328387,-11.6795508950718,9.25));
#5590=CARTESIAN_POINT('',(-31.8480601200358,-11.595358103423,2.));
#5591=CARTESIAN_POINT('',(-31.763867328387,-11.6795508950718,2.));
#5592=CARTESIAN_POINT('',(-33.4560046371018,-9.98741358635695,1.99999999999999));
#5593=CARTESIAN_POINT('',(-31.763867328387,-11.6795508950718,2.));
#5594=CARTESIAN_POINT('',(-33.4560046371018,-9.98741358635695,2.));
#5595=CARTESIAN_POINT('Origin',(-13.2902955890356,-31.0341776837816,2.));
#5596=CARTESIAN_POINT('',(-14.9824328977505,-29.3420403750667,2.));
#5597=CARTESIAN_POINT('',(-35.7771754716484,-43.2325179009436,2.));
#5598=CARTESIAN_POINT('',(-14.9824328977505,-29.3420403750667,2.));
#5599=CARTESIAN_POINT('Origin',(-32.2043948530662,-12.120078419751,2.));
#5600=CARTESIAN_POINT('',(-32.2043948530662,-12.120078419751,2.));
#5601=CARTESIAN_POINT('',(-32.2043948530662,-12.120078419751,2.));
#5602=CARTESIAN_POINT('',(-46.2325179009436,-32.7771754716484,2.));
#5603=CARTESIAN_POINT('Origin',(-32.2043948530662,-12.120078419751,16.5));
#5604=CARTESIAN_POINT('',(-32.2043948530662,-12.120078419751,16.5));
#5605=CARTESIAN_POINT('',(-20.4296257209659,-0.345309287650816,16.5));
#5606=CARTESIAN_POINT('',(-32.2043948530662,-12.120078419751,2.));
#5607=CARTESIAN_POINT('Origin',(-33.8965321617811,-10.4279411110362,2.));
#5608=CARTESIAN_POINT('',(-33.8965321617811,-10.4279411110362,2.));
#5609=CARTESIAN_POINT('',(-27.8154138435767,-4.34682279283186,2.));
#5610=CARTESIAN_POINT('',(-33.8965321617811,-10.4279411110362,16.5));
#5611=CARTESIAN_POINT('',(-33.8965321617811,-10.4279411110362,2.));
#5612=CARTESIAN_POINT('',(-22.1217630296808,1.34682802106406,16.5));
#5613=CARTESIAN_POINT('Origin',(-13.2902955890356,-31.0341776837816,16.5));
#5614=CARTESIAN_POINT('',(-13.2902955890356,-31.0341776837816,16.5));
#5615=CARTESIAN_POINT('',(-1.5155264569354,-19.2594085516814,16.5));
#5616=CARTESIAN_POINT('',(-13.2902955890356,-31.0341776837816,2.));
#5617=CARTESIAN_POINT('',(-13.2902955890356,-31.0341776837816,2.));
#5618=CARTESIAN_POINT('',(-7.20917727083132,-24.9530593655773,2.));
#5619=CARTESIAN_POINT('Origin',(-14.9824328977505,-29.3420403750667,2.));
#5620=CARTESIAN_POINT('',(-14.9824328977505,-29.3420403750667,16.5));
#5621=CARTESIAN_POINT('',(-14.9824328977505,-29.3420403750667,2.));
#5622=CARTESIAN_POINT('',(-3.20766376565028,-17.5672712429665,16.5));
#5623=CARTESIAN_POINT('Origin',(10.664360837221,-10.0581242644756,2.));
#5624=CARTESIAN_POINT('',(10.664360837221,-10.0581242644756,16.5));
#5625=CARTESIAN_POINT('',(7.13267310087921,-13.5898120008175,16.5));
#5626=CARTESIAN_POINT('',(11.2064525079306,-9.51603259376606,16.5));
#5627=CARTESIAN_POINT('',(10.664360837221,-10.0581242644756,2.));
#5628=CARTESIAN_POINT('',(10.664360837221,-10.0581242644756,9.25000000000001));
#5629=CARTESIAN_POINT('',(7.64416049236062,-13.0783246093361,2.));
#5630=CARTESIAN_POINT('',(5.51280169403468,-15.209683407662,2.));
#5631=CARTESIAN_POINT('',(7.13267310087921,-13.5898120008175,2.));
#5632=CARTESIAN_POINT('',(10.664360837221,-10.0581242644756,2.));
#5633=CARTESIAN_POINT('',(7.13267310087921,-13.5898120008175,2.));
#5634=CARTESIAN_POINT('Origin',(-6.41018799918255,-27.1326731008792,2.));
#5635=CARTESIAN_POINT('',(-6.41018799918255,-27.1326731008792,16.5));
#5636=CARTESIAN_POINT('',(-9.94187573552438,-30.664360837221,16.5));
#5637=CARTESIAN_POINT('',(2.6691780897288,-18.0533070119678,16.5));
#5638=CARTESIAN_POINT('',(-6.41018799918255,-27.1326731008792,2.));
#5639=CARTESIAN_POINT('',(-6.41018799918255,-27.1326731008792,9.25));
#5640=CARTESIAN_POINT('',(-6.92167539066395,-27.6441604923606,2.));
#5641=CARTESIAN_POINT('',(-6.41018799918255,-27.1326731008792,2.));
#5642=CARTESIAN_POINT('',(-9.94187573552438,-30.664360837221,2.));
#5643=CARTESIAN_POINT('',(-3.0244727241671,-23.7469578258638,2.));
#5644=CARTESIAN_POINT('',(-9.94187573552437,-30.664360837221,2.));
#5645=CARTESIAN_POINT('Origin',(11.0341776837816,-10.4279411110362,16.5));
#5646=CARTESIAN_POINT('',(11.0341776837816,-10.4279411110362,16.5));
#5647=CARTESIAN_POINT('',(10.2648421312783,-9.65860555853293,16.5));
#5648=CARTESIAN_POINT('',(11.0341776837816,-10.4279411110362,2.));
#5649=CARTESIAN_POINT('',(11.0341776837816,-10.4279411110362,2.));
#5650=CARTESIAN_POINT('',(4.91864798507718,-4.31241141233174,2.));
#5651=CARTESIAN_POINT('Origin',(7.50248994743977,-13.959628847378,2.));
#5652=CARTESIAN_POINT('',(7.50248994743977,-13.959628847378,2.));
#5653=CARTESIAN_POINT('',(7.50248994743977,-13.959628847378,2.));
#5654=CARTESIAN_POINT('',(7.50248994743977,-13.959628847378,16.5));
#5655=CARTESIAN_POINT('',(7.50248994743977,-13.959628847378,2.));
#5656=CARTESIAN_POINT('',(6.73315439493651,-13.1902932948748,16.5));
#5657=CARTESIAN_POINT('Origin',(-6.04037115262198,-27.5024899474398,16.5));
#5658=CARTESIAN_POINT('',(-6.04037115262198,-27.5024899474398,16.5));
#5659=CARTESIAN_POINT('',(-6.80970670512523,-26.7331543949365,16.5));
#5660=CARTESIAN_POINT('',(-6.04037115262198,-27.5024899474398,2.));
#5661=CARTESIAN_POINT('',(-6.04037115262198,-27.5024899474398,2.));
#5662=CARTESIAN_POINT('',(-6.04037115262198,-27.5024899474398,2.));
#5663=CARTESIAN_POINT('Origin',(-9.57205888896381,-31.0341776837816,2.));
#5664=CARTESIAN_POINT('',(-9.57205888896381,-31.0341776837816,2.));
#5665=CARTESIAN_POINT('',(-15.6875885876683,-24.9186479850772,2.));
#5666=CARTESIAN_POINT('',(-9.57205888896381,-31.0341776837816,16.5));
#5667=CARTESIAN_POINT('',(-9.57205888896381,-31.0341776837816,2.));
#5668=CARTESIAN_POINT('',(-10.3413944414671,-30.2648421312784,16.5));
#5669=CARTESIAN_POINT('Origin',(-3.11795621581465,6.9531115960508,2.));
#5670=CARTESIAN_POINT('',(-3.11795621581466,6.95311159605081,16.5));
#5671=CARTESIAN_POINT('',(3.95311159605082,-0.117956215814672,16.5));
#5672=CARTESIAN_POINT('',(3.9960048833529,-0.160849503116753,16.5));
#5673=CARTESIAN_POINT('',(-3.11795621581466,6.95311159605081,2.));
#5674=CARTESIAN_POINT('',(-3.11795621581466,6.95311159605081,1.));
#5675=CARTESIAN_POINT('',(3.95311159605082,-0.117956215814672,2.));
#5676=CARTESIAN_POINT('',(-1.35018926284828,5.18534464308444,2.));
#5677=CARTESIAN_POINT('',(3.95311159605076,-0.117956215814729,1.));
#5678=CARTESIAN_POINT('Origin',(2.64213562373096,-1.42893218813453,0.));
#5679=CARTESIAN_POINT('',(2.64213562373095,-1.42893218813453,2.));
#5680=CARTESIAN_POINT('',(21.5403805922287,17.4693127803633,2.));
#5681=CARTESIAN_POINT('',(2.64213562373096,-1.42893218813453,0.));
#5682=CARTESIAN_POINT('',(2.64213562373096,-1.42893218813453,0.));
#5683=CARTESIAN_POINT('',(21.5403805922287,17.4693127803633,0.));
#5684=CARTESIAN_POINT('',(21.5403805922287,17.4693127803633,0.));
#5685=CARTESIAN_POINT('',(21.5403805922287,17.4693127803633,2.));
#5686=CARTESIAN_POINT('',(21.5403805922287,17.4693127803633,0.));
#5687=CARTESIAN_POINT('',(5.61198410471446,1.54091629284897,2.));
#5688=CARTESIAN_POINT('',(21.5403805922287,17.4693127803633,2.));
#5689=CARTESIAN_POINT('',(5.61198410471446,1.54091629284897,16.5));
#5690=CARTESIAN_POINT('',(5.61198410471446,1.54091629284897,2.));
#5691=CARTESIAN_POINT('',(3.81030303803298,-0.260764773832508,16.5));
#5692=CARTESIAN_POINT('Origin',(-11.5,-8.5,2.));
#5693=CARTESIAN_POINT('',(-30.9460699531193,-10.2671334824771,2.));
#5694=CARTESIAN_POINT('',(-46.2325179009436,-32.7771754716484,2.));
#5695=CARTESIAN_POINT('',(-25.642135623731,-15.5710678118655,2.));
#5696=CARTESIAN_POINT('',(-32.6382072618342,-8.5749961737622,2.));
#5697=CARTESIAN_POINT('',(-44.5403805922287,-34.4693127803633,2.));
#5698=CARTESIAN_POINT('',(-44.5403805922287,-34.4693127803633,2.));
#5699=CARTESIAN_POINT('',(-46.2325179009436,-32.7771754716484,2.));
#5700=CARTESIAN_POINT('',(-47.9246552096585,-31.0850381629335,2.));
#5701=CARTESIAN_POINT('',(-33.3483265802906,-13.8045738172728,2.));
#5702=CARTESIAN_POINT('',(-46.2325179009436,-32.7771754716484,2.));
#5703=CARTESIAN_POINT('',(-35.0404638890055,-12.112436508558,2.));
#5704=CARTESIAN_POINT('',(-30.0584570438936,-17.0944433536698,2.));
#5705=CARTESIAN_POINT('',(-47.9246552096585,-31.0850381629335,2.));
#5706=CARTESIAN_POINT('',(-47.9246552096585,-31.0850381629335,2.));
#5707=CARTESIAN_POINT('',(-52.990306627408,-49.990306627408,2.));
#5708=CARTESIAN_POINT('',(-50.4574809185332,-40.5376723951708,2.));
#5709=CARTESIAN_POINT('',(-34.0850381629335,-44.9246552096585,2.));
#5710=CARTESIAN_POINT('',(-43.5376723951708,-47.4574809185332,2.));
#5711=CARTESIAN_POINT('',(-14.9860153733973,-32.1668850241661,2.));
#5712=CARTESIAN_POINT('',(-34.0850381629335,-44.9246552096585,2.));
#5713=CARTESIAN_POINT('',(-16.6781526821122,-30.4747477154512,2.));
#5714=CARTESIAN_POINT('',(-20.8773014404469,-26.2755989571165,2.));
#5715=CARTESIAN_POINT('',(-35.7771754716484,-43.2325179009436,2.));
#5716=CARTESIAN_POINT('',(-35.7771754716484,-43.2325179009436,2.));
#5717=CARTESIAN_POINT('',(-37.4693127803633,-41.5403805922287,2.));
#5718=CARTESIAN_POINT('',(-37.4693127803633,-41.5403805922287,2.));
#5719=CARTESIAN_POINT('',(-18.5710678118655,-22.6421356237309,2.));
#5720=CARTESIAN_POINT('',(-37.4693127803633,-41.5403805922287,2.));
#5721=CARTESIAN_POINT('',(-13.1171411349527,-28.0960623006438,2.));
#5722=CARTESIAN_POINT('',(-32.6382072618342,-8.5749961737622,2.));
#5723=CARTESIAN_POINT('',(-35.7771754716484,-43.2325179009436,2.));
#5724=CARTESIAN_POINT('',(-11.4250038262378,-29.7881996093586,2.));
#5725=CARTESIAN_POINT('',(-34.0850381629335,-44.9246552096585,2.));
#5726=CARTESIAN_POINT('',(-11.4250038262378,-29.7881996093586,2.));
#5727=CARTESIAN_POINT('',(-9.73286651752292,-28.0960623006438,2.));
#5728=CARTESIAN_POINT('',(-0.464848717846313,-26.6062190940192,2.));
#5729=CARTESIAN_POINT('',(-7.04340126594762,-25.4065970490685,2.));
#5730=CARTESIAN_POINT('',(-11.4250038262378,-29.7881996093586,2.));
#5731=CARTESIAN_POINT('',(-10.2253817812871,-22.224616533729,2.));
#5732=CARTESIAN_POINT('',(-13.9751904693976,-18.4748078456185,2.));
#5733=CARTESIAN_POINT('',(-11.4250038262378,-23.4242385786797,2.));
#5734=CARTESIAN_POINT('',(3.42423857867971,-8.57499617376221,2.));
#5735=CARTESIAN_POINT('',(-26.2742462311553,-8.57499617376222,2.));
#5736=CARTESIAN_POINT('',(-26.2742462311553,-8.57499617376222,2.));
#5737=CARTESIAN_POINT('',(-11.4250038262378,6.27424623115529,2.));
#5738=CARTESIAN_POINT('',(-11.4250038262378,6.27424623115529,2.));
#5739=CARTESIAN_POINT('',(3.42423857867971,-8.57499617376221,2.));
#5740=CARTESIAN_POINT('',(3.42423857867971,-8.57499617376221,2.));
#5741=CARTESIAN_POINT('',(0.381219936511128,-11.6180148159308,2.));
#5742=CARTESIAN_POINT('',(3.42423857867971,-8.57499617376221,2.));
#5743=CARTESIAN_POINT('',(3.56320045185059,-14.7999953312702,2.));
#5744=CARTESIAN_POINT('',(-1.77759849392962,-9.45919638549004,2.));
#5745=CARTESIAN_POINT('',(8.09606230064375,-10.2671334824771,2.));
#5746=CARTESIAN_POINT('',(-11.4250038262378,-29.7881996093586,2.));
#5747=CARTESIAN_POINT('',(8.09606230064376,-10.2671334824771,2.));
#5748=CARTESIAN_POINT('',(9.78819960935863,-8.5749961737622,2.));
#5749=CARTESIAN_POINT('',(9.78819960935863,-8.5749961737622,2.));
#5750=CARTESIAN_POINT('',(24.9246552096585,14.0850381629335,2.));
#5751=CARTESIAN_POINT('',(24.9246552096585,14.0850381629335,2.));
#5752=CARTESIAN_POINT('',(29.990306627408,32.990306627408,2.));
#5753=CARTESIAN_POINT('',(27.4574809185332,23.5376723951708,2.));
#5754=CARTESIAN_POINT('',(11.0850381629335,27.9246552096585,2.));
#5755=CARTESIAN_POINT('',(20.5376723951708,30.4574809185332,2.));
#5756=CARTESIAN_POINT('',(-11.4250038262378,12.6382072618342,2.));
#5757=CARTESIAN_POINT('',(-11.4250038262378,12.6382072618342,2.));
#5758=CARTESIAN_POINT('',(-34.0850381629335,27.9246552096585,2.));
#5759=CARTESIAN_POINT('',(-34.0850381629335,27.9246552096585,2.));
#5760=CARTESIAN_POINT('',(-52.990306627408,32.990306627408,2.));
#5761=CARTESIAN_POINT('',(-43.5376723951708,30.4574809185332,2.));
#5762=CARTESIAN_POINT('',(-47.9246552096585,14.0850381629335,2.));
#5763=CARTESIAN_POINT('',(-50.4574809185332,23.5376723951708,2.));
#5764=CARTESIAN_POINT('',(-32.6382072618342,-8.5749961737622,2.));
#5765=CARTESIAN_POINT('',(-32.6382072618342,-8.5749961737622,2.));
#5766=CARTESIAN_POINT('',(-47.9246552096585,-31.0850381629335,2.));
#5767=CARTESIAN_POINT('',(-25.5671394499688,-1.50392836189673,2.));
#5768=CARTESIAN_POINT('',(-44.5403805922287,17.4693127803633,2.));
#5769=CARTESIAN_POINT('',(-30.9460699531193,-6.88285886504732,2.));
#5770=CARTESIAN_POINT('',(-11.4250038262378,12.6382072618342,2.));
#5771=CARTESIAN_POINT('',(-46.2325179009436,15.7771754716484,2.));
#5772=CARTESIAN_POINT('',(-46.2325179009436,15.7771754716484,2.));
#5773=CARTESIAN_POINT('',(-44.5403805922287,17.4693127803633,2.));
#5774=CARTESIAN_POINT('',(-44.5403805922287,17.4693127803633,2.));
#5775=CARTESIAN_POINT('',(-28.5369879309523,1.46592011908677,2.));
#5776=CARTESIAN_POINT('',(-44.5403805922287,17.4693127803633,2.));
#5777=CARTESIAN_POINT('',(-23.2336870720531,6.76922097798588,2.));
#5778=CARTESIAN_POINT('',(-35.7771754716484,26.2325179009436,2.));
#5779=CARTESIAN_POINT('',(-34.0850381629335,27.9246552096585,2.));
#5780=CARTESIAN_POINT('',(-13.1171411349527,10.9460699531194,2.));
#5781=CARTESIAN_POINT('',(-35.7771754716484,26.2325179009436,2.));
#5782=CARTESIAN_POINT('',(-11.4250038262378,12.6382072618342,2.));
#5783=CARTESIAN_POINT('',(23.5834523779156,27.3334523779156,2.));
#5784=CARTESIAN_POINT('Origin',(24.3334523779156,27.3334523779156,2.));
#5785=CARTESIAN_POINT('',(-42.5624447732461,25.8541028488383,2.));
#5786=CARTESIAN_POINT('Origin',(-41.8124447732461,25.8541028488383,2.));
#5787=CARTESIAN_POINT('',(20.5,25.,2.));
#5788=CARTESIAN_POINT('Origin',(22.,25.,2.));
#5789=CARTESIAN_POINT('',(5.70621909401917,-8.57499617376221,2.));
#5790=CARTESIAN_POINT('Origin',(6.60621909401918,-8.57499617376221,2.));
#5791=CARTESIAN_POINT('',(-42.5624447732461,-42.8541028488383,2.));
#5792=CARTESIAN_POINT('Origin',(-41.8124447732461,-42.8541028488383,2.));
#5793=CARTESIAN_POINT('',(22.1041028488383,21.8124447732461,2.));
#5794=CARTESIAN_POINT('Origin',(22.8541028488383,21.8124447732461,2.));
#5795=CARTESIAN_POINT('',(-46.6041028488383,-38.8124447732461,2.));
#5796=CARTESIAN_POINT('Origin',(-45.8541028488383,-38.8124447732461,2.));
#5797=CARTESIAN_POINT('',(-12.3250038262378,9.45622674649475,2.));
#5798=CARTESIAN_POINT('Origin',(-11.4250038262378,9.45622674649475,2.));
#5799=CARTESIAN_POINT('',(-46.5,-42.,2.));
#5800=CARTESIAN_POINT('Origin',(-45.,-42.,2.));
#5801=CARTESIAN_POINT('',(-48.0834523779156,27.3334523779156,2.));
#5802=CARTESIAN_POINT('Origin',(-47.3334523779156,27.3334523779156,2.));
#5803=CARTESIAN_POINT('',(-48.0834523779156,-44.3334523779156,2.));
#5804=CARTESIAN_POINT('Origin',(-47.3334523779156,-44.3334523779156,2.));
#5805=CARTESIAN_POINT('',(-46.6041028488383,21.8124447732461,2.));
#5806=CARTESIAN_POINT('Origin',(-45.8541028488383,21.8124447732461,2.));
#5807=CARTESIAN_POINT('',(-12.3250038262378,-26.6062190940192,2.));
#5808=CARTESIAN_POINT('Origin',(-11.4250038262378,-26.6062190940192,2.));
#5809=CARTESIAN_POINT('',(-30.3562267464947,-8.57499617376222,2.));
#5810=CARTESIAN_POINT('Origin',(-29.4562267464947,-8.57499617376222,2.));
#5811=CARTESIAN_POINT('',(18.0624447732461,25.8541028488383,2.));
#5812=CARTESIAN_POINT('Origin',(18.8124447732461,25.8541028488383,2.));
#5813=CARTESIAN_POINT('',(-46.5,25.,2.));
#5814=CARTESIAN_POINT('Origin',(-45.,25.,2.));
#5815=CARTESIAN_POINT('',(-4.42893218813452,5.64213562373095,2.));
#5816=CARTESIAN_POINT('',(14.4693127803633,24.5403805922287,2.));
#5817=CARTESIAN_POINT('',(-9.73286651752293,10.9460699531194,2.));
#5818=CARTESIAN_POINT('',(9.78819960935863,-8.5749961737622,2.));
#5819=CARTESIAN_POINT('',(12.7771754716484,26.2325179009436,2.));
#5820=CARTESIAN_POINT('',(12.7771754716484,26.2325179009436,2.));
#5821=CARTESIAN_POINT('',(14.4693127803633,24.5403805922287,2.));
#5822=CARTESIAN_POINT('',(11.0850381629335,27.9246552096585,2.));
#5823=CARTESIAN_POINT('',(-1.45908370715101,8.61198410471445,2.));
#5824=CARTESIAN_POINT('',(14.4693127803633,24.5403805922287,2.));
#5825=CARTESIAN_POINT('',(3.84421715174809,3.30868324581534,2.));
#5826=CARTESIAN_POINT('',(23.2325179009436,15.7771754716484,2.));
#5827=CARTESIAN_POINT('',(21.5403805922287,17.4693127803633,2.));
#5828=CARTESIAN_POINT('',(8.09606230064376,-6.88285886504733,2.));
#5829=CARTESIAN_POINT('',(23.2325179009436,15.7771754716484,2.));
#5830=CARTESIAN_POINT('',(9.78819960935863,-8.5749961737622,2.));
#5831=CARTESIAN_POINT('Origin',(11.0341776837816,-10.4279411110362,2.));
#5832=CARTESIAN_POINT('',(8.09606230064376,-10.2671334824771,2.));
#5833=CARTESIAN_POINT('Origin',(-6.04037115262198,-27.5024899474398,2.));
#5834=CARTESIAN_POINT('',(-0.464848717846313,-26.6062190940192,2.));
#5835=CARTESIAN_POINT('Origin',(10.5796899201942,-7.80508666461053,16.5));
#5836=CARTESIAN_POINT('',(-35.0404201903236,-12.1123721601125,16.5));
#5837=CARTESIAN_POINT('',(-32.8862018652758,-8.94018035229806,16.5));
#5838=CARTESIAN_POINT('',(-38.5776667172147,-8.57512563322134,16.5));
#5839=CARTESIAN_POINT('',(-35.5972116345134,-11.5555807159226,16.5));
#5840=CARTESIAN_POINT('',(-28.5368044479294,1.46573663606396,16.5));
#5841=CARTESIAN_POINT('',(-23.8670172414098,6.1355238425836,16.5));
#5842=CARTESIAN_POINT('',(-15.7329599910548,-11.3381078208107,16.5));
#5843=CARTESIAN_POINT('',(-11.4247663196513,18.5777747643421,16.5));
#5844=CARTESIAN_POINT('',(-23.8670172414098,6.1355238425836,16.5));
#5845=CARTESIAN_POINT('',(15.7161135787333,-8.5631051340425,16.5));
#5846=CARTESIAN_POINT('',(12.7688925147478,-5.61588407005698,16.5));
#5847=CARTESIAN_POINT('',(12.1668436835453,-12.1123750292305,16.5));
#5848=CARTESIAN_POINT('',(3.27386265697483,-21.005356055801,16.5));
#5849=CARTESIAN_POINT('',(19.1946713264781,-22.5637448553305,16.5));
#5850=CARTESIAN_POINT('',(6.96289841154116,-17.3163203012347,16.5));
#5851=CARTESIAN_POINT('',(6.04990285918473,-22.9958837563957,16.5));
#5852=CARTESIAN_POINT('',(-2.68367969876534,-26.9628984115412,16.5));
#5853=CARTESIAN_POINT('',(3.27386265697483,-21.005356055801,16.5));
#5854=CARTESIAN_POINT('',(-7.73195902525415,-27.7744144036636,16.5));
#5855=CARTESIAN_POINT('',(-7.88762497076947,-32.1668436835453,16.5));
#5856=CARTESIAN_POINT('',(-11.7537428005164,-29.5671452510127,16.5));
#5857=CARTESIAN_POINT('',(-11.4367868188301,-35.7160055316059,16.5));
#5858=CARTESIAN_POINT('',(3.27386265697483,-21.005356055801,16.5));
#5859=CARTESIAN_POINT('',(-14.9859505961754,-32.1668417542607,16.5));
#5860=CARTESIAN_POINT('',(-19.6873088207401,-27.465483529696,16.5));
#5861=CARTESIAN_POINT('',(-25.5541917003949,-39.226218181958,16.5));
#5862=CARTESIAN_POINT('',(-16.6780879048903,-30.4747044455458,16.5));
#5863=CARTESIAN_POINT('',(-15.7220704102719,-29.8361036320878,16.5));
#5864=CARTESIAN_POINT('',(-33.3482828816087,-13.8045094688273,16.5));
#5865=CARTESIAN_POINT('',(-19.6873088207401,-27.465483529696,16.5));
#5866=CARTESIAN_POINT('',(-38.711102198254,-21.7015231118957,16.5));
#5867=CARTESIAN_POINT('',(-1.45908370715101,8.61198410471445,16.5));
#5868=CARTESIAN_POINT('',(10.664021829942,-3.51112143237862,16.5));
#5869=CARTESIAN_POINT('',(-3.26076477383249,6.81030303803297,16.5));
#5870=CARTESIAN_POINT('',(-12.3250038262378,-26.6062190940192,16.5));
#5871=CARTESIAN_POINT('Origin',(-11.4250038262378,-26.6062190940192,16.5));
#5872=CARTESIAN_POINT('',(5.70621909401918,-8.57499617376221,16.5));
#5873=CARTESIAN_POINT('Origin',(6.60621909401918,-8.57499617376221,16.5));
#5874=CARTESIAN_POINT('',(-30.3562267464947,-8.57499617376222,16.5));
#5875=CARTESIAN_POINT('Origin',(-29.4562267464947,-8.57499617376222,16.5));
#5876=CARTESIAN_POINT('',(-12.3250038262378,9.45622674649475,16.5));
#5877=CARTESIAN_POINT('Origin',(-11.4250038262378,9.45622674649475,16.5));
#5878=CARTESIAN_POINT('Origin',(-34.1200655686147,-4.11752448462133,18.));
#5879=CARTESIAN_POINT('',(-11.4247663196513,18.5777747643421,18.));
#5880=CARTESIAN_POINT('',(-34.1200655686147,-4.11752448462134,18.));
#5881=CARTESIAN_POINT('',(-11.4247663196513,18.5777747643421,18.));
#5882=CARTESIAN_POINT('Origin',(-34.1200655686147,-4.11752448462133,18.));
#5883=CARTESIAN_POINT('',(-28.5368044479294,1.46573663606396,18.));
#5884=CARTESIAN_POINT('',(-28.5368044479294,1.46573663606397,9.00000000000001));
#5885=CARTESIAN_POINT('',(-38.5776667172147,-8.57512563322134,18.));
#5886=CARTESIAN_POINT('',(-38.5776667172147,-8.57512563322134,18.));
#5887=CARTESIAN_POINT('',(-34.1200655686147,-4.11752448462134,18.));
#5888=CARTESIAN_POINT('Origin',(2.16229063889888,4.99071780579191,16.5));
#5889=CARTESIAN_POINT('',(15.7161135787333,-8.5631051340425,18.));
#5890=CARTESIAN_POINT('',(-8.44431123695002,15.5973196816408,18.));
#5891=CARTESIAN_POINT('',(15.7161135787333,-8.56310513404251,15.));
#5892=CARTESIAN_POINT('Origin',(5.61198410471446,1.54091629284897,2.));
#5893=CARTESIAN_POINT('',(-1.45908370715101,8.61198410471445,2.));
#5894=CARTESIAN_POINT('Origin',(-6.97918567023011,-31.2584043830059,15.));
#5895=CARTESIAN_POINT('',(10.4747063748304,-13.8045123379454,18.));
#5896=CARTESIAN_POINT('',(10.4747063748304,-13.8045123379454,16.5));
#5897=CARTESIAN_POINT('',(10.4747063748304,-13.8045123379454,7.5));
#5898=CARTESIAN_POINT('',(9.89686050416876,-14.3823582086071,18.));
#5899=CARTESIAN_POINT('',(-6.97918567023011,-31.258404383006,18.));
#5900=CARTESIAN_POINT('',(9.89686050416877,-14.3823582086071,16.5));
#5901=CARTESIAN_POINT('',(9.89686050416877,-14.382358208607,7.5));
#5902=CARTESIAN_POINT('',(3.27386265697483,-21.005356055801,16.5));
#5903=CARTESIAN_POINT('Origin',(-6.97918567023011,-31.2584043830059,15.));
#5904=CARTESIAN_POINT('',(12.1668436835453,-12.1123750292305,18.));
#5905=CARTESIAN_POINT('',(12.1668436835453,-12.1123750292305,7.5));
#5906=CARTESIAN_POINT('',(13.5269109841798,-10.7523077285961,18.));
#5907=CARTESIAN_POINT('Origin',(-6.97918567023011,-31.2584043830059,15.));
#5908=CARTESIAN_POINT('',(-2.68367969876533,-26.9628984115412,18.));
#5909=CARTESIAN_POINT('',(-2.68367969876534,-26.9628984115412,7.5));
#5910=CARTESIAN_POINT('',(6.96289841154117,-17.3163203012347,18.));
#5911=CARTESIAN_POINT('',(6.96289841154117,-17.3163203012346,7.5));
#5912=CARTESIAN_POINT('',(-6.97918567023011,-31.258404383006,18.));
#5913=CARTESIAN_POINT('Origin',(-6.97918567023011,-31.2584043830059,15.));
#5914=CARTESIAN_POINT('',(-6.1954876620546,-30.4747063748304,16.5));
#5915=CARTESIAN_POINT('',(-6.1954876620546,-30.4747063748304,18.));
#5916=CARTESIAN_POINT('',(-6.1954876620546,-30.4747063748304,7.5));
#5917=CARTESIAN_POINT('',(-5.61764179139294,-29.8968605041688,16.5));
#5918=CARTESIAN_POINT('',(3.27386265697483,-21.005356055801,16.5));
#5919=CARTESIAN_POINT('',(-5.61764179139293,-29.8968605041688,18.));
#5920=CARTESIAN_POINT('',(-5.61764179139294,-29.8968605041688,7.5));
#5921=CARTESIAN_POINT('',(-6.97918567023011,-31.258404383006,18.));
#5922=CARTESIAN_POINT('Origin',(-6.97918567023011,-31.2584043830059,15.));
#5923=CARTESIAN_POINT('',(-7.88762497076947,-32.1668436835453,18.));
#5924=CARTESIAN_POINT('',(-7.88762497076947,-32.1668436835453,7.5));
#5925=CARTESIAN_POINT('',(-11.4367868188301,-35.7160055316059,18.));
#5926=CARTESIAN_POINT('',(-6.97918567023011,-31.258404383006,18.));
#5927=CARTESIAN_POINT('',(-11.4367868188301,-35.716005531606,15.));
#5928=CARTESIAN_POINT('Origin',(-14.3840078828156,-32.7687844676204,16.5));
#5929=CARTESIAN_POINT('',(-6.77754106188907,-30.0833154814755,16.5));
#5930=CARTESIAN_POINT('',(1.00256536747078,-35.314902148007,16.5));
#5931=CARTESIAN_POINT('',(-10.6953799649141,-30.7131120356562,16.5));
#5932=CARTESIAN_POINT('Origin',(-14.3840078828156,-32.7687844676204,16.5));
#5933=CARTESIAN_POINT('',(10.0833154814755,-13.2224589381109,16.5));
#5934=CARTESIAN_POINT('',(9.80597262317257,-12.8100110341463,16.5));
#5935=CARTESIAN_POINT('',(7.5657908659167,-28.8834780603753,16.5));
#5936=CARTESIAN_POINT('Origin',(-0.464848717846313,-26.6062190940192,0.));
#5937=CARTESIAN_POINT('',(-2.68355718453026,-26.9628787172543,18.));
#5938=CARTESIAN_POINT('',(-0.464848717846311,-26.6062190940192,18.));
#5939=CARTESIAN_POINT('',(-2.68355718453026,-26.9628787172543,2.));
#5940=CARTESIAN_POINT('',(-2.68355718453026,-26.9628787172543,2.));
#5941=CARTESIAN_POINT('',(-0.464848717846311,-26.6062190940192,2.));
#5942=CARTESIAN_POINT('',(-0.464848717846313,-26.6062190940192,2.));
#5943=CARTESIAN_POINT('',(-0.464848717846313,-26.6062190940192,0.));
#5944=CARTESIAN_POINT('',(-0.46484871784631,-26.6062190940192,0.));
#5945=CARTESIAN_POINT('',(-9.73286651752292,-28.0960623006438,0.));
#5946=CARTESIAN_POINT('',(-0.464848717846313,-26.6062190940192,0.));
#5947=CARTESIAN_POINT('',(-9.73286651752292,-28.0960623006438,0.));
#5948=CARTESIAN_POINT('Origin',(-6.77754106188907,-30.0833154814755,0.));
#5949=CARTESIAN_POINT('',(-6.77754106188907,-30.0833154814755,0.));
#5950=CARTESIAN_POINT('',(-6.77754106188907,-30.0833154814755,0.));
#5951=CARTESIAN_POINT('',(1.65647162571333,-28.7275394375788,0.));
#5952=CARTESIAN_POINT('',(1.65647162571333,-28.7275394375788,0.));
#5953=CARTESIAN_POINT('',(1.65647162571333,-28.7275394375788,2.));
#5954=CARTESIAN_POINT('',(1.65647162571333,-28.7275394375788,0.));
#5955=CARTESIAN_POINT('',(-5.61751927715786,-29.8968408098819,2.));
#5956=CARTESIAN_POINT('',(1.65647162571333,-28.7275394375788,2.));
#5957=CARTESIAN_POINT('',(-5.61751927715786,-29.8968408098819,18.));
#5958=CARTESIAN_POINT('',(-5.61751927715786,-29.8968408098819,2.));
#5959=CARTESIAN_POINT('',(-6.77754106188907,-30.0833154814755,18.));
#5960=CARTESIAN_POINT('Origin',(24.9246552096585,-31.0850381629335,0.));
#5961=CARTESIAN_POINT('',(12.1668850241661,-12.112436508558,18.));
#5962=CARTESIAN_POINT('',(24.9246552096585,-31.0850381629335,18.));
#5963=CARTESIAN_POINT('',(12.1668850241661,-12.112436508558,2.));
#5964=CARTESIAN_POINT('',(12.1668850241661,-12.112436508558,2.));
#5965=CARTESIAN_POINT('',(24.9246552096585,-31.0850381629335,2.));
#5966=CARTESIAN_POINT('',(9.78819960935863,-8.5749961737622,2.));
#5967=CARTESIAN_POINT('',(24.9246552096585,-31.0850381629335,0.));
#5968=CARTESIAN_POINT('',(24.9246552096585,-31.0850381629335,0.));
#5969=CARTESIAN_POINT('',(9.78819960935863,-8.5749961737622,0.));
#5970=CARTESIAN_POINT('',(9.78819960935863,-8.5749961737622,0.));
#5971=CARTESIAN_POINT('',(9.78819960935863,-8.5749961737622,0.));
#5972=CARTESIAN_POINT('Origin',(8.09606230064376,-10.2671334824771,0.));
#5973=CARTESIAN_POINT('',(10.0833154814755,-13.2224589381109,0.));
#5974=CARTESIAN_POINT('',(10.0833154814755,-13.2224589381109,0.));
#5975=CARTESIAN_POINT('',(23.2325179009436,-32.7771754716484,0.));
#5976=CARTESIAN_POINT('',(23.2325179009436,-32.7771754716484,0.));
#5977=CARTESIAN_POINT('',(23.2325179009436,-32.7771754716484,2.));
#5978=CARTESIAN_POINT('',(23.2325179009436,-32.7771754716484,0.));
#5979=CARTESIAN_POINT('',(10.4747477154512,-13.8045738172728,2.));
#5980=CARTESIAN_POINT('',(23.2325179009436,-32.7771754716484,2.));
#5981=CARTESIAN_POINT('',(10.4747477154512,-13.8045738172728,18.));
#5982=CARTESIAN_POINT('',(10.4747477154512,-13.8045738172728,2.));
#5983=CARTESIAN_POINT('',(10.0833154814755,-13.2224589381109,18.));
#5984=CARTESIAN_POINT('Origin',(-24.9906097586645,-22.1621825917715,16.5));
#5985=CARTESIAN_POINT('',(-14.9859505961754,-32.1668417542607,18.));
#5986=CARTESIAN_POINT('',(-14.9859505961754,-32.1668417542607,8.25));
#5987=CARTESIAN_POINT('',(-14.3840078828156,-32.7687844676204,18.));
#5988=CARTESIAN_POINT('Origin',(-24.9906097586645,-22.1621825917715,16.5));
#5989=CARTESIAN_POINT('',(-35.0404201903236,-12.1123721601125,18.));
#5990=CARTESIAN_POINT('',(-35.0404201903236,-12.1123721601125,8.25));
#5991=CARTESIAN_POINT('',(-14.3840078828156,-32.7687844676204,18.));
#5992=CARTESIAN_POINT('Origin',(-24.9906097586645,-22.1621825917715,16.5));
#5993=CARTESIAN_POINT('',(-33.3482828816088,-13.8045094688273,18.));
#5994=CARTESIAN_POINT('',(-33.3482828816088,-13.8045094688273,8.25));
#5995=CARTESIAN_POINT('',(-16.6780879048903,-30.4747044455458,18.));
#5996=CARTESIAN_POINT('',(-16.6780879048903,-30.4747044455458,8.25));
#5997=CARTESIAN_POINT('',(-14.3840078828156,-32.7687844676204,18.));
#5998=CARTESIAN_POINT('Origin',(-33.6224293710358,-12.1162574641545,18.));
#5999=CARTESIAN_POINT('',(-16.6781526821122,-30.4747477154512,18.));
#6000=CARTESIAN_POINT('',(-13.1171411349527,-28.0960623006438,18.));
#6001=CARTESIAN_POINT('',(-14.9860153733973,-32.1668850241661,18.));
#6002=CARTESIAN_POINT('',(-14.9860153733973,-32.1668850241661,18.));
#6003=CARTESIAN_POINT('',(-34.0850381629335,-44.9246552096585,18.));
#6004=CARTESIAN_POINT('',(-7.88756349144203,-32.1668850241661,18.));
#6005=CARTESIAN_POINT('',(-11.4250038262378,-29.7881996093586,18.));
#6006=CARTESIAN_POINT('',(-6.19542618272716,-30.4747477154513,18.));
#6007=CARTESIAN_POINT('',(-7.88756349144203,-32.1668850241661,18.));
#6008=CARTESIAN_POINT('',(12.7771754716484,-43.2325179009436,18.));
#6009=CARTESIAN_POINT('',(-7.88756349144203,-32.1668850241661,18.));
#6010=CARTESIAN_POINT('',(6.96287871725434,-17.3164428154697,18.));
#6011=CARTESIAN_POINT('',(8.09606230064375,-10.2671334824771,18.));
#6012=CARTESIAN_POINT('',(9.89684080988194,-14.3824807228421,18.));
#6013=CARTESIAN_POINT('',(6.96287871725434,-17.3164428154697,18.));
#6014=CARTESIAN_POINT('',(8.72753943757881,-21.6564716257133,18.));
#6015=CARTESIAN_POINT('',(6.96287871725434,-17.3164428154697,18.));
#6016=CARTESIAN_POINT('',(-28.5369879309523,1.46592011908677,18.));
#6017=CARTESIAN_POINT('',(-28.5369879309523,1.46592011908677,18.));
#6018=CARTESIAN_POINT('',(-27.1227743685792,0.0517065567136776,18.));
#6019=CARTESIAN_POINT('',(-35.0404638890055,-12.112436508558,18.));
#6020=CARTESIAN_POINT('',(-32.6382072618342,-8.5749961737622,18.));
#6021=CARTESIAN_POINT('',(-33.3483265802906,-13.8045738172728,18.));
#6022=CARTESIAN_POINT('',(-33.3483265802906,-13.8045738172728,18.));
#6023=CARTESIAN_POINT('',(-46.2325179009436,-32.7771754716484,18.));
#6024=CARTESIAN_POINT('',(-2.80288948196276,1.33485205042713,18.));
#6025=CARTESIAN_POINT('',(-4.92420982552241,-0.78646829313251,18.));
#6026=CARTESIAN_POINT('',(-20.1270056210332,-15.9892640886433,18.));
#6027=CARTESIAN_POINT('',(2.85396476752963,-4.32200219906524,18.));
#6028=CARTESIAN_POINT('',(6.00972056267536,-7.47775799421099,18.));
#6029=CARTESIAN_POINT('',(0.732644423969981,-6.44332254262489,18.));
#6030=CARTESIAN_POINT('',(-14.4701513715408,-21.6461183381356,18.));
#6031=CARTESIAN_POINT('',(-1.74222931018294,-3.96844880847197,18.));
#6032=CARTESIAN_POINT('',(-13.4094911997609,-20.5854581663558,18.));
#6033=CARTESIAN_POINT('',(-19.0663454492533,-14.9286039168634,18.));
#6034=CARTESIAN_POINT('',(-15.8843649339139,-18.1105844322029,18.));
#6035=CARTESIAN_POINT('',(-15.5308115433206,-22.7067785099155,18.));
#6036=CARTESIAN_POINT('',(-14.4701513715408,-21.6461183381356,18.));
#6037=CARTESIAN_POINT('',(-21.187665792813,-17.0499242604231,18.));
#6038=CARTESIAN_POINT('',(-12.3750557481748,-25.8625343050612,18.));
#6039=CARTESIAN_POINT('',(-20.1270056210332,-15.9892640886433,18.));
#6040=CARTESIAN_POINT('',(-12.3250038262378,9.45622674649475,18.));
#6041=CARTESIAN_POINT('Origin',(-11.4250038262378,9.45622674649475,18.));
#6042=CARTESIAN_POINT('',(-30.3562267464947,-8.57499617376222,18.));
#6043=CARTESIAN_POINT('Origin',(-29.4562267464947,-8.57499617376222,18.));
#6044=CARTESIAN_POINT('',(5.70621909401918,-8.57499617376221,18.));
#6045=CARTESIAN_POINT('Origin',(6.60621909401918,-8.57499617376221,18.));
#6046=CARTESIAN_POINT('',(-12.3250038262378,-26.6062190940192,18.));
#6047=CARTESIAN_POINT('Origin',(-11.4250038262378,-26.6062190940192,18.));
#6048=CARTESIAN_POINT('Origin',(-32.6382072618342,-8.5749961737622,0.));
#6049=CARTESIAN_POINT('',(-32.6382072618342,-8.5749961737622,0.));
#6050=CARTESIAN_POINT('',(-32.6382072618342,-8.5749961737622,0.));
#6051=CARTESIAN_POINT('',(-47.9246552096585,-31.0850381629335,0.));
#6052=CARTESIAN_POINT('',(-47.9246552096585,-31.0850381629335,0.));
#6053=CARTESIAN_POINT('',(-47.9246552096585,-31.0850381629335,0.));
#6054=CARTESIAN_POINT('',(-35.0404638890055,-12.112436508558,2.));
#6055=CARTESIAN_POINT('Origin',(-13.1171411349527,-28.0960623006438,0.));
#6056=CARTESIAN_POINT('',(-13.1171411349527,-28.0960623006438,0.));
#6057=CARTESIAN_POINT('',(-13.1171411349527,-28.0960623006438,0.));
#6058=CARTESIAN_POINT('',(-35.7771754716484,-43.2325179009436,0.));
#6059=CARTESIAN_POINT('',(-35.7771754716484,-43.2325179009436,0.));
#6060=CARTESIAN_POINT('',(-35.7771754716484,-43.2325179009436,0.));
#6061=CARTESIAN_POINT('',(-16.6781526821122,-30.4747477154512,2.));
#6062=CARTESIAN_POINT('Origin',(-35.0404638890055,-12.112436508558,2.));
#6063=CARTESIAN_POINT('',(-33.3483265802906,-13.8045738172728,2.));
#6064=CARTESIAN_POINT('Origin',(10.4747477154512,-13.8045738172728,2.));
#6065=CARTESIAN_POINT('',(6.30720424090665,-17.9721172918174,2.));
#6066=CARTESIAN_POINT('Origin',(6.96287871725434,-17.3164428154697,2.));
#6067=CARTESIAN_POINT('',(9.89684080988194,-14.3824807228421,2.));
#6068=CARTESIAN_POINT('',(6.96287871725434,-17.3164428154697,2.));
#6069=CARTESIAN_POINT('',(4.55126974180819,-19.7280517909159,2.));
#6070=CARTESIAN_POINT('',(9.89684080988194,-14.3824807228421,2.));
#6071=CARTESIAN_POINT('',(6.96287871725434,-17.3164428154697,2.));
#6072=CARTESIAN_POINT('Origin',(-11.5,-8.5,2.));
#6073=CARTESIAN_POINT('',(21.5403805922287,-34.4693127803633,2.));
#6074=CARTESIAN_POINT('',(24.9246552096585,-31.0850381629335,2.));
#6075=CARTESIAN_POINT('',(8.72753943757881,-21.6564716257133,2.));
#6076=CARTESIAN_POINT('',(21.5403805922287,-34.4693127803633,2.));
#6077=CARTESIAN_POINT('',(8.72753943757881,-21.6564716257133,2.));
#6078=CARTESIAN_POINT('',(6.60621909401917,-19.5351512821537,2.));
#6079=CARTESIAN_POINT('',(8.09606230064376,-10.2671334824771,2.));
#6080=CARTESIAN_POINT('',(1.30291823512006,-24.8384521410528,2.));
#6081=CARTESIAN_POINT('',(-1.7389292553979,-26.018250788122,2.));
#6082=CARTESIAN_POINT('',(14.4693127803633,-41.5403805922287,2.));
#6083=CARTESIAN_POINT('',(14.4693127803633,-41.5403805922287,2.));
#6084=CARTESIAN_POINT('',(12.7771754716484,-43.2325179009436,2.));
#6085=CARTESIAN_POINT('',(14.4693127803633,-41.5403805922287,2.));
#6086=CARTESIAN_POINT('',(-6.19542618272716,-30.4747477154513,2.));
#6087=CARTESIAN_POINT('',(12.7771754716484,-43.2325179009436,2.));
#6088=CARTESIAN_POINT('',(-7.88756349144203,-32.1668850241661,2.));
#6089=CARTESIAN_POINT('',(-2.87395136253999,-27.1532728952641,2.));
#6090=CARTESIAN_POINT('',(11.0850381629335,-44.9246552096585,2.));
#6091=CARTESIAN_POINT('',(-11.4250038262378,-29.7881996093586,2.));
#6092=CARTESIAN_POINT('',(29.990306627408,-49.990306627408,2.));
#6093=CARTESIAN_POINT('',(20.5376723951708,-47.4574809185332,2.));
#6094=CARTESIAN_POINT('',(27.4574809185332,-40.5376723951708,2.));
#6095=CARTESIAN_POINT('',(23.5834523779156,-44.3334523779156,2.));
#6096=CARTESIAN_POINT('Origin',(24.3334523779156,-44.3334523779156,2.));
#6097=CARTESIAN_POINT('',(22.1041028488383,-38.8124447732461,2.));
#6098=CARTESIAN_POINT('Origin',(22.8541028488383,-38.8124447732461,2.));
#6099=CARTESIAN_POINT('',(18.0624447732461,-42.8541028488383,2.));
#6100=CARTESIAN_POINT('Origin',(18.8124447732461,-42.8541028488383,2.));
#6101=CARTESIAN_POINT('',(20.5,-42.,2.));
#6102=CARTESIAN_POINT('Origin',(22.,-42.,2.));
#6103=CARTESIAN_POINT('Origin',(-16.6781526821122,-30.4747477154512,2.));
#6104=CARTESIAN_POINT('',(-14.9860153733973,-32.1668850241661,2.));
#6105=CARTESIAN_POINT('Origin',(-5.61751927715786,-29.8968408098819,2.));
#6106=CARTESIAN_POINT('Origin',(-7.88756349144203,-32.1668850241661,2.));
#6107=CARTESIAN_POINT('',(-6.19542618272716,-30.4747477154513,2.));
#6108=CARTESIAN_POINT('',(-7.88756349144203,-32.1668850241661,2.));
#6109=CARTESIAN_POINT('Origin',(-21.4659201190868,8.53698793095224,2.));
#6110=CARTESIAN_POINT('',(-28.5369879309523,1.46592011908677,2.));
#6111=CARTESIAN_POINT('Origin',(8.09606230064376,-10.2671334824771,0.));
#6112=CARTESIAN_POINT('',(8.09606230064376,-10.2671334824771,0.));
#6113=CARTESIAN_POINT('',(8.09606230064376,-10.2671334824771,0.));
#6114=CARTESIAN_POINT('',(6.60621909401917,-19.5351512821537,0.));
#6115=CARTESIAN_POINT('',(8.09606230064376,-10.2671334824771,0.));
#6116=CARTESIAN_POINT('',(6.60621909401917,-19.5351512821537,0.));
#6117=CARTESIAN_POINT('Origin',(8.72753943757881,-21.6564716257133,0.));
#6118=CARTESIAN_POINT('',(8.72753943757881,-21.6564716257133,0.));
#6119=CARTESIAN_POINT('',(8.72753943757881,-21.6564716257133,0.));
#6120=CARTESIAN_POINT('',(8.72753943757881,-21.6564716257133,0.));
#6121=CARTESIAN_POINT('Origin',(3.56320045185059,-14.7999953312702,0.));
#6122=CARTESIAN_POINT('',(0.381219936511128,-11.6180148159308,0.));
#6123=CARTESIAN_POINT('',(0.381219936511129,-11.6180148159308,0.));
#6124=CARTESIAN_POINT('',(3.56320045185059,-14.7999953312702,0.));
#6125=CARTESIAN_POINT('',(-1.77759849392962,-9.45919638549004,0.));
#6126=CARTESIAN_POINT('',(3.56320045185059,-14.7999953312702,0.));
#6127=CARTESIAN_POINT('Origin',(-0.464848717846312,-26.6062190940192,0.));
#6128=CARTESIAN_POINT('',(1.30291823512006,-24.8384521410528,0.));
#6129=CARTESIAN_POINT('Origin',(-10.2253817812871,-22.224616533729,0.));
#6130=CARTESIAN_POINT('',(-7.04340126594762,-25.4065970490685,0.));
#6131=CARTESIAN_POINT('',(-7.04340126594762,-25.4065970490685,0.));
#6132=CARTESIAN_POINT('',(-10.2253817812871,-22.224616533729,0.));
#6133=CARTESIAN_POINT('',(-13.9751904693976,-18.4748078456185,0.));
#6134=CARTESIAN_POINT('',(-10.2253817812871,-22.224616533729,0.));
#6135=CARTESIAN_POINT('Origin',(3.42423857867971,-8.57499617376221,0.));
#6136=CARTESIAN_POINT('',(-11.4250038262378,-23.4242385786797,0.));
#6137=CARTESIAN_POINT('',(3.42423857867971,-8.57499617376221,0.));
#6138=CARTESIAN_POINT('',(-11.4250038262378,-23.4242385786797,0.));
#6139=CARTESIAN_POINT('Origin',(3.42423857867971,-8.57499617376221,0.));
#6140=CARTESIAN_POINT('',(3.42423857867971,-8.57499617376221,0.));
#6141=CARTESIAN_POINT('',(3.42423857867971,-8.57499617376221,0.));
#6142=CARTESIAN_POINT('',(3.42423857867971,-8.57499617376221,0.));
#6143=CARTESIAN_POINT('Origin',(21.5403805922287,-34.4693127803633,0.));
#6144=CARTESIAN_POINT('',(21.5403805922287,-34.4693127803633,0.));
#6145=CARTESIAN_POINT('',(21.5403805922287,-34.4693127803633,0.));
#6146=CARTESIAN_POINT('',(21.5403805922287,-34.4693127803633,0.));
#6147=CARTESIAN_POINT('Origin',(2.71713179749316,-15.6460639856277,0.));
#6148=CARTESIAN_POINT('',(-11.4250038262378,-29.7881996093586,0.));
#6149=CARTESIAN_POINT('Origin',(23.2325179009436,-32.7771754716484,0.));
#6150=CARTESIAN_POINT('',(24.9246552096585,-31.0850381629335,0.));
#6151=CARTESIAN_POINT('Origin',(24.3334523779156,27.3334523779156,0.));
#6152=CARTESIAN_POINT('',(23.5834523779156,27.3334523779156,0.));
#6153=CARTESIAN_POINT('',(23.5834523779156,27.3334523779156,0.));
#6154=CARTESIAN_POINT('Origin',(24.3334523779156,27.3334523779156,0.));
#6155=CARTESIAN_POINT('Origin',(22.,-42.,0.));
#6156=CARTESIAN_POINT('',(20.5,-42.,0.));
#6157=CARTESIAN_POINT('',(20.5,-42.,0.));
#6158=CARTESIAN_POINT('Origin',(22.,-42.,0.));
#6159=CARTESIAN_POINT('Origin',(-41.8124447732461,25.8541028488383,0.));
#6160=CARTESIAN_POINT('',(-42.5624447732461,25.8541028488383,0.));
#6161=CARTESIAN_POINT('',(-42.5624447732461,25.8541028488383,0.));
#6162=CARTESIAN_POINT('Origin',(-41.8124447732461,25.8541028488383,0.));
#6163=CARTESIAN_POINT('Origin',(22.,25.,0.));
#6164=CARTESIAN_POINT('',(20.5,25.,0.));
#6165=CARTESIAN_POINT('',(20.5,25.,0.));
#6166=CARTESIAN_POINT('Origin',(22.,25.,0.));
#6167=CARTESIAN_POINT('Origin',(-26.2742462311553,-8.57499617376222,0.));
#6168=CARTESIAN_POINT('',(-26.2742462311553,-8.57499617376222,0.));
#6169=CARTESIAN_POINT('',(-11.4250038262378,6.27424623115529,0.));
#6170=CARTESIAN_POINT('',(-11.4250038262378,6.27424623115529,0.));
#6171=CARTESIAN_POINT('',(-11.4250038262378,6.27424623115529,0.));
#6172=CARTESIAN_POINT('',(-26.2742462311553,-8.57499617376222,0.));
#6173=CARTESIAN_POINT('Origin',(-11.4250038262378,-23.4242385786797,0.));
#6174=CARTESIAN_POINT('',(-26.2742462311553,-8.57499617376222,0.));
#6175=CARTESIAN_POINT('Origin',(-11.4250038262378,6.27424623115529,0.));
#6176=CARTESIAN_POINT('',(3.42423857867971,-8.57499617376221,0.));
#6177=CARTESIAN_POINT('Origin',(6.60621909401918,-8.57499617376221,0.));
#6178=CARTESIAN_POINT('',(5.70621909401917,-8.57499617376221,0.));
#6179=CARTESIAN_POINT('',(5.70621909401917,-8.57499617376221,0.));
#6180=CARTESIAN_POINT('Origin',(6.60621909401918,-8.57499617376221,0.));
#6181=CARTESIAN_POINT('Origin',(-41.8124447732461,-42.8541028488383,0.));
#6182=CARTESIAN_POINT('',(-42.5624447732461,-42.8541028488383,0.));
#6183=CARTESIAN_POINT('',(-42.5624447732461,-42.8541028488383,0.));
#6184=CARTESIAN_POINT('Origin',(-41.8124447732461,-42.8541028488383,0.));
#6185=CARTESIAN_POINT('Origin',(22.8541028488383,21.8124447732461,0.));
#6186=CARTESIAN_POINT('',(22.1041028488383,21.8124447732461,0.));
#6187=CARTESIAN_POINT('',(22.1041028488383,21.8124447732461,0.));
#6188=CARTESIAN_POINT('Origin',(22.8541028488383,21.8124447732461,0.));
#6189=CARTESIAN_POINT('Origin',(18.8124447732461,-42.8541028488383,0.));
#6190=CARTESIAN_POINT('',(18.0624447732461,-42.8541028488383,0.));
#6191=CARTESIAN_POINT('',(18.0624447732461,-42.8541028488383,0.));
#6192=CARTESIAN_POINT('Origin',(18.8124447732461,-42.8541028488383,0.));
#6193=CARTESIAN_POINT('Origin',(-13.1171411349527,10.9460699531194,0.));
#6194=CARTESIAN_POINT('',(-13.1171411349527,10.9460699531194,0.));
#6195=CARTESIAN_POINT('',(-11.4250038262378,12.6382072618342,0.));
#6196=CARTESIAN_POINT('',(-13.1171411349527,10.9460699531194,0.));
#6197=CARTESIAN_POINT('Origin',(-35.7771754716484,26.2325179009436,0.));
#6198=CARTESIAN_POINT('',(-35.7771754716484,26.2325179009436,0.));
#6199=CARTESIAN_POINT('',(-35.7771754716484,26.2325179009436,0.));
#6200=CARTESIAN_POINT('',(-35.7771754716484,26.2325179009436,0.));
#6201=CARTESIAN_POINT('Origin',(-37.4693127803633,24.5403805922287,0.));
#6202=CARTESIAN_POINT('',(-34.0850381629335,27.9246552096585,0.));
#6203=CARTESIAN_POINT('Origin',(-45.8541028488383,-38.8124447732461,0.));
#6204=CARTESIAN_POINT('',(-46.6041028488383,-38.8124447732461,0.));
#6205=CARTESIAN_POINT('',(-46.6041028488383,-38.8124447732461,0.));
#6206=CARTESIAN_POINT('Origin',(-45.8541028488383,-38.8124447732461,0.));
#6207=CARTESIAN_POINT('Origin',(-11.4250038262378,9.45622674649475,0.));
#6208=CARTESIAN_POINT('',(-12.3250038262378,9.45622674649475,0.));
#6209=CARTESIAN_POINT('',(-12.3250038262378,9.45622674649475,0.));
#6210=CARTESIAN_POINT('Origin',(-11.4250038262378,9.45622674649475,0.));
#6211=CARTESIAN_POINT('Origin',(-18.5710678118655,-22.6421356237309,0.));
#6212=CARTESIAN_POINT('',(-18.5710678118655,-22.6421356237309,0.));
#6213=CARTESIAN_POINT('',(-32.6382072618342,-8.5749961737622,0.));
#6214=CARTESIAN_POINT('',(-18.5710678118655,-22.6421356237309,0.));
#6215=CARTESIAN_POINT('Origin',(-37.4693127803633,-41.5403805922287,0.));
#6216=CARTESIAN_POINT('',(-37.4693127803633,-41.5403805922287,0.));
#6217=CARTESIAN_POINT('',(-37.4693127803633,-41.5403805922287,0.));
#6218=CARTESIAN_POINT('',(-37.4693127803633,-41.5403805922287,0.));
#6219=CARTESIAN_POINT('Origin',(-35.7771754716484,-43.2325179009436,0.));
#6220=CARTESIAN_POINT('',(-37.4693127803633,-41.5403805922287,0.));
#6221=CARTESIAN_POINT('Origin',(22.8541028488383,-38.8124447732461,0.));
#6222=CARTESIAN_POINT('',(22.1041028488383,-38.8124447732461,0.));
#6223=CARTESIAN_POINT('',(22.1041028488383,-38.8124447732461,0.));
#6224=CARTESIAN_POINT('Origin',(22.8541028488383,-38.8124447732461,0.));
#6225=CARTESIAN_POINT('Origin',(-30.9460699531193,-10.2671334824771,0.));
#6226=CARTESIAN_POINT('',(-30.9460699531193,-10.2671334824771,0.));
#6227=CARTESIAN_POINT('',(-25.642135623731,-15.5710678118655,0.));
#6228=CARTESIAN_POINT('',(-32.6382072618342,-8.5749961737622,0.));
#6229=CARTESIAN_POINT('',(-25.642135623731,-15.5710678118655,0.));
#6230=CARTESIAN_POINT('',(-30.9460699531193,-10.2671334824771,0.));
#6231=CARTESIAN_POINT('Origin',(-46.2325179009436,-32.7771754716484,0.));
#6232=CARTESIAN_POINT('',(-46.2325179009436,-32.7771754716484,0.));
#6233=CARTESIAN_POINT('',(-46.2325179009436,-32.7771754716484,0.));
#6234=CARTESIAN_POINT('',(-46.2325179009436,-32.7771754716484,0.));
#6235=CARTESIAN_POINT('Origin',(-44.5403805922287,-34.4693127803633,0.));
#6236=CARTESIAN_POINT('',(-44.5403805922287,-34.4693127803633,0.));
#6237=CARTESIAN_POINT('',(-47.9246552096585,-31.0850381629335,0.));
#6238=CARTESIAN_POINT('',(-44.5403805922287,-34.4693127803633,0.));
#6239=CARTESIAN_POINT('Origin',(-25.642135623731,-15.5710678118655,0.));
#6240=CARTESIAN_POINT('',(-44.5403805922287,-34.4693127803633,0.));
#6241=CARTESIAN_POINT('Origin',(-45.,-42.,0.));
#6242=CARTESIAN_POINT('',(-46.5,-42.,0.));
#6243=CARTESIAN_POINT('',(-46.5,-42.,0.));
#6244=CARTESIAN_POINT('Origin',(-45.,-42.,0.));
#6245=CARTESIAN_POINT('Origin',(8.09606230064376,-6.88285886504733,0.));
#6246=CARTESIAN_POINT('',(8.09606230064376,-6.88285886504733,0.));
#6247=CARTESIAN_POINT('',(9.78819960935863,-8.5749961737622,0.));
#6248=CARTESIAN_POINT('',(8.09606230064376,-6.88285886504733,0.));
#6249=CARTESIAN_POINT('Origin',(23.2325179009436,15.7771754716484,0.));
#6250=CARTESIAN_POINT('',(23.2325179009436,15.7771754716484,0.));
#6251=CARTESIAN_POINT('',(23.2325179009436,15.7771754716484,0.));
#6252=CARTESIAN_POINT('',(23.2325179009436,15.7771754716484,0.));
#6253=CARTESIAN_POINT('Origin',(21.5403805922287,17.4693127803633,0.));
#6254=CARTESIAN_POINT('',(21.5403805922287,17.4693127803633,0.));
#6255=CARTESIAN_POINT('Origin',(-9.73286651752292,-28.0960623006438,0.));
#6256=CARTESIAN_POINT('',(-11.4250038262378,-29.7881996093586,0.));
#6257=CARTESIAN_POINT('Origin',(12.7771754716484,-43.2325179009436,0.));
#6258=CARTESIAN_POINT('',(12.7771754716484,-43.2325179009436,0.));
#6259=CARTESIAN_POINT('',(12.7771754716484,-43.2325179009436,0.));
#6260=CARTESIAN_POINT('',(12.7771754716484,-43.2325179009436,0.));
#6261=CARTESIAN_POINT('Origin',(14.4693127803633,-41.5403805922287,0.));
#6262=CARTESIAN_POINT('',(14.4693127803633,-41.5403805922287,0.));
#6263=CARTESIAN_POINT('',(14.4693127803633,-41.5403805922287,0.));
#6264=CARTESIAN_POINT('',(14.4693127803633,-41.5403805922287,0.));
#6265=CARTESIAN_POINT('Origin',(-4.35393601437232,-22.7171317974932,0.));
#6266=CARTESIAN_POINT('',(14.4693127803633,-41.5403805922287,0.));
#6267=CARTESIAN_POINT('Origin',(-47.3334523779156,27.3334523779156,0.));
#6268=CARTESIAN_POINT('',(-48.0834523779156,27.3334523779156,0.));
#6269=CARTESIAN_POINT('',(-48.0834523779156,27.3334523779156,0.));
#6270=CARTESIAN_POINT('Origin',(-47.3334523779156,27.3334523779156,0.));
#6271=CARTESIAN_POINT('Origin',(-47.3334523779156,-44.3334523779156,0.));
#6272=CARTESIAN_POINT('',(-48.0834523779156,-44.3334523779156,0.));
#6273=CARTESIAN_POINT('',(-48.0834523779156,-44.3334523779156,0.));
#6274=CARTESIAN_POINT('Origin',(-47.3334523779156,-44.3334523779156,0.));
#6275=CARTESIAN_POINT('Origin',(-45.8541028488383,21.8124447732461,0.));
#6276=CARTESIAN_POINT('',(-46.6041028488383,21.8124447732461,0.));
#6277=CARTESIAN_POINT('',(-46.6041028488383,21.8124447732461,0.));
#6278=CARTESIAN_POINT('Origin',(-45.8541028488383,21.8124447732461,0.));
#6279=CARTESIAN_POINT('Origin',(-11.4250038262378,-26.6062190940192,0.));
#6280=CARTESIAN_POINT('',(-12.3250038262378,-26.6062190940192,0.));
#6281=CARTESIAN_POINT('',(-12.3250038262378,-26.6062190940192,0.));
#6282=CARTESIAN_POINT('Origin',(-11.4250038262378,-26.6062190940192,0.));
#6283=CARTESIAN_POINT('Origin',(-29.4562267464947,-8.57499617376222,0.));
#6284=CARTESIAN_POINT('',(-30.3562267464947,-8.57499617376222,0.));
#6285=CARTESIAN_POINT('',(-30.3562267464947,-8.57499617376222,0.));
#6286=CARTESIAN_POINT('Origin',(-29.4562267464947,-8.57499617376222,0.));
#6287=CARTESIAN_POINT('Origin',(18.8124447732461,25.8541028488383,0.));
#6288=CARTESIAN_POINT('',(18.0624447732461,25.8541028488383,0.));
#6289=CARTESIAN_POINT('',(18.0624447732461,25.8541028488383,0.));
#6290=CARTESIAN_POINT('Origin',(18.8124447732461,25.8541028488383,0.));
#6291=CARTESIAN_POINT('Origin',(-9.73286651752293,10.9460699531194,0.));
#6292=CARTESIAN_POINT('',(-9.73286651752293,10.9460699531194,0.));
#6293=CARTESIAN_POINT('',(12.7771754716484,26.2325179009436,0.));
#6294=CARTESIAN_POINT('',(12.7771754716484,26.2325179009436,0.));
#6295=CARTESIAN_POINT('',(12.7771754716484,26.2325179009436,0.));
#6296=CARTESIAN_POINT('',(-9.73286651752293,10.9460699531194,0.));
#6297=CARTESIAN_POINT('Origin',(-4.42893218813452,5.64213562373095,0.));
#6298=CARTESIAN_POINT('',(-4.42893218813452,5.64213562373095,0.));
#6299=CARTESIAN_POINT('',(9.78819960935863,-8.5749961737622,0.));
#6300=CARTESIAN_POINT('',(-4.42893218813452,5.64213562373095,0.));
#6301=CARTESIAN_POINT('Origin',(14.4693127803633,24.5403805922287,0.));
#6302=CARTESIAN_POINT('',(14.4693127803633,24.5403805922287,0.));
#6303=CARTESIAN_POINT('',(14.4693127803633,24.5403805922287,0.));
#6304=CARTESIAN_POINT('',(14.4693127803633,24.5403805922287,0.));
#6305=CARTESIAN_POINT('Origin',(12.7771754716484,26.2325179009436,0.));
#6306=CARTESIAN_POINT('',(11.0850381629335,27.9246552096585,0.));
#6307=CARTESIAN_POINT('Origin',(-45.,25.,0.));
#6308=CARTESIAN_POINT('',(-46.5,25.,0.));
#6309=CARTESIAN_POINT('',(-46.5,25.,0.));
#6310=CARTESIAN_POINT('Origin',(-45.,25.,0.));
#6311=CARTESIAN_POINT('Origin',(24.3334523779156,-44.3334523779156,0.));
#6312=CARTESIAN_POINT('',(23.5834523779156,-44.3334523779156,0.));
#6313=CARTESIAN_POINT('',(23.5834523779156,-44.3334523779156,0.));
#6314=CARTESIAN_POINT('Origin',(24.3334523779156,-44.3334523779156,0.));
#6315=CARTESIAN_POINT('Origin',(-30.9460699531193,-6.88285886504732,0.));
#6316=CARTESIAN_POINT('',(-30.9460699531193,-6.88285886504732,0.));
#6317=CARTESIAN_POINT('',(-46.2325179009436,15.7771754716484,0.));
#6318=CARTESIAN_POINT('',(-46.2325179009436,15.7771754716484,0.));
#6319=CARTESIAN_POINT('',(-46.2325179009436,15.7771754716484,0.));
#6320=CARTESIAN_POINT('',(-30.9460699531193,-6.88285886504732,0.));
#6321=CARTESIAN_POINT('Origin',(-25.5671394499688,-1.50392836189673,0.));
#6322=CARTESIAN_POINT('',(-25.5671394499688,-1.50392836189673,0.));
#6323=CARTESIAN_POINT('',(-11.4250038262378,12.6382072618342,0.));
#6324=CARTESIAN_POINT('',(-25.5671394499688,-1.50392836189673,0.));
#6325=CARTESIAN_POINT('Origin',(-44.5403805922287,17.4693127803633,0.));
#6326=CARTESIAN_POINT('',(-44.5403805922287,17.4693127803633,0.));
#6327=CARTESIAN_POINT('',(-44.5403805922287,17.4693127803633,0.));
#6328=CARTESIAN_POINT('',(-44.5403805922287,17.4693127803633,0.));
#6329=CARTESIAN_POINT('Origin',(-46.2325179009436,15.7771754716484,0.));
#6330=CARTESIAN_POINT('',(-44.5403805922287,17.4693127803633,0.));
#6331=CARTESIAN_POINT('Origin',(-47.9246552096585,-31.0850381629335,0.));
#6332=CARTESIAN_POINT('',(-52.990306627408,-49.990306627408,0.));
#6333=CARTESIAN_POINT('',(-50.4574809185332,-40.5376723951708,0.));
#6334=CARTESIAN_POINT('',(-52.990306627408,-49.990306627408,0.));
#6335=CARTESIAN_POINT('Origin',(-47.9246552096585,14.0850381629335,0.));
#6336=CARTESIAN_POINT('',(-47.9246552096585,14.0850381629335,0.));
#6337=CARTESIAN_POINT('',(-32.6382072618342,-8.5749961737622,0.));
#6338=CARTESIAN_POINT('',(-47.9246552096585,14.0850381629335,0.));
#6339=CARTESIAN_POINT('Origin',(-52.990306627408,32.990306627408,0.));
#6340=CARTESIAN_POINT('',(-52.990306627408,32.990306627408,0.));
#6341=CARTESIAN_POINT('',(-50.4574809185332,23.5376723951708,0.));
#6342=CARTESIAN_POINT('',(-52.990306627408,32.990306627408,0.));
#6343=CARTESIAN_POINT('Origin',(-34.0850381629335,27.9246552096585,0.));
#6344=CARTESIAN_POINT('',(-34.0850381629335,27.9246552096585,0.));
#6345=CARTESIAN_POINT('',(-43.5376723951708,30.4574809185332,0.));
#6346=CARTESIAN_POINT('',(-34.0850381629335,27.9246552096585,0.));
#6347=CARTESIAN_POINT('Origin',(-11.4250038262378,12.6382072618342,0.));
#6348=CARTESIAN_POINT('',(-11.4250038262378,12.6382072618342,0.));
#6349=CARTESIAN_POINT('',(-34.0850381629335,27.9246552096585,0.));
#6350=CARTESIAN_POINT('',(-11.4250038262378,12.6382072618342,0.));
#6351=CARTESIAN_POINT('Origin',(11.0850381629335,27.9246552096585,0.));
#6352=CARTESIAN_POINT('',(11.0850381629335,27.9246552096585,0.));
#6353=CARTESIAN_POINT('',(-11.4250038262378,12.6382072618342,0.));
#6354=CARTESIAN_POINT('',(11.0850381629335,27.9246552096585,0.));
#6355=CARTESIAN_POINT('Origin',(29.990306627408,32.990306627408,0.));
#6356=CARTESIAN_POINT('',(29.990306627408,32.990306627408,0.));
#6357=CARTESIAN_POINT('',(20.5376723951708,30.4574809185332,0.));
#6358=CARTESIAN_POINT('',(29.990306627408,32.990306627408,0.));
#6359=CARTESIAN_POINT('Origin',(24.9246552096585,14.0850381629335,0.));
#6360=CARTESIAN_POINT('',(24.9246552096585,14.0850381629335,0.));
#6361=CARTESIAN_POINT('',(27.4574809185332,23.5376723951708,0.));
#6362=CARTESIAN_POINT('',(24.9246552096585,14.0850381629335,0.));
#6363=CARTESIAN_POINT('Origin',(9.78819960935863,-8.5749961737622,0.));
#6364=CARTESIAN_POINT('',(24.9246552096585,14.0850381629335,0.));
#6365=CARTESIAN_POINT('Origin',(29.990306627408,-49.990306627408,0.));
#6366=CARTESIAN_POINT('',(29.990306627408,-49.990306627408,0.));
#6367=CARTESIAN_POINT('',(27.4574809185332,-40.5376723951708,0.));
#6368=CARTESIAN_POINT('',(29.990306627408,-49.990306627408,0.));
#6369=CARTESIAN_POINT('Origin',(11.0850381629335,-44.9246552096585,0.));
#6370=CARTESIAN_POINT('',(11.0850381629335,-44.9246552096585,0.));
#6371=CARTESIAN_POINT('',(20.5376723951708,-47.4574809185332,0.));
#6372=CARTESIAN_POINT('',(11.0850381629335,-44.9246552096585,0.));
#6373=CARTESIAN_POINT('Origin',(-11.4250038262378,-29.7881996093586,0.));
#6374=CARTESIAN_POINT('',(-11.4250038262378,-29.7881996093586,0.));
#6375=CARTESIAN_POINT('',(-11.4250038262378,-29.7881996093586,0.));
#6376=CARTESIAN_POINT('',(-11.4250038262378,-29.7881996093586,0.));
#6377=CARTESIAN_POINT('Origin',(-34.0850381629335,-44.9246552096585,0.));
#6378=CARTESIAN_POINT('',(-34.0850381629335,-44.9246552096585,0.));
#6379=CARTESIAN_POINT('',(-34.0850381629335,-44.9246552096585,0.));
#6380=CARTESIAN_POINT('',(-34.0850381629335,-44.9246552096585,0.));
#6381=CARTESIAN_POINT('Origin',(-52.990306627408,-49.990306627408,0.));
#6382=CARTESIAN_POINT('',(-43.5376723951708,-47.4574809185332,0.));
#6383=CARTESIAN_POINT('Origin',(-11.5,-8.5,0.));
#6384=CARTESIAN_POINT('Origin',(-11.4250038262378,-26.6062190940192,-0.0500000000000123));
#6385=CARTESIAN_POINT('',(-12.3250038262378,-26.6062190940192,-0.0500000000000123));
#6386=CARTESIAN_POINT('Origin',(6.60621909401918,-8.57499617376221,-0.0500000000000123));
#6387=CARTESIAN_POINT('',(5.70621909401918,-8.57499617376221,-0.0500000000000123));
#6388=CARTESIAN_POINT('Origin',(-29.4562267464947,-8.57499617376222,-0.0500000000000123));
#6389=CARTESIAN_POINT('',(-30.3562267464947,-8.57499617376222,-0.0500000000000123));
#6390=CARTESIAN_POINT('Origin',(-11.4250038262378,9.45622674649475,-0.0500000000000123));
#6391=CARTESIAN_POINT('',(-12.3250038262378,9.45622674649475,-0.0500000000000123));
#6392=CARTESIAN_POINT('Origin',(3.56107154871617,-5.02910898025178,30.75));
#6393=CARTESIAN_POINT('',(-2.80288948196276,1.33485205042714,46.5));
#6394=CARTESIAN_POINT('',(-2.80288948196276,1.33485205042714,43.5));
#6395=CARTESIAN_POINT('',(2.85396476752963,-4.32200219906523,46.5));
#6396=CARTESIAN_POINT('',(-2.80288948196276,1.33485205042714,46.5));
#6397=CARTESIAN_POINT('',(2.85396476752963,-4.32200219906523,40.5));
#6398=CARTESIAN_POINT('',(2.85396476752963,-4.32200219906524,40.5));
#6399=CARTESIAN_POINT('',(9.92503257939511,-11.3930700109307,40.5));
#6400=CARTESIAN_POINT('',(2.85396476752962,-4.32200219906524,40.5));
#6401=CARTESIAN_POINT('',(9.9250325793951,-11.3930700109307,30.5));
#6402=CARTESIAN_POINT('',(9.92503257939511,-11.3930700109307,40.5));
#6403=CARTESIAN_POINT('',(3.91215893066246,-5.38019636219807,30.5));
#6404=CARTESIAN_POINT('',(9.9250325793951,-11.3930700109307,30.5));
#6405=CARTESIAN_POINT('',(3.91215893066245,-5.38019636219807,22.1624848487387));
#6406=CARTESIAN_POINT('',(3.91215893066245,-5.38019636219807,22.1624848487387));
#6407=CARTESIAN_POINT('',(2.85396476752963,-4.32200219906524,21.006258903152));
#6408=CARTESIAN_POINT('Origin',(2.50041137693635,-3.96844880847197,23.2));
#6409=CARTESIAN_POINT('',(2.85396476752962,-4.32200219906524,15.));
#6410=CARTESIAN_POINT('',(1.3560703860692,-2.8241078176048,37.7434375));
#6411=CARTESIAN_POINT('',(0.728644002190197,-2.1966814337258,37.7434375));
#6412=CARTESIAN_POINT('Origin',(1.0423571941297,-2.5103946256653,38.75));
#6413=CARTESIAN_POINT('',(8.5423571941297,-10.0103946256653,33.3566017177982));
#6414=CARTESIAN_POINT('Origin',(1.04235719412969,-2.5103946256653,22.75));
#6415=CARTESIAN_POINT('',(9.5423571941297,-11.0103946256653,34.7708152801713));
#6416=CARTESIAN_POINT('',(8.5423571941297,-10.0103946256653,33.3566017177982));
#6417=CARTESIAN_POINT('',(1.37633468857638,-2.84437212011198,39.7434375));
#6418=CARTESIAN_POINT('Origin',(1.04235719412969,-2.5103946256653,22.75));
#6419=CARTESIAN_POINT('',(0.708379699683017,-2.17641713121862,39.7434375));
#6420=CARTESIAN_POINT('Origin',(1.0423571941297,-2.5103946256653,38.75));
#6421=CARTESIAN_POINT('',(-0.681569138403113,-0.786468293132496,39.5742728223243));
#6422=CARTESIAN_POINT('Origin',(1.04235719412969,-2.5103946256653,22.75));
#6423=CARTESIAN_POINT('',(-0.681569138403111,-0.786468293132501,37.5923950617759));
#6424=CARTESIAN_POINT('',(-0.681569138403111,-0.786468293132501,37.5923950617759));
#6425=CARTESIAN_POINT('',(-0.680953904376227,-0.787083527159385,37.5506890959689));
#6426=CARTESIAN_POINT('Origin',(0.0255376427834419,-1.49357507431904,37.5923950617759));
#6427=CARTESIAN_POINT('Origin',(1.04235719412969,-2.5103946256653,22.75));
#6428=CARTESIAN_POINT('',(0.26453973482448,-1.7325771663601,22.75));
#6429=CARTESIAN_POINT('Origin',(1.04235719412969,-2.5103946256653,22.75));
#6430=CARTESIAN_POINT('Origin',(-14.823704762134,-23.413885291102,30.75));
#6431=CARTESIAN_POINT('',(-15.5308115433206,-22.7067785099155,21.006258903152));
#6432=CARTESIAN_POINT('',(-15.5308115433206,-22.7067785099155,15.));
#6433=CARTESIAN_POINT('',(-14.4726173801878,-23.7649726730483,22.1624848487387));
#6434=CARTESIAN_POINT('Origin',(-15.8843649339139,-22.3532251193222,23.2));
#6435=CARTESIAN_POINT('',(-14.4726173801878,-23.7649726730483,30.5));
#6436=CARTESIAN_POINT('',(-14.4726173801878,-23.7649726730483,22.1624848487387));
#6437=CARTESIAN_POINT('',(-8.45974373145511,-29.7778463217809,30.5));
#6438=CARTESIAN_POINT('',(-8.45974373145511,-29.7778463217809,30.5));
#6439=CARTESIAN_POINT('',(-8.45974373145511,-29.777846321781,40.5));
#6440=CARTESIAN_POINT('',(-8.45974373145511,-29.777846321781,40.5));
#6441=CARTESIAN_POINT('',(-15.5308115433206,-22.7067785099155,40.5));
#6442=CARTESIAN_POINT('',(-15.5308115433206,-22.7067785099155,40.5));
#6443=CARTESIAN_POINT('',(-15.5308115433206,-22.7067785099155,46.5));
#6444=CARTESIAN_POINT('',(-15.5308115433206,-22.7067785099155,40.5));
#6445=CARTESIAN_POINT('',(-21.187665792813,-17.0499242604231,46.5));
#6446=CARTESIAN_POINT('',(-21.187665792813,-17.0499242604231,46.5));
#6447=CARTESIAN_POINT('',(-21.187665792813,-17.0499242604231,43.5));
#6448=CARTESIAN_POINT('',(-17.028705924781,-21.208884128455,37.7434375));
#6449=CARTESIAN_POINT('',(-17.65613230866,-20.581457744576,37.7434375));
#6450=CARTESIAN_POINT('Origin',(-17.3424191167205,-20.8951709365155,38.75));
#6451=CARTESIAN_POINT('',(-19.0657302152264,-19.1718598380096,37.5506890959689));
#6452=CARTESIAN_POINT('Origin',(-17.3424191167205,-20.8951709365155,22.75));
#6453=CARTESIAN_POINT('',(-19.0663454492533,-19.1712446039827,37.5923950617759));
#6454=CARTESIAN_POINT('Origin',(-18.3592386680668,-19.8783513851693,37.5923950617759));
#6455=CARTESIAN_POINT('',(-19.0663454492533,-19.1712446039827,39.5742728223243));
#6456=CARTESIAN_POINT('',(-19.0663454492533,-19.1712446039827,37.5923950617759));
#6457=CARTESIAN_POINT('',(-17.6763966111672,-20.5611934420689,39.7434375));
#6458=CARTESIAN_POINT('Origin',(-17.3424191167205,-20.8951709365155,22.75));
#6459=CARTESIAN_POINT('',(-17.0084416222738,-21.2291484309622,39.7434375));
#6460=CARTESIAN_POINT('Origin',(-17.3424191167205,-20.8951709365155,38.75));
#6461=CARTESIAN_POINT('',(-8.84241911672052,-29.3951709365155,34.7708152801713));
#6462=CARTESIAN_POINT('Origin',(-17.3424191167205,-20.8951709365155,22.75));
#6463=CARTESIAN_POINT('',(-9.84241911672052,-28.3951709365155,33.3566017177982));
#6464=CARTESIAN_POINT('',(-9.84241911672052,-28.3951709365155,33.3566017177982));
#6465=CARTESIAN_POINT('Origin',(-17.3424191167205,-20.8951709365155,22.75));
#6466=CARTESIAN_POINT('',(-18.1202365760257,-20.1173534772103,22.75));
#6467=CARTESIAN_POINT('Origin',(-17.3424191167205,-20.8951709365155,22.75));
#6468=CARTESIAN_POINT('Origin',(-19.0663454492533,-14.9286039168635,46.5));
#6469=CARTESIAN_POINT('',(-4.9242098255224,-0.786468293132503,43.5));
#6470=CARTESIAN_POINT('',(-4.9242098255224,-0.786468293132503,43.5));
#6471=CARTESIAN_POINT('',(-19.0663454492533,-14.9286039168635,43.5));
#6472=CARTESIAN_POINT('',(-19.0663454492533,-14.9286039168635,43.5));
#6473=CARTESIAN_POINT('',(-19.0663454492533,-14.9286039168635,43.5));
#6474=CARTESIAN_POINT('',(-19.0663454492533,-14.9286039168635,46.5));
#6475=CARTESIAN_POINT('Origin',(-13.4094911997609,-20.5854581663558,15.));
#6476=CARTESIAN_POINT('',(-13.4094911997609,-20.5854581663558,21.006258903152));
#6477=CARTESIAN_POINT('',(-13.4094911997609,-20.5854581663558,15.));
#6478=CARTESIAN_POINT('',(-13.4094911997609,-20.5854581663558,21.006258903152));
#6479=CARTESIAN_POINT('Origin',(1.43975120515653,-7.15042932381143,30.75));
#6480=CARTESIAN_POINT('',(0.73264442396999,-6.44332254262488,43.5));
#6481=CARTESIAN_POINT('',(1.08619781456326,-6.79687593321815,43.5));
#6482=CARTESIAN_POINT('',(0.732644423969986,-6.44332254262489,21.006258903152));
#6483=CARTESIAN_POINT('',(0.732644423969981,-6.44332254262489,15.));
#6484=CARTESIAN_POINT('',(1.79083858710281,-7.50151670575771,22.1624848487387));
#6485=CARTESIAN_POINT('Origin',(0.379091033376713,-6.08976915203161,23.2));
#6486=CARTESIAN_POINT('',(1.79083858710282,-7.50151670575771,30.5));
#6487=CARTESIAN_POINT('',(1.79083858710281,-7.50151670575771,22.1624848487387));
#6488=CARTESIAN_POINT('',(7.80371223583546,-13.5143903544904,30.5));
#6489=CARTESIAN_POINT('',(7.80371223583546,-13.5143903544904,30.5));
#6490=CARTESIAN_POINT('',(7.80371223583546,-13.5143903544903,40.5));
#6491=CARTESIAN_POINT('',(7.80371223583546,-13.5143903544903,40.5));
#6492=CARTESIAN_POINT('',(0.732644423969986,-6.44332254262488,40.5));
#6493=CARTESIAN_POINT('',(0.732644423969986,-6.44332254262488,40.5));
#6494=CARTESIAN_POINT('',(0.73264442396999,-6.44332254262488,40.5));
#6495=CARTESIAN_POINT('',(-1.85678060873516,-3.85389750991975,22.75));
#6496=CARTESIAN_POINT('Origin',(-1.07896314942996,-4.63171496922495,22.75));
#6497=CARTESIAN_POINT('',(-0.765249957490448,-4.94542816116445,37.7434375));
#6498=CARTESIAN_POINT('',(-1.39267634136945,-4.31800177728545,37.7434375));
#6499=CARTESIAN_POINT('Origin',(-1.07896314942995,-4.63171496922494,38.75));
#6500=CARTESIAN_POINT('',(-2.80227424793587,-2.90840387071903,37.5506890959689));
#6501=CARTESIAN_POINT('Origin',(-1.07896314942996,-4.63171496922495,22.75));
#6502=CARTESIAN_POINT('',(-2.80288948196275,-2.90778863669215,37.5923950617759));
#6503=CARTESIAN_POINT('Origin',(-2.0957827007762,-3.61489541787869,37.5923950617759));
#6504=CARTESIAN_POINT('',(-2.80288948196275,-2.90778863669214,39.5742728223243));
#6505=CARTESIAN_POINT('',(-2.80288948196275,-2.90778863669215,37.5923950617759));
#6506=CARTESIAN_POINT('',(-1.41294064387663,-4.29773747477827,39.7434375));
#6507=CARTESIAN_POINT('Origin',(-1.07896314942996,-4.63171496922495,22.75));
#6508=CARTESIAN_POINT('',(-0.744985654983263,-4.96569246367163,39.7434375));
#6509=CARTESIAN_POINT('Origin',(-1.07896314942995,-4.63171496922494,38.75));
#6510=CARTESIAN_POINT('',(7.42103685057005,-13.1317149692249,34.7708152801713));
#6511=CARTESIAN_POINT('Origin',(-1.07896314942996,-4.63171496922495,22.75));
#6512=CARTESIAN_POINT('',(6.42103685057005,-12.1317149692249,33.3566017177982));
#6513=CARTESIAN_POINT('',(6.42103685057005,-12.1317149692249,33.3566017177982));
#6514=CARTESIAN_POINT('Origin',(-1.07896314942996,-4.63171496922495,22.75));
#6515=CARTESIAN_POINT('Origin',(-1.07896314942996,-4.63171496922495,22.75));
#6516=CARTESIAN_POINT('',(6.42103685057005,-12.1317149692249,33.3566017177982));
#6517=CARTESIAN_POINT('',(-0.765249957490448,-4.94542816116445,37.7434375));
#6518=CARTESIAN_POINT('Origin',(7.42103685057005,-13.1317149692249,34.7708152801713));
#6519=CARTESIAN_POINT('',(7.42103685057005,-13.1317149692249,34.7708152801713));
#6520=CARTESIAN_POINT('Origin',(-1.07896314942996,-4.63171496922495,22.75));
#6521=CARTESIAN_POINT('',(-0.744985654983263,-4.96569246367163,39.7434375));
#6522=CARTESIAN_POINT('Origin',(-1.07896314942995,-4.63171496922494,38.75));
#6523=CARTESIAN_POINT('',(-1.41294064387663,-4.29773747477827,39.7434375));
#6524=CARTESIAN_POINT('Origin',(-1.07896314942996,-4.63171496922495,22.75));
#6525=CARTESIAN_POINT('',(-2.80288948196275,-2.90778863669214,39.5742728223243));
#6526=CARTESIAN_POINT('Origin',(-2.80288948196275,-2.90778863669215,37.5923950617759));
#6527=CARTESIAN_POINT('',(-2.80288948196275,-2.90778863669215,37.5923950617759));
#6528=CARTESIAN_POINT('Origin',(-2.0957827007762,-3.61489541787869,37.5923950617759));
#6529=CARTESIAN_POINT('',(-2.80227424793587,-2.90840387071903,37.5506890959689));
#6530=CARTESIAN_POINT('Origin',(-1.07896314942996,-4.63171496922495,22.75));
#6531=CARTESIAN_POINT('',(-1.39267634136945,-4.31800177728545,37.7434375));
#6532=CARTESIAN_POINT('Origin',(-1.07896314942995,-4.63171496922494,38.75));
#6533=CARTESIAN_POINT('Origin',(-1.07896314942996,-4.63171496922495,22.75));
#6534=CARTESIAN_POINT('',(-1.85678060873516,-3.85389750991975,22.75));
#6535=CARTESIAN_POINT('Origin',(7.80371223583546,-13.5143903544903,40.5));
#6536=CARTESIAN_POINT('',(7.80371223583546,-13.5143903544903,40.5));
#6537=CARTESIAN_POINT('',(0.732644423969986,-6.44332254262488,40.5));
#6538=CARTESIAN_POINT('Origin',(7.80371223583546,-13.5143903544904,30.5));
#6539=CARTESIAN_POINT('',(7.80371223583546,-13.5143903544904,30.5));
#6540=CARTESIAN_POINT('Origin',(1.79083858710281,-7.50151670575771,30.5));
#6541=CARTESIAN_POINT('',(1.79083858710282,-7.50151670575771,30.5));
#6542=CARTESIAN_POINT('Origin',(1.79083858710281,-7.50151670575771,22.1624848487387));
#6543=CARTESIAN_POINT('',(1.79083858710281,-7.50151670575771,22.1624848487387));
#6544=CARTESIAN_POINT('Origin',(0.379091033376713,-6.08976915203161,23.2));
#6545=CARTESIAN_POINT('',(0.732644423969986,-6.44332254262489,21.006258903152));
#6546=CARTESIAN_POINT('Origin',(-13.409491199761,-20.5854581663558,43.5));
#6547=CARTESIAN_POINT('',(-13.409491199761,-20.5854581663558,43.5));
#6548=CARTESIAN_POINT('',(-13.0559378091677,-20.9390115569491,43.5));
#6549=CARTESIAN_POINT('',(-13.409491199761,-20.5854581663558,43.5));
#6550=CARTESIAN_POINT('Origin',(-12.7023844185744,-21.2925649475424,30.75));
#6551=CARTESIAN_POINT('',(-13.409491199761,-20.5854581663558,40.5));
#6552=CARTESIAN_POINT('',(-13.409491199761,-20.5854581663558,40.5));
#6553=CARTESIAN_POINT('',(-6.33842338789548,-27.6565259782213,40.5));
#6554=CARTESIAN_POINT('',(-13.409491199761,-20.5854581663558,40.5));
#6555=CARTESIAN_POINT('',(-6.33842338789547,-27.6565259782213,30.5));
#6556=CARTESIAN_POINT('',(-6.33842338789548,-27.6565259782213,40.5));
#6557=CARTESIAN_POINT('',(-12.3512970366281,-21.6436523294887,30.5));
#6558=CARTESIAN_POINT('',(-6.33842338789547,-27.6565259782213,30.5));
#6559=CARTESIAN_POINT('',(-12.3512970366281,-21.6436523294887,22.1624848487387));
#6560=CARTESIAN_POINT('',(-12.3512970366281,-21.6436523294887,22.1624848487387));
#6561=CARTESIAN_POINT('Origin',(-13.7630445903542,-20.2319047757626,23.2));
#6562=CARTESIAN_POINT('',(-15.9989162324661,-17.9960331336507,22.75));
#6563=CARTESIAN_POINT('Origin',(-15.2210987731609,-18.7738505929559,22.75));
#6564=CARTESIAN_POINT('',(-14.9073855812214,-19.0875637848954,37.7434375));
#6565=CARTESIAN_POINT('',(-15.5348119651004,-18.4601374010164,37.7434375));
#6566=CARTESIAN_POINT('Origin',(-15.2210987731609,-18.7738505929559,38.75));
#6567=CARTESIAN_POINT('',(-7.72109877316088,-26.2738505929559,33.3566017177982));
#6568=CARTESIAN_POINT('Origin',(-15.2210987731609,-18.7738505929559,22.75));
#6569=CARTESIAN_POINT('',(-6.72109877316088,-27.2738505929559,34.7708152801713));
#6570=CARTESIAN_POINT('',(-7.72109877316088,-26.2738505929559,33.3566017177982));
#6571=CARTESIAN_POINT('',(-14.8871212787142,-19.1078280874026,39.7434375));
#6572=CARTESIAN_POINT('Origin',(-15.2210987731609,-18.7738505929559,22.75));
#6573=CARTESIAN_POINT('',(-15.5550762676076,-18.4398730985092,39.7434375));
#6574=CARTESIAN_POINT('Origin',(-15.2210987731609,-18.7738505929559,38.75));
#6575=CARTESIAN_POINT('',(-16.9450251056937,-17.0499242604231,39.5742728223243));
#6576=CARTESIAN_POINT('Origin',(-15.2210987731609,-18.7738505929559,22.75));
#6577=CARTESIAN_POINT('',(-16.9450251056937,-17.0499242604231,37.5923950617759));
#6578=CARTESIAN_POINT('',(-16.9450251056937,-17.0499242604231,37.5923950617759));
#6579=CARTESIAN_POINT('',(-16.9444098716668,-17.05053949445,37.5506890959689));
#6580=CARTESIAN_POINT('Origin',(-16.2379183245071,-17.7570310416096,37.5923950617759));
#6581=CARTESIAN_POINT('Origin',(-15.2210987731609,-18.7738505929559,22.75));
#6582=CARTESIAN_POINT('Origin',(-15.2210987731609,-18.7738505929559,22.75));
#6583=CARTESIAN_POINT('',(-14.9073855812214,-19.0875637848954,37.7434375));
#6584=CARTESIAN_POINT('',(-7.72109877316088,-26.2738505929559,33.3566017177982));
#6585=CARTESIAN_POINT('Origin',(-6.72109877316088,-27.2738505929559,34.7708152801713));
#6586=CARTESIAN_POINT('',(-6.72109877316088,-27.2738505929559,34.7708152801713));
#6587=CARTESIAN_POINT('Origin',(-15.2210987731609,-18.7738505929559,22.75));
#6588=CARTESIAN_POINT('',(-14.8871212787142,-19.1078280874026,39.7434375));
#6589=CARTESIAN_POINT('Origin',(-15.2210987731609,-18.7738505929559,38.75));
#6590=CARTESIAN_POINT('',(-15.5550762676076,-18.4398730985092,39.7434375));
#6591=CARTESIAN_POINT('Origin',(-15.2210987731609,-18.7738505929559,22.75));
#6592=CARTESIAN_POINT('',(-16.9450251056937,-17.0499242604231,39.5742728223243));
#6593=CARTESIAN_POINT('Origin',(-16.9450251056937,-17.0499242604231,37.5923950617759));
#6594=CARTESIAN_POINT('',(-16.9450251056937,-17.0499242604231,37.5923950617759));
#6595=CARTESIAN_POINT('Origin',(-16.2379183245071,-17.7570310416096,37.5923950617759));
#6596=CARTESIAN_POINT('',(-16.9444098716668,-17.05053949445,37.5506890959689));
#6597=CARTESIAN_POINT('Origin',(-15.2210987731609,-18.7738505929559,22.75));
#6598=CARTESIAN_POINT('',(-15.5348119651004,-18.4601374010164,37.7434375));
#6599=CARTESIAN_POINT('Origin',(-15.2210987731609,-18.7738505929559,38.75));
#6600=CARTESIAN_POINT('Origin',(-15.2210987731609,-18.7738505929559,22.75));
#6601=CARTESIAN_POINT('',(-15.9989162324661,-17.9960331336507,22.75));
#6602=CARTESIAN_POINT('Origin',(-6.33842338789547,-27.6565259782213,40.5));
#6603=CARTESIAN_POINT('',(-13.409491199761,-20.5854581663558,40.5));
#6604=CARTESIAN_POINT('',(-6.33842338789548,-27.6565259782213,40.5));
#6605=CARTESIAN_POINT('Origin',(-6.33842338789547,-27.6565259782213,30.5));
#6606=CARTESIAN_POINT('',(-6.33842338789547,-27.6565259782213,30.5));
#6607=CARTESIAN_POINT('Origin',(-12.3512970366281,-21.6436523294887,30.5));
#6608=CARTESIAN_POINT('',(-12.3512970366281,-21.6436523294887,30.5));
#6609=CARTESIAN_POINT('Origin',(-12.3512970366281,-21.6436523294887,22.1624848487387));
#6610=CARTESIAN_POINT('',(-12.3512970366281,-21.6436523294887,22.1624848487387));
#6611=CARTESIAN_POINT('Origin',(-13.7630445903542,-20.2319047757626,23.2));
#6612=CARTESIAN_POINT('Origin',(-13.4094911997609,-20.5854581663558,15.));
#6613=CARTESIAN_POINT('Origin',(-13.409491199761,-20.5854581663558,46.5));
#6614=CARTESIAN_POINT('',(-13.409491199761,-20.5854581663558,46.5));
#6615=CARTESIAN_POINT('Origin',(-13.409491199761,-20.5854581663558,40.5));
#6616=CARTESIAN_POINT('Origin',(-29.4562267464947,-8.57499617376222,0.));
#6617=CARTESIAN_POINT('',(-30.3562267464947,-8.57499617376222,15.));
#6618=CARTESIAN_POINT('Origin',(-29.4562267464947,-8.57499617376222,15.));
#6619=CARTESIAN_POINT('',(-30.3562267464947,-8.57499617376222,16.5));
#6620=CARTESIAN_POINT('',(-30.3562267464947,-8.57499617376222,0.));
#6621=CARTESIAN_POINT('Origin',(-29.4562267464947,-8.57499617376222,16.5));
#6622=CARTESIAN_POINT('Origin',(6.60621909401918,-8.57499617376221,0.));
#6623=CARTESIAN_POINT('',(5.70621909401917,-8.57499617376221,15.));
#6624=CARTESIAN_POINT('Origin',(6.60621909401918,-8.57499617376221,15.));
#6625=CARTESIAN_POINT('',(5.70621909401917,-8.57499617376221,16.5));
#6626=CARTESIAN_POINT('',(5.70621909401917,-8.57499617376221,0.));
#6627=CARTESIAN_POINT('Origin',(6.60621909401918,-8.57499617376221,16.5));
#6628=CARTESIAN_POINT('Origin',(-11.4250038262378,-26.6062190940192,0.));
#6629=CARTESIAN_POINT('',(-12.3250038262378,-26.6062190940192,15.));
#6630=CARTESIAN_POINT('Origin',(-11.4250038262378,-26.6062190940192,15.));
#6631=CARTESIAN_POINT('',(-12.3250038262378,-26.6062190940192,16.5));
#6632=CARTESIAN_POINT('',(-12.3250038262378,-26.6062190940192,0.));
#6633=CARTESIAN_POINT('Origin',(-11.4250038262378,-26.6062190940192,16.5));
#6634=CARTESIAN_POINT('Origin',(-11.4250038262378,9.45622674649475,0.));
#6635=CARTESIAN_POINT('',(-12.3250038262378,9.45622674649475,15.));
#6636=CARTESIAN_POINT('Origin',(-11.4250038262378,9.45622674649475,15.));
#6637=CARTESIAN_POINT('',(-12.3250038262378,9.45622674649475,16.5));
#6638=CARTESIAN_POINT('',(-12.3250038262378,9.45622674649475,0.));
#6639=CARTESIAN_POINT('Origin',(-11.4250038262378,9.45622674649475,16.5));
#6640=CARTESIAN_POINT('Origin',(10.5796899201942,-7.80508666461053,15.));
#6641=CARTESIAN_POINT('',(10.5796899201942,-7.80508666461053,16.5));
#6642=CARTESIAN_POINT('',(10.5796899201942,-7.80508666461053,15.));
#6643=CARTESIAN_POINT('',(10.5796899201942,-7.80508666461053,18.));
#6644=CARTESIAN_POINT('',(-12.0477270777753,-30.4325036625801,16.5));
#6645=CARTESIAN_POINT('',(10.5796899201942,-7.80508666461053,16.5));
#6646=CARTESIAN_POINT('',(-12.0477270777753,-30.4325036625801,15.));
#6647=CARTESIAN_POINT('',(-12.0477270777753,-30.4325036625801,18.));
#6648=CARTESIAN_POINT('',(10.5796899201942,-7.80508666461053,15.));
#6649=CARTESIAN_POINT('Origin',(-10.6335138315036,13.4081170870873,15.));
#6650=CARTESIAN_POINT('',(-10.6335138315036,13.4081170870873,15.));
#6651=CARTESIAN_POINT('',(10.5796899201942,-7.80508666461053,15.));
#6652=CARTESIAN_POINT('',(-33.2609308294731,-9.21929991088228,15.));
#6653=CARTESIAN_POINT('',(-12.0477270777753,-30.4325036625801,15.));
#6654=CARTESIAN_POINT('',(-10.6335138315036,13.4081170870873,15.));
#6655=CARTESIAN_POINT('Origin',(-10.6335138315036,13.4081170870873,16.5));
#6656=CARTESIAN_POINT('',(-10.6335138315036,13.4081170870873,16.5));
#6657=CARTESIAN_POINT('',(-10.6335138315036,13.4081170870873,15.));
#6658=CARTESIAN_POINT('',(-33.2609308294731,-9.21929991088227,16.5));
#6659=CARTESIAN_POINT('',(-33.2609308294731,-9.21929991088228,15.));
#6660=CARTESIAN_POINT('',(-10.6335138315036,13.4081170870873,16.5));
#6661=CARTESIAN_POINT('Origin',(10.5796899201942,-7.80508666461053,16.5));
#6662=CARTESIAN_POINT('',(-10.6335138315036,13.4081170870873,16.5));
#6663=CARTESIAN_POINT('',(-33.2609308294731,-9.21929991088227,16.5));
#6664=CARTESIAN_POINT('Origin',(-0.0269119556546715,2.80151521123836,15.75));
#6665=CARTESIAN_POINT('Origin',(-22.6543289536242,-19.8259017867312,15.75));
#6666=CARTESIAN_POINT('Origin',(-29.4562267464947,-8.57499617376222,0.));
#6667=CARTESIAN_POINT('',(-30.3562267464947,-8.57499617376222,-9.99999999999999));
#6668=CARTESIAN_POINT('Origin',(-29.4562267464947,-8.57499617376222,-9.99999999999999));
#6669=CARTESIAN_POINT('',(-30.3562267464947,-8.57499617376222,-8.49999999999999));
#6670=CARTESIAN_POINT('',(-30.3562267464947,-8.57499617376222,0.));
#6671=CARTESIAN_POINT('Origin',(-29.4562267464947,-8.57499617376222,-8.49999999999999));
#6672=CARTESIAN_POINT('Origin',(6.60621909401918,-8.57499617376221,0.));
#6673=CARTESIAN_POINT('',(5.70621909401917,-8.57499617376221,-9.99999999999999));
#6674=CARTESIAN_POINT('Origin',(6.60621909401918,-8.57499617376221,-9.99999999999999));
#6675=CARTESIAN_POINT('',(5.70621909401917,-8.57499617376221,-8.49999999999999));
#6676=CARTESIAN_POINT('',(5.70621909401917,-8.57499617376221,0.));
#6677=CARTESIAN_POINT('Origin',(6.60621909401918,-8.57499617376221,-8.49999999999999));
#6678=CARTESIAN_POINT('Origin',(-11.4250038262378,-26.6062190940192,0.));
#6679=CARTESIAN_POINT('',(-12.3250038262378,-26.6062190940192,-9.99999999999999));
#6680=CARTESIAN_POINT('Origin',(-11.4250038262378,-26.6062190940192,-9.99999999999999));
#6681=CARTESIAN_POINT('',(-12.3250038262378,-26.6062190940192,-8.49999999999999));
#6682=CARTESIAN_POINT('',(-12.3250038262378,-26.6062190940192,0.));
#6683=CARTESIAN_POINT('Origin',(-11.4250038262378,-26.6062190940192,-8.49999999999999));
#6684=CARTESIAN_POINT('Origin',(-11.4250038262378,9.45622674649475,0.));
#6685=CARTESIAN_POINT('',(-12.3250038262378,9.45622674649475,-9.99999999999999));
#6686=CARTESIAN_POINT('Origin',(-11.4250038262378,9.45622674649475,-9.99999999999999));
#6687=CARTESIAN_POINT('',(-12.3250038262378,9.45622674649475,-8.49999999999999));
#6688=CARTESIAN_POINT('',(-12.3250038262378,9.45622674649475,0.));
#6689=CARTESIAN_POINT('Origin',(-11.4250038262378,9.45622674649475,-8.49999999999999));
#6690=CARTESIAN_POINT('Origin',(10.5796899201943,-7.80508666461054,-9.99999999999999));
#6691=CARTESIAN_POINT('',(10.5796899201943,-7.80508666461054,-8.49999999999999));
#6692=CARTESIAN_POINT('',(10.5796899201943,-7.80508666461054,-9.99999999999999));
#6693=CARTESIAN_POINT('',(10.5796899201943,-7.80508666461054,-6.99999999999999));
#6694=CARTESIAN_POINT('',(-12.0477270777753,-30.4325036625801,-8.5));
#6695=CARTESIAN_POINT('',(10.5796899201943,-7.80508666461054,-8.49999999999999));
#6696=CARTESIAN_POINT('',(-12.0477270777753,-30.4325036625801,-10.));
#6697=CARTESIAN_POINT('',(-12.0477270777753,-30.4325036625801,-7.));
#6698=CARTESIAN_POINT('',(10.5796899201943,-7.80508666461054,-9.99999999999999));
#6699=CARTESIAN_POINT('Origin',(-10.6335138315035,13.4081170870872,-9.99999999999999));
#6700=CARTESIAN_POINT('',(-10.6335138315035,13.4081170870872,-9.99999999999999));
#6701=CARTESIAN_POINT('',(10.5796899201943,-7.80508666461054,-9.99999999999999));
#6702=CARTESIAN_POINT('',(-33.2609308294731,-9.21929991088228,-10.));
#6703=CARTESIAN_POINT('',(-12.0477270777753,-30.4325036625801,-10.));
#6704=CARTESIAN_POINT('',(-10.6335138315035,13.4081170870872,-9.99999999999999));
#6705=CARTESIAN_POINT('Origin',(-10.6335138315035,13.4081170870872,-8.49999999999999));
#6706=CARTESIAN_POINT('',(-10.6335138315035,13.4081170870873,-8.49999999999999));
#6707=CARTESIAN_POINT('',(-10.6335138315035,13.4081170870872,-9.99999999999999));
#6708=CARTESIAN_POINT('',(-33.2609308294731,-9.21929991088228,-8.5));
#6709=CARTESIAN_POINT('',(-33.2609308294731,-9.21929991088228,-10.));
#6710=CARTESIAN_POINT('',(-10.6335138315035,13.4081170870873,-8.49999999999999));
#6711=CARTESIAN_POINT('Origin',(10.5796899201943,-7.80508666461053,-8.49999999999999));
#6712=CARTESIAN_POINT('',(-10.6335138315035,13.4081170870873,-8.49999999999999));
#6713=CARTESIAN_POINT('',(-33.2609308294731,-9.21929991088228,-8.5));
#6714=CARTESIAN_POINT('Origin',(-0.0269119556546449,2.80151521123835,-9.24999999999999));
#6715=CARTESIAN_POINT('Origin',(-22.6543289536242,-19.8259017867312,-9.25));
#6716=UNCERTAINTY_MEASURE_WITH_UNIT(LENGTH_MEASURE(0.01),#6720,
'DISTANCE_ACCURACY_VALUE',
'Maximum model space distance between geometric entities at asserted c
onnectivities');
#6717=UNCERTAINTY_MEASURE_WITH_UNIT(LENGTH_MEASURE(0.01),#6720,
'DISTANCE_ACCURACY_VALUE',
'Maximum model space distance between geometric entities at asserted c
onnectivities');
#6718=(
GEOMETRIC_REPRESENTATION_CONTEXT(3)
GLOBAL_UNCERTAINTY_ASSIGNED_CONTEXT((#6716))
GLOBAL_UNIT_ASSIGNED_CONTEXT((#6720,#6721,#6722))
REPRESENTATION_CONTEXT('','3D')
);
#6719=(
GEOMETRIC_REPRESENTATION_CONTEXT(3)
GLOBAL_UNCERTAINTY_ASSIGNED_CONTEXT((#6717))
GLOBAL_UNIT_ASSIGNED_CONTEXT((#6720,#6721,#6722))
REPRESENTATION_CONTEXT('','3D')
);
#6720=(
LENGTH_UNIT()
NAMED_UNIT(*)
SI_UNIT(.MILLI.,.METRE.)
);
#6721=(
NAMED_UNIT(*)
PLANE_ANGLE_UNIT()
SI_UNIT($,.RADIAN.)
);
#6722=(
NAMED_UNIT(*)
SI_UNIT($,.STERADIAN.)
SOLID_ANGLE_UNIT()
);
#6723=SHAPE_DEFINITION_REPRESENTATION(#6724,#6725);
#6724=PRODUCT_DEFINITION_SHAPE('',$,#6727);
#6725=SHAPE_REPRESENTATION('',(#4188),#6718);
#6726=PRODUCT_DEFINITION_CONTEXT('part definition',#6731,'design');
#6727=PRODUCT_DEFINITION('2.2 inch quad','2.2 inch quad v7',#6728,#6726);
#6728=PRODUCT_DEFINITION_FORMATION('',$,#6733);
#6729=PRODUCT_RELATED_PRODUCT_CATEGORY('2.2 inch quad v7',
'2.2 inch quad v7',(#6733));
#6730=APPLICATION_PROTOCOL_DEFINITION('international standard',
'automotive_design',2009,#6731);
#6731=APPLICATION_CONTEXT(
'Core Data for Automotive Mechanical Design Process');
#6732=PRODUCT_CONTEXT('part definition',#6731,'mechanical');
#6733=PRODUCT('2.2 inch quad','2.2 inch quad v7',$,(#6732));
#6734=PRESENTATION_STYLE_ASSIGNMENT((#6735));
#6735=SURFACE_STYLE_USAGE(.BOTH.,#6736);
#6736=SURFACE_SIDE_STYLE('',(#6737));
#6737=SURFACE_STYLE_FILL_AREA(#6738);
#6738=FILL_AREA_STYLE('Steel - Satin',(#6739));
#6739=FILL_AREA_STYLE_COLOUR('Steel - Satin',#6740);
#6740=COLOUR_RGB('Steel - Satin',0.627450980392157,0.627450980392157,0.627450980392157);
ENDSEC;
END-ISO-10303-21;
